model,n_subjects,n_items,item_correlation,cell,method,cohort,attempted,planned,parameter,role,replicates,parameters_per_replicate,bias,mcse_bias,mae,mcse_mae,mse,mcse_mse,rmse,mcse_rmse,mean_rep_rmse,mcse_mean_rep_rmse,mean_spearman,mcse_mean_spearman,bias_centering_constraint
1pl,100,10000,0.0,1pl_n100_p10000_rho+0.0,jml,all_returned,5,5,theta,estimated,5,100,0.0005226606082510684,0.0011448539294992752,0.02170455121086812,0.0012256658908836348,0.0007914539276868352,0.00010945563198231343,0.028132790968669198,0.001945339019228691,0.02788471707217676,0.0018638992389269147,0.9994167416741673,7.065435837761727e-05,False
1pl,100,10000,0.0,1pl_n100_p10000_rho+0.0,jml,all_returned,5,5,b,estimated,5,10000,-4.9649173661237e-18,9.655467626975004e-18,0.187478540625232,0.0006780479803681808,0.055387959486557246,0.00033157255392161753,0.23534646690901745,0.0007044349513217891,0.23534223507553026,0.0007056692233438845,0.954898713539387,0.0006997990362831787,True
1pl,100,10000,0.0,1pl_n100_p10000_rho+0.0,jml,all_returned,5,5,log_a,fixed,5,10000,0.0,0.0,0.0,0.0,0.0,0.0,0.0,0.0,0.0,0.0,,,True
1pl,100,10000,0.0,1pl_n100_p10000_rho+0.0,jml,all_returned,5,5,a,fixed,5,10000,0.0,0.0,0.0,0.0,0.0,0.0,0.0,0.0,0.0,0.0,,,False
1pl,100,10000,0.0,1pl_n100_p10000_rho+0.0,jml,rule_stable,5,5,theta,estimated,5,100,0.0005226606082510684,0.0011448539294992752,0.02170455121086812,0.0012256658908836348,0.0007914539276868352,0.00010945563198231343,0.028132790968669198,0.001945339019228691,0.02788471707217676,0.0018638992389269147,0.9994167416741673,7.065435837761727e-05,False
1pl,100,10000,0.0,1pl_n100_p10000_rho+0.0,jml,rule_stable,5,5,b,estimated,5,10000,-4.9649173661237e-18,9.655467626975004e-18,0.187478540625232,0.0006780479803681808,0.055387959486557246,0.00033157255392161753,0.23534646690901745,0.0007044349513217891,0.23534223507553026,0.0007056692233438845,0.954898713539387,0.0006997990362831787,True
1pl,100,10000,0.0,1pl_n100_p10000_rho+0.0,jml,rule_stable,5,5,log_a,fixed,5,10000,0.0,0.0,0.0,0.0,0.0,0.0,0.0,0.0,0.0,0.0,,,True
1pl,100,10000,0.0,1pl_n100_p10000_rho+0.0,jml,rule_stable,5,5,a,fixed,5,10000,0.0,0.0,0.0,0.0,0.0,0.0,0.0,0.0,0.0,0.0,,,False
1pl,100,10000,0.0,1pl_n100_p10000_rho+0.0,tbaem_d,all_returned,5,5,theta,estimated,5,100,0.0009121670881364101,0.0009914208573463445,0.01939096382821919,0.0008362302623323069,0.0006055013315388851,5.643058696750976e-05,0.02460693665491268,0.001146639822723395,0.02450656746504614,0.0011101219099751106,0.9994167416741673,7.065435837761727e-05,False
1pl,100,10000,0.0,1pl_n100_p10000_rho+0.0,tbaem_d,all_returned,5,5,b,estimated,5,10000,9.041656312547276e-18,2.5998607232495586e-18,0.18708899082138544,0.0006333143289683809,0.05508200910361542,0.00032081862980217174,0.23469556685974158,0.0006834782482148436,0.23469157230544138,0.0006846518120935791,0.9548989623761897,0.0007002305229449031,True
1pl,100,10000,0.0,1pl_n100_p10000_rho+0.0,tbaem_d,all_returned,5,5,log_a,fixed,5,10000,0.0,0.0,0.0,0.0,0.0,0.0,0.0,0.0,0.0,0.0,,,True
1pl,100,10000,0.0,1pl_n100_p10000_rho+0.0,tbaem_d,all_returned,5,5,a,fixed,5,10000,0.0,0.0,0.0,0.0,0.0,0.0,0.0,0.0,0.0,0.0,,,False
1pl,100,10000,0.0,1pl_n100_p10000_rho+0.0,tbaem_d,rule_stable,5,5,theta,estimated,5,100,0.0009121670881364101,0.0009914208573463445,0.01939096382821919,0.0008362302623323069,0.0006055013315388851,5.643058696750976e-05,0.02460693665491268,0.001146639822723395,0.02450656746504614,0.0011101219099751106,0.9994167416741673,7.065435837761727e-05,False
1pl,100,10000,0.0,1pl_n100_p10000_rho+0.0,tbaem_d,rule_stable,5,5,b,estimated,5,10000,9.041656312547276e-18,2.5998607232495586e-18,0.18708899082138544,0.0006333143289683809,0.05508200910361542,0.00032081862980217174,0.23469556685974158,0.0006834782482148436,0.23469157230544138,0.0006846518120935791,0.9548989623761897,0.0007002305229449031,True
1pl,100,10000,0.0,1pl_n100_p10000_rho+0.0,tbaem_d,rule_stable,5,5,log_a,fixed,5,10000,0.0,0.0,0.0,0.0,0.0,0.0,0.0,0.0,0.0,0.0,,,True
1pl,100,10000,0.0,1pl_n100_p10000_rho+0.0,tbaem_d,rule_stable,5,5,a,fixed,5,10000,0.0,0.0,0.0,0.0,0.0,0.0,0.0,0.0,0.0,0.0,,,False
1pl,100,10000,0.0,1pl_n100_p10000_rho+0.0,vi,all_returned,5,5,theta,estimated,5,100,0.0027229586561181036,0.0008678254337788248,0.024142185359530968,0.000754342016545445,0.0009434003155500498,4.381296629217534e-05,0.03071482240791976,0.0007132218723309018,0.030680380271211293,0.0007270801131784891,0.9994023402340233,7.032744229936213e-05,False
1pl,100,10000,0.0,1pl_n100_p10000_rho+0.0,vi,all_returned,5,5,b,estimated,5,10000,-7.362999099314039e-18,5.897471266261474e-18,0.1940790481894734,0.0005358952267331481,0.05955476597184193,0.0002505925964413494,0.24403845183053002,0.0005134285080110466,0.24403628828707236,0.0005138022262626548,0.9548755270244753,0.0006948709968175309,True
1pl,100,10000,0.0,1pl_n100_p10000_rho+0.0,vi,all_returned,5,5,log_a,fixed,5,10000,0.0,0.0,0.0,0.0,0.0,0.0,0.0,0.0,0.0,0.0,,,True
1pl,100,10000,0.0,1pl_n100_p10000_rho+0.0,vi,all_returned,5,5,a,fixed,5,10000,0.0,0.0,0.0,0.0,0.0,0.0,0.0,0.0,0.0,0.0,,,False
1pl,100,10000,0.0,1pl_n100_p10000_rho+0.0,vi,rule_stable,5,5,theta,estimated,5,100,0.0027229586561181036,0.0008678254337788248,0.024142185359530968,0.000754342016545445,0.0009434003155500498,4.381296629217534e-05,0.03071482240791976,0.0007132218723309018,0.030680380271211293,0.0007270801131784891,0.9994023402340233,7.032744229936213e-05,False
1pl,100,10000,0.0,1pl_n100_p10000_rho+0.0,vi,rule_stable,5,5,b,estimated,5,10000,-7.362999099314039e-18,5.897471266261474e-18,0.1940790481894734,0.0005358952267331481,0.05955476597184193,0.0002505925964413494,0.24403845183053002,0.0005134285080110466,0.24403628828707236,0.0005138022262626548,0.9548755270244753,0.0006948709968175309,True
1pl,100,10000,0.0,1pl_n100_p10000_rho+0.0,vi,rule_stable,5,5,log_a,fixed,5,10000,0.0,0.0,0.0,0.0,0.0,0.0,0.0,0.0,0.0,0.0,,,True
1pl,100,10000,0.0,1pl_n100_p10000_rho+0.0,vi,rule_stable,5,5,a,fixed,5,10000,0.0,0.0,0.0,0.0,0.0,0.0,0.0,0.0,0.0,0.0,,,False
1pl,100,1000,0.0,1pl_n100_p1000_rho+0.0,jml,all_returned,5,5,theta,estimated,5,100,0.0006574056097556832,0.003907005309542112,0.06185412091795543,0.0025983574196542236,0.005930837820930632,0.00038616294204216385,0.07701193297749792,0.002507163027286931,0.07684845331502216,0.0025076405254488465,0.9961764176417642,0.0004644728031215896,False
1pl,100,1000,0.0,1pl_n100_p1000_rho+0.0,jml,all_returned,5,5,b,estimated,5,1000,-1.1368683772161604e-17,7.781831878760358e-18,0.18904287502689185,0.00117396453809772,0.056070724813607274,0.0007132394862637483,0.2367925776151087,0.0015060427430776016,0.23677354711662849,0.0015010162738111467,0.955758218958219,0.00072856340438738,True
1pl,100,1000,0.0,1pl_n100_p1000_rho+0.0,jml,all_returned,5,5,log_a,fixed,5,1000,0.0,0.0,0.0,0.0,0.0,0.0,0.0,0.0,0.0,0.0,,,True
1pl,100,1000,0.0,1pl_n100_p1000_rho+0.0,jml,all_returned,5,5,a,fixed,5,1000,0.0,0.0,0.0,0.0,0.0,0.0,0.0,0.0,0.0,0.0,,,False
1pl,100,1000,0.0,1pl_n100_p1000_rho+0.0,jml,rule_stable,5,5,theta,estimated,5,100,0.0006574056097556832,0.003907005309542112,0.06185412091795543,0.0025983574196542236,0.005930837820930632,0.00038616294204216385,0.07701193297749792,0.002507163027286931,0.07684845331502216,0.0025076405254488465,0.9961764176417642,0.0004644728031215896,False
1pl,100,1000,0.0,1pl_n100_p1000_rho+0.0,jml,rule_stable,5,5,b,estimated,5,1000,-1.1368683772161604e-17,7.781831878760358e-18,0.18904287502689185,0.00117396453809772,0.056070724813607274,0.0007132394862637483,0.2367925776151087,0.0015060427430776016,0.23677354711662849,0.0015010162738111467,0.955758218958219,0.00072856340438738,True
1pl,100,1000,0.0,1pl_n100_p1000_rho+0.0,jml,rule_stable,5,5,log_a,fixed,5,1000,0.0,0.0,0.0,0.0,0.0,0.0,0.0,0.0,0.0,0.0,,,True
1pl,100,1000,0.0,1pl_n100_p1000_rho+0.0,jml,rule_stable,5,5,a,fixed,5,1000,0.0,0.0,0.0,0.0,0.0,0.0,0.0,0.0,0.0,0.0,,,False
1pl,100,1000,0.0,1pl_n100_p1000_rho+0.0,tbaem_d,all_returned,5,5,theta,estimated,5,100,0.000795290425975408,0.0032536596191905256,0.0614162647380634,0.002713397035871808,0.00604190608854996,0.00045624324395208667,0.07772969888369542,0.0029348064543177348,0.07749966803130223,0.002987789466642131,0.9961980198019802,0.0004605772293063621,False
1pl,100,1000,0.0,1pl_n100_p1000_rho+0.0,tbaem_d,all_returned,5,5,b,estimated,5,1000,-7.727152251391089e-18,1.1207953004335532e-17,0.18887826524592813,0.0010411972816292243,0.05592588287568009,0.0006442730472509499,0.236486538466104,0.00136217700049615,0.23647093659587393,0.0013582176878412361,0.9557565437565436,0.00073469996977675,True
1pl,100,1000,0.0,1pl_n100_p1000_rho+0.0,tbaem_d,all_returned,5,5,log_a,fixed,5,1000,0.0,0.0,0.0,0.0,0.0,0.0,0.0,0.0,0.0,0.0,,,True
1pl,100,1000,0.0,1pl_n100_p1000_rho+0.0,tbaem_d,all_returned,5,5,a,fixed,5,1000,0.0,0.0,0.0,0.0,0.0,0.0,0.0,0.0,0.0,0.0,,,False
1pl,100,1000,0.0,1pl_n100_p1000_rho+0.0,tbaem_d,rule_stable,5,5,theta,estimated,5,100,0.000795290425975408,0.0032536596191905256,0.0614162647380634,0.002713397035871808,0.00604190608854996,0.00045624324395208667,0.07772969888369542,0.0029348064543177348,0.07749966803130223,0.002987789466642131,0.9961980198019802,0.0004605772293063621,False
1pl,100,1000,0.0,1pl_n100_p1000_rho+0.0,tbaem_d,rule_stable,5,5,b,estimated,5,1000,-7.727152251391089e-18,1.1207953004335532e-17,0.18887826524592813,0.0010411972816292243,0.05592588287568009,0.0006442730472509499,0.236486538466104,0.00136217700049615,0.23647093659587393,0.0013582176878412361,0.9557565437565436,0.00073469996977675,True
1pl,100,1000,0.0,1pl_n100_p1000_rho+0.0,tbaem_d,rule_stable,5,5,log_a,fixed,5,1000,0.0,0.0,0.0,0.0,0.0,0.0,0.0,0.0,0.0,0.0,,,True
1pl,100,1000,0.0,1pl_n100_p1000_rho+0.0,tbaem_d,rule_stable,5,5,a,fixed,5,1000,0.0,0.0,0.0,0.0,0.0,0.0,0.0,0.0,0.0,0.0,,,False
1pl,100,1000,0.0,1pl_n100_p1000_rho+0.0,vi,all_returned,5,5,theta,estimated,5,100,9.77911790533614e-05,0.002893088478895167,0.062386360339021965,0.003000319488898259,0.006242480567434286,0.0005065617435183673,0.07900937012427252,0.0032057067580820147,0.07874989303987026,0.003199019914101806,0.996214821482148,0.00047819323653477703,False
1pl,100,1000,0.0,1pl_n100_p1000_rho+0.0,vi,all_returned,5,5,b,estimated,5,1000,-3.019806626980426e-18,9.103720486840503e-18,0.19492268537536847,0.0018558233102351778,0.05997364723690921,0.0008148720816657758,0.24489517601804495,0.001663716074190315,0.24487261295255536,0.0016621268526529171,0.9557531573531574,0.000749513324888632,True
1pl,100,1000,0.0,1pl_n100_p1000_rho+0.0,vi,all_returned,5,5,log_a,fixed,5,1000,0.0,0.0,0.0,0.0,0.0,0.0,0.0,0.0,0.0,0.0,,,True
1pl,100,1000,0.0,1pl_n100_p1000_rho+0.0,vi,all_returned,5,5,a,fixed,5,1000,0.0,0.0,0.0,0.0,0.0,0.0,0.0,0.0,0.0,0.0,,,False
1pl,100,1000,0.0,1pl_n100_p1000_rho+0.0,vi,rule_stable,5,5,theta,estimated,5,100,9.77911790533614e-05,0.002893088478895167,0.062386360339021965,0.003000319488898259,0.006242480567434286,0.0005065617435183673,0.07900937012427252,0.0032057067580820147,0.07874989303987026,0.003199019914101806,0.996214821482148,0.00047819323653477703,False
1pl,100,1000,0.0,1pl_n100_p1000_rho+0.0,vi,rule_stable,5,5,b,estimated,5,1000,-3.019806626980426e-18,9.103720486840503e-18,0.19492268537536847,0.0018558233102351778,0.05997364723690921,0.0008148720816657758,0.24489517601804495,0.001663716074190315,0.24487261295255536,0.0016621268526529171,0.9557531573531574,0.000749513324888632,True
1pl,100,1000,0.0,1pl_n100_p1000_rho+0.0,vi,rule_stable,5,5,log_a,fixed,5,1000,0.0,0.0,0.0,0.0,0.0,0.0,0.0,0.0,0.0,0.0,,,True
1pl,100,1000,0.0,1pl_n100_p1000_rho+0.0,vi,rule_stable,5,5,a,fixed,5,1000,0.0,0.0,0.0,0.0,0.0,0.0,0.0,0.0,0.0,0.0,,,False
1pl,20,10000,0.0,1pl_n20_p10000_rho+0.0,jml,all_returned,5,5,theta,estimated,5,20,-0.0008955965388566647,0.003869447143011157,0.027646855797078408,0.0013396203840042784,0.0011952504743822727,0.0001072377613647555,0.03457239468683465,0.0015509160174778434,0.03442719542684313,0.0015826156690921657,0.9960902255639097,0.001473377288892141,False
1pl,20,10000,0.0,1pl_n20_p10000_rho+0.0,jml,all_returned,5,5,b,estimated,5,10000,7.647216193618078e-18,6.25778899310026e-18,0.4038872448173952,0.0034916633675782086,0.2605041699522167,0.004495285646856038,0.5103960912391637,0.004403722642097602,0.5103215553522372,0.004361195222934438,0.8207437297052443,0.0028506060818823545,True
1pl,20,10000,0.0,1pl_n20_p10000_rho+0.0,jml,all_returned,5,5,log_a,fixed,5,10000,0.0,0.0,0.0,0.0,0.0,0.0,0.0,0.0,0.0,0.0,,,True
1pl,20,10000,0.0,1pl_n20_p10000_rho+0.0,jml,all_returned,5,5,a,fixed,5,10000,0.0,0.0,0.0,0.0,0.0,0.0,0.0,0.0,0.0,0.0,,,False
1pl,20,10000,0.0,1pl_n20_p10000_rho+0.0,jml,rule_stable,5,5,theta,estimated,5,20,-0.0008955965388566647,0.003869447143011157,0.027646855797078408,0.0013396203840042784,0.0011952504743822727,0.0001072377613647555,0.03457239468683465,0.0015509160174778434,0.03442719542684313,0.0015826156690921657,0.9960902255639097,0.001473377288892141,False
1pl,20,10000,0.0,1pl_n20_p10000_rho+0.0,jml,rule_stable,5,5,b,estimated,5,10000,7.647216193618078e-18,6.25778899310026e-18,0.4038872448173952,0.0034916633675782086,0.2605041699522167,0.004495285646856038,0.5103960912391637,0.004403722642097602,0.5103215553522372,0.004361195222934438,0.8207437297052443,0.0028506060818823545,True
1pl,20,10000,0.0,1pl_n20_p10000_rho+0.0,jml,rule_stable,5,5,log_a,fixed,5,10000,0.0,0.0,0.0,0.0,0.0,0.0,0.0,0.0,0.0,0.0,,,True
1pl,20,10000,0.0,1pl_n20_p10000_rho+0.0,jml,rule_stable,5,5,a,fixed,5,10000,0.0,0.0,0.0,0.0,0.0,0.0,0.0,0.0,0.0,0.0,,,False
1pl,20,10000,0.0,1pl_n20_p10000_rho+0.0,tbaem_d,all_returned,5,5,theta,estimated,5,20,0.0006357068415354887,0.0018506640773678959,0.020871667769397785,0.0018561677017789604,0.0006545561473254619,0.00011068060462640854,0.025584294935085898,0.0021630575497045045,0.0252291335302962,0.0021240861938693636,0.9960902255639097,0.001473377288892141,False
1pl,20,10000,0.0,1pl_n20_p10000_rho+0.0,tbaem_d,all_returned,5,5,b,estimated,5,10000,-7.8159700933610975e-19,5.052665846770838e-18,0.3589849882959125,0.00266889326871504,0.20514669771923671,0.002884214899755489,0.45293122846546663,0.003183943519998857,0.45288723550619087,0.003156328357311854,0.8208092149163132,0.0028764455855217206,True
1pl,20,10000,0.0,1pl_n20_p10000_rho+0.0,tbaem_d,all_returned,5,5,log_a,fixed,5,10000,0.0,0.0,0.0,0.0,0.0,0.0,0.0,0.0,0.0,0.0,,,True
1pl,20,10000,0.0,1pl_n20_p10000_rho+0.0,tbaem_d,all_returned,5,5,a,fixed,5,10000,0.0,0.0,0.0,0.0,0.0,0.0,0.0,0.0,0.0,0.0,,,False
1pl,20,10000,0.0,1pl_n20_p10000_rho+0.0,tbaem_d,rule_stable,5,5,theta,estimated,5,20,0.0006357068415354887,0.0018506640773678959,0.020871667769397785,0.0018561677017789604,0.0006545561473254619,0.00011068060462640854,0.025584294935085898,0.0021630575497045045,0.0252291335302962,0.0021240861938693636,0.9960902255639097,0.001473377288892141,False
1pl,20,10000,0.0,1pl_n20_p10000_rho+0.0,tbaem_d,rule_stable,5,5,b,estimated,5,10000,-7.8159700933610975e-19,5.052665846770838e-18,0.3589849882959125,0.00266889326871504,0.20514669771923671,0.002884214899755489,0.45293122846546663,0.003183943519998857,0.45288723550619087,0.003156328357311854,0.8208092149163132,0.0028764455855217206,True
1pl,20,10000,0.0,1pl_n20_p10000_rho+0.0,tbaem_d,rule_stable,5,5,log_a,fixed,5,10000,0.0,0.0,0.0,0.0,0.0,0.0,0.0,0.0,0.0,0.0,,,True
1pl,20,10000,0.0,1pl_n20_p10000_rho+0.0,tbaem_d,rule_stable,5,5,a,fixed,5,10000,0.0,0.0,0.0,0.0,0.0,0.0,0.0,0.0,0.0,0.0,,,False
1pl,20,10000,0.0,1pl_n20_p10000_rho+0.0,vi,all_returned,5,5,theta,estimated,5,20,-0.0022421001639361523,0.008210585913602918,0.057826732807831946,0.004213229108320676,0.005118142319131642,0.0007625517518613028,0.07154119316262235,0.005329459281786959,0.07084191196472231,0.004989133900642863,0.9960902255639097,0.001473377288892141,False
1pl,20,10000,0.0,1pl_n20_p10000_rho+0.0,vi,all_returned,5,5,b,estimated,5,10000,9.76996261670141e-20,7.794093315738847e-18,0.41069161073311805,0.0033148717087442044,0.26935875735410975,0.004322304893563056,0.5189978394503293,0.004164087559729353,0.5189321945019104,0.004127192252039406,0.820702257424809,0.002865892899964849,True
1pl,20,10000,0.0,1pl_n20_p10000_rho+0.0,vi,all_returned,5,5,log_a,fixed,5,10000,0.0,0.0,0.0,0.0,0.0,0.0,0.0,0.0,0.0,0.0,,,True
1pl,20,10000,0.0,1pl_n20_p10000_rho+0.0,vi,all_returned,5,5,a,fixed,5,10000,0.0,0.0,0.0,0.0,0.0,0.0,0.0,0.0,0.0,0.0,,,False
1pl,20,10000,0.0,1pl_n20_p10000_rho+0.0,vi,rule_stable,5,5,theta,estimated,5,20,-0.0022421001639361523,0.008210585913602918,0.057826732807831946,0.004213229108320676,0.005118142319131642,0.0007625517518613028,0.07154119316262235,0.005329459281786959,0.07084191196472231,0.004989133900642863,0.9960902255639097,0.001473377288892141,False
1pl,20,10000,0.0,1pl_n20_p10000_rho+0.0,vi,rule_stable,5,5,b,estimated,5,10000,9.76996261670141e-20,7.794093315738847e-18,0.41069161073311805,0.0033148717087442044,0.26935875735410975,0.004322304893563056,0.5189978394503293,0.004164087559729353,0.5189321945019104,0.004127192252039406,0.820702257424809,0.002865892899964849,True
1pl,20,10000,0.0,1pl_n20_p10000_rho+0.0,vi,rule_stable,5,5,log_a,fixed,5,10000,0.0,0.0,0.0,0.0,0.0,0.0,0.0,0.0,0.0,0.0,,,True
1pl,20,10000,0.0,1pl_n20_p10000_rho+0.0,vi,rule_stable,5,5,a,fixed,5,10000,0.0,0.0,0.0,0.0,0.0,0.0,0.0,0.0,0.0,0.0,,,False
1pl,20,1000,0.0,1pl_n20_p1000_rho+0.0,jml,all_returned,5,5,theta,estimated,5,20,0.0043650105461238275,0.008229091038942529,0.067375700946123,0.0027816860813562757,0.0069612197688305524,0.0008177964361667634,0.08343392456807094,0.00490086281090344,0.08282724873917141,0.005021619139530082,0.9933834586466166,0.0031037244271504495,False
1pl,20,1000,0.0,1pl_n20_p1000_rho+0.0,jml,all_returned,5,5,b,estimated,5,1000,-1.367794766338193e-17,6.088072735423686e-18,0.4088932698429916,0.006092752723964282,0.2679254103952447,0.006872434926363679,0.5176151180126453,0.006638556996509312,0.5174409979579729,0.0067123771404351135,0.8199068478639943,0.0046175309703154485,True
1pl,20,1000,0.0,1pl_n20_p1000_rho+0.0,jml,all_returned,5,5,log_a,fixed,5,1000,0.0,0.0,0.0,0.0,0.0,0.0,0.0,0.0,0.0,0.0,,,True
1pl,20,1000,0.0,1pl_n20_p1000_rho+0.0,jml,all_returned,5,5,a,fixed,5,1000,0.0,0.0,0.0,0.0,0.0,0.0,0.0,0.0,0.0,0.0,,,False
1pl,20,1000,0.0,1pl_n20_p1000_rho+0.0,jml,rule_stable,5,5,theta,estimated,5,20,0.0043650105461238275,0.008229091038942529,0.067375700946123,0.0027816860813562757,0.0069612197688305524,0.0008177964361667634,0.08343392456807094,0.00490086281090344,0.08282724873917141,0.005021619139530082,0.9933834586466166,0.0031037244271504495,False
1pl,20,1000,0.0,1pl_n20_p1000_rho+0.0,jml,rule_stable,5,5,b,estimated,5,1000,-1.367794766338193e-17,6.088072735423686e-18,0.4088932698429916,0.006092752723964282,0.2679254103952447,0.006872434926363679,0.5176151180126453,0.006638556996509312,0.5174409979579729,0.0067123771404351135,0.8199068478639943,0.0046175309703154485,True
1pl,20,1000,0.0,1pl_n20_p1000_rho+0.0,jml,rule_stable,5,5,log_a,fixed,5,1000,0.0,0.0,0.0,0.0,0.0,0.0,0.0,0.0,0.0,0.0,,,True
1pl,20,1000,0.0,1pl_n20_p1000_rho+0.0,jml,rule_stable,5,5,a,fixed,5,1000,0.0,0.0,0.0,0.0,0.0,0.0,0.0,0.0,0.0,0.0,,,False
1pl,20,1000,0.0,1pl_n20_p1000_rho+0.0,tbaem_d,all_returned,5,5,theta,estimated,5,20,-0.0028538650879465347,0.008950196817281134,0.06042237136684194,0.005104866942219792,0.0060963089234400995,0.0010325331088850928,0.07807886348711858,0.006612116664937366,0.07672726555856488,0.007232489947202903,0.9933834586466166,0.0031037244271504495,False
1pl,20,1000,0.0,1pl_n20_p1000_rho+0.0,tbaem_d,all_returned,5,5,b,estimated,5,1000,-1.998401444325282e-18,5.6853826248926256e-18,0.3577808698010017,0.0033046360478336772,0.20481199049525728,0.0047780025989767275,0.4525615875162819,0.005278842405957431,0.45243921187629654,0.005261892530565949,0.8198868730443951,0.0047599330233423715,True
1pl,20,1000,0.0,1pl_n20_p1000_rho+0.0,tbaem_d,all_returned,5,5,log_a,fixed,5,1000,0.0,0.0,0.0,0.0,0.0,0.0,0.0,0.0,0.0,0.0,,,True
1pl,20,1000,0.0,1pl_n20_p1000_rho+0.0,tbaem_d,all_returned,5,5,a,fixed,5,1000,0.0,0.0,0.0,0.0,0.0,0.0,0.0,0.0,0.0,0.0,,,False
1pl,20,1000,0.0,1pl_n20_p1000_rho+0.0,tbaem_d,rule_stable,5,5,theta,estimated,5,20,-0.0028538650879465347,0.008950196817281134,0.06042237136684194,0.005104866942219792,0.0060963089234400995,0.0010325331088850928,0.07807886348711858,0.006612116664937366,0.07672726555856488,0.007232489947202903,0.9933834586466166,0.0031037244271504495,False
1pl,20,1000,0.0,1pl_n20_p1000_rho+0.0,tbaem_d,rule_stable,5,5,b,estimated,5,1000,-1.998401444325282e-18,5.6853826248926256e-18,0.3577808698010017,0.0033046360478336772,0.20481199049525728,0.0047780025989767275,0.4525615875162819,0.005278842405957431,0.45243921187629654,0.005261892530565949,0.8198868730443951,0.0047599330233423715,True
1pl,20,1000,0.0,1pl_n20_p1000_rho+0.0,tbaem_d,rule_stable,5,5,log_a,fixed,5,1000,0.0,0.0,0.0,0.0,0.0,0.0,0.0,0.0,0.0,0.0,,,True
1pl,20,1000,0.0,1pl_n20_p1000_rho+0.0,tbaem_d,rule_stable,5,5,a,fixed,5,1000,0.0,0.0,0.0,0.0,0.0,0.0,0.0,0.0,0.0,0.0,,,False
1pl,20,1000,0.0,1pl_n20_p1000_rho+0.0,vi,all_returned,5,5,theta,estimated,5,20,0.010602606847265949,0.010590746462223358,0.0826629054606047,0.00314735388619932,0.011125896273688134,0.0013244501344325738,0.10547936420783041,0.006278242878971825,0.10466524906908796,0.006539914200391234,0.9933834586466166,0.0031037244271504495,False
1pl,20,1000,0.0,1pl_n20_p1000_rho+0.0,vi,all_returned,5,5,b,estimated,5,1000,-9.947598300641404e-18,6.846179276334093e-18,0.4146500459056087,0.006267698316535315,0.27536853486229124,0.007046430879403174,0.5247556906430756,0.006714010924557998,0.5245799162049705,0.006790551830989587,0.8199116487116488,0.004651393371113689,True
1pl,20,1000,0.0,1pl_n20_p1000_rho+0.0,vi,all_returned,5,5,log_a,fixed,5,1000,0.0,0.0,0.0,0.0,0.0,0.0,0.0,0.0,0.0,0.0,,,True
1pl,20,1000,0.0,1pl_n20_p1000_rho+0.0,vi,all_returned,5,5,a,fixed,5,1000,0.0,0.0,0.0,0.0,0.0,0.0,0.0,0.0,0.0,0.0,,,False
1pl,20,1000,0.0,1pl_n20_p1000_rho+0.0,vi,rule_stable,5,5,theta,estimated,5,20,0.010602606847265949,0.010590746462223358,0.0826629054606047,0.00314735388619932,0.011125896273688134,0.0013244501344325738,0.10547936420783041,0.006278242878971825,0.10466524906908796,0.006539914200391234,0.9933834586466166,0.0031037244271504495,False
1pl,20,1000,0.0,1pl_n20_p1000_rho+0.0,vi,rule_stable,5,5,b,estimated,5,1000,-9.947598300641404e-18,6.846179276334093e-18,0.4146500459056087,0.006267698316535315,0.27536853486229124,0.007046430879403174,0.5247556906430756,0.006714010924557998,0.5245799162049705,0.006790551830989587,0.8199116487116488,0.004651393371113689,True
1pl,20,1000,0.0,1pl_n20_p1000_rho+0.0,vi,rule_stable,5,5,log_a,fixed,5,1000,0.0,0.0,0.0,0.0,0.0,0.0,0.0,0.0,0.0,0.0,,,True
1pl,20,1000,0.0,1pl_n20_p1000_rho+0.0,vi,rule_stable,5,5,a,fixed,5,1000,0.0,0.0,0.0,0.0,0.0,0.0,0.0,0.0,0.0,0.0,,,False
2pl,100,10000,-0.4,2pl_n100_p10000_rho-0.4,jml,all_returned,4,5,theta,estimated,4,100,0.01595055442812392,0.0029390704180492426,0.030229640484025242,0.0007801773419668897,0.0017629130054165878,0.0001940328044802524,0.04198705759417523,0.00231062636438675,0.0418048411590156,0.0022559743708697017,0.9994449444944492,3.226775838563293e-05,False
2pl,100,10000,-0.4,2pl_n100_p10000_rho-0.4,jml,all_returned,4,5,b,estimated,4,10000,1.5321077739827156e-18,1.3186352755735976e-17,0.22697895043607116,0.002363721134961864,0.08835993949012515,0.001617306798878448,0.29725399827441373,0.0027204121866603306,0.2972171329267356,0.0027028000873371935,0.9418207336272074,0.0006398809996390694,True
2pl,100,10000,-0.4,2pl_n100_p10000_rho-0.4,jml,all_returned,4,5,log_a,estimated,4,10000,-1.056932319443149e-17,1.5980877916829257e-17,0.2229408584120564,0.006979248255674832,0.07960393009793648,0.00506682715465851,0.2821416844387523,0.008979224684111546,0.28173470404606304,0.008746173144367255,0.7479504123215042,0.011439665040278844,True
2pl,100,10000,-0.4,2pl_n100_p10000_rho-0.4,jml,all_returned,4,5,a,estimated,4,10000,0.03285222943000689,0.002323060182136523,0.2330791057369529,0.0074801241327470906,0.10023756948556073,0.00752997500005947,0.31660317352414635,0.011891818575667533,0.31596975790948245,0.011556838843786625,0.7479504123215042,0.011439665040278844,False
2pl,100,10000,-0.4,2pl_n100_p10000_rho-0.4,jml,rule_stable,4,5,theta,estimated,4,100,0.01595055442812392,0.0029390704180492426,0.030229640484025242,0.0007801773419668897,0.0017629130054165878,0.0001940328044802524,0.04198705759417523,0.00231062636438675,0.0418048411590156,0.0022559743708697017,0.9994449444944492,3.226775838563293e-05,False
2pl,100,10000,-0.4,2pl_n100_p10000_rho-0.4,jml,rule_stable,4,5,b,estimated,4,10000,1.5321077739827156e-18,1.3186352755735976e-17,0.22697895043607116,0.002363721134961864,0.08835993949012515,0.001617306798878448,0.29725399827441373,0.0027204121866603306,0.2972171329267356,0.0027028000873371935,0.9418207336272074,0.0006398809996390694,True
2pl,100,10000,-0.4,2pl_n100_p10000_rho-0.4,jml,rule_stable,4,5,log_a,estimated,4,10000,-1.056932319443149e-17,1.5980877916829257e-17,0.2229408584120564,0.006979248255674832,0.07960393009793648,0.00506682715465851,0.2821416844387523,0.008979224684111546,0.28173470404606304,0.008746173144367255,0.7479504123215042,0.011439665040278844,True
2pl,100,10000,-0.4,2pl_n100_p10000_rho-0.4,jml,rule_stable,4,5,a,estimated,4,10000,0.03285222943000689,0.002323060182136523,0.2330791057369529,0.0074801241327470906,0.10023756948556073,0.00752997500005947,0.31660317352414635,0.011891818575667533,0.31596975790948245,0.011556838843786625,0.7479504123215042,0.011439665040278844,False
2pl,100,10000,-0.4,2pl_n100_p10000_rho-0.4,tbaem_c,all_returned,4,5,theta,estimated,4,100,0.022839952810441294,0.0022378179617312858,0.05542701523938365,0.0018938106973810875,0.004565244811814888,0.00021283719677614384,0.06756659538421991,0.001575017917995108,0.06750877987164158,0.0016134282400247146,0.9994209420942094,4.419717930592554e-05,False
2pl,100,10000,-0.4,2pl_n100_p10000_rho-0.4,tbaem_c,all_returned,4,5,b,estimated,4,10000,5.995204332975846e-18,3.0530393019537e-18,0.2055374764117344,0.0005819170290499972,0.07058638623927144,0.0006454382058741522,0.26568098584443606,0.0012146864854153977,0.26567270274910726,0.0012112326030305997,0.9470299134622991,0.000632456680426201,True
2pl,100,10000,-0.4,2pl_n100_p10000_rho-0.4,tbaem_c,all_returned,4,5,log_a,estimated,4,10000,1.254552017826427e-18,3.883194492015057e-18,0.17370947810819531,0.002747286475379,0.04781337658336472,0.0016222196201366918,0.21866270048493575,0.003709410924997816,0.21856989010381297,0.0036778491618447233,0.7699164362471643,0.008505210060124694,True
2pl,100,10000,-0.4,2pl_n100_p10000_rho-0.4,tbaem_c,all_returned,4,5,a,estimated,4,10000,-0.030085255053562,0.0007804229498830496,0.18038964812060965,0.0028214808696673077,0.05635575076350398,0.001763499013164689,0.23739366201207643,0.0037142925346401586,0.2373076761229939,0.003688613859262267,0.7699164362471643,0.008505210060124694,False
2pl,100,10000,-0.4,2pl_n100_p10000_rho-0.4,tbaem_c,rule_stable,4,5,theta,estimated,4,100,0.022839952810441294,0.0022378179617312858,0.05542701523938365,0.0018938106973810875,0.004565244811814888,0.00021283719677614384,0.06756659538421991,0.001575017917995108,0.06750877987164158,0.0016134282400247146,0.9994209420942094,4.419717930592554e-05,False
2pl,100,10000,-0.4,2pl_n100_p10000_rho-0.4,tbaem_c,rule_stable,4,5,b,estimated,4,10000,5.995204332975846e-18,3.0530393019537e-18,0.2055374764117344,0.0005819170290499972,0.07058638623927144,0.0006454382058741522,0.26568098584443606,0.0012146864854153977,0.26567270274910726,0.0012112326030305997,0.9470299134622991,0.000632456680426201,True
2pl,100,10000,-0.4,2pl_n100_p10000_rho-0.4,tbaem_c,rule_stable,4,5,log_a,estimated,4,10000,1.254552017826427e-18,3.883194492015057e-18,0.17370947810819531,0.002747286475379,0.04781337658336472,0.0016222196201366918,0.21866270048493575,0.003709410924997816,0.21856989010381297,0.0036778491618447233,0.7699164362471643,0.008505210060124694,True
2pl,100,10000,-0.4,2pl_n100_p10000_rho-0.4,tbaem_c,rule_stable,4,5,a,estimated,4,10000,-0.030085255053562,0.0007804229498830496,0.18038964812060965,0.0028214808696673077,0.05635575076350398,0.001763499013164689,0.23739366201207643,0.0037142925346401586,0.2373076761229939,0.003688613859262267,0.7699164362471643,0.008505210060124694,False
2pl,100,10000,-0.4,2pl_n100_p10000_rho-0.4,tbaem_d,all_returned,4,5,theta,estimated,4,100,0.04066362136696676,0.002519220077716068,0.0702745419081742,0.0020663446282688396,0.006809353213754164,0.00031017773513153493,0.08251880521283718,0.00187943665890161,0.0824545371710863,0.0018799391529260052,0.9994329432943294,3.678682699823259e-05,False
2pl,100,10000,-0.4,2pl_n100_p10000_rho-0.4,tbaem_d,all_returned,4,5,b,estimated,4,10000,1.5476508963274682e-17,6.785548949014036e-18,0.20816681196454137,0.0004564307813319388,0.07226919130186037,0.0005733963269243346,0.2688292976999724,0.001066469190356393,0.2688229746842546,0.0010645161293556884,0.946095592024956,0.0007380235010095262,True
2pl,100,10000,-0.4,2pl_n100_p10000_rho-0.4,tbaem_d,all_returned,4,5,log_a,estimated,4,10000,7.538414337204813e-18,1.319422723657638e-18,0.18026472467142027,0.0030119164648263995,0.05130866040832392,0.0017815673634647593,0.2265141505697247,0.003932574099639669,0.226413839062938,0.003891610168295391,0.7500365565693656,0.009840509158848614,True
2pl,100,10000,-0.4,2pl_n100_p10000_rho-0.4,tbaem_d,all_returned,4,5,a,estimated,4,10000,-0.031099696232596494,0.0006519218907909914,0.1874444902157485,0.003085166973850236,0.060696542404063275,0.0018954974604555893,0.2463666828206754,0.0038469029958796783,0.24627798029776318,0.0038165789444585736,0.7500365565693656,0.009840509158848614,False
2pl,100,10000,-0.4,2pl_n100_p10000_rho-0.4,tbaem_d,rule_stable,4,5,theta,estimated,4,100,0.04066362136696676,0.002519220077716068,0.0702745419081742,0.0020663446282688396,0.006809353213754164,0.00031017773513153493,0.08251880521283718,0.00187943665890161,0.0824545371710863,0.0018799391529260052,0.9994329432943294,3.678682699823259e-05,False
2pl,100,10000,-0.4,2pl_n100_p10000_rho-0.4,tbaem_d,rule_stable,4,5,b,estimated,4,10000,1.5476508963274682e-17,6.785548949014036e-18,0.20816681196454137,0.0004564307813319388,0.07226919130186037,0.0005733963269243346,0.2688292976999724,0.001066469190356393,0.2688229746842546,0.0010645161293556884,0.946095592024956,0.0007380235010095262,True
2pl,100,10000,-0.4,2pl_n100_p10000_rho-0.4,tbaem_d,rule_stable,4,5,log_a,estimated,4,10000,7.538414337204813e-18,1.319422723657638e-18,0.18026472467142027,0.0030119164648263995,0.05130866040832392,0.0017815673634647593,0.2265141505697247,0.003932574099639669,0.226413839062938,0.003891610168295391,0.7500365565693656,0.009840509158848614,True
2pl,100,10000,-0.4,2pl_n100_p10000_rho-0.4,tbaem_d,rule_stable,4,5,a,estimated,4,10000,-0.031099696232596494,0.0006519218907909914,0.1874444902157485,0.003085166973850236,0.060696542404063275,0.0018954974604555893,0.2463666828206754,0.0038469029958796783,0.24627798029776318,0.0038165789444585736,0.7500365565693656,0.009840509158848614,False
2pl,100,10000,-0.4,2pl_n100_p10000_rho-0.4,vi,all_returned,4,5,theta,estimated,4,100,0.02701586281285258,0.0012499336063678977,0.03514122379863523,0.0012593678365369803,0.001725527522507878,0.00013780217940292217,0.04153946945385651,0.0016586896897659903,0.041442205387540385,0.001640237292263604,0.9994329432943293,4.473701219388296e-05,False
2pl,100,10000,-0.4,2pl_n100_p10000_rho-0.4,vi,all_returned,4,5,b,estimated,4,10000,9.459100169806333e-18,1.1960518747322013e-17,0.21317278575741638,0.0006467381715740106,0.0760343678320663,0.0003527442138288671,0.2757433006113953,0.0006396242683806652,0.27574107265303893,0.000639969847672646,0.9449292380265019,0.0005110050580135695,True
2pl,100,10000,-0.4,2pl_n100_p10000_rho-0.4,vi,all_returned,4,5,log_a,estimated,4,10000,-4.152234112098085e-18,7.111658065455636e-18,0.18988247425789898,0.0036175897948870547,0.05680515753329917,0.0022407417464273584,0.23833832577514505,0.004700758342452519,0.2382030032290286,0.004636334254938616,0.7502311045465334,0.010153145571746392,True
2pl,100,10000,-0.4,2pl_n100_p10000_rho-0.4,vi,all_returned,4,5,a,estimated,4,10000,-0.0013732468969988101,0.00045065019997494495,0.19782904205875912,0.003647820422093732,0.0667156324159518,0.002478045484902958,0.2582936941079898,0.004796953122415203,0.2581637939735184,0.0047289145037215305,0.7502311045465334,0.010153145571746392,False
2pl,100,10000,-0.4,2pl_n100_p10000_rho-0.4,vi,rule_stable,4,5,theta,estimated,4,100,0.02701586281285258,0.0012499336063678977,0.03514122379863523,0.0012593678365369803,0.001725527522507878,0.00013780217940292217,0.04153946945385651,0.0016586896897659903,0.041442205387540385,0.001640237292263604,0.9994329432943293,4.473701219388296e-05,False
2pl,100,10000,-0.4,2pl_n100_p10000_rho-0.4,vi,rule_stable,4,5,b,estimated,4,10000,9.459100169806333e-18,1.1960518747322013e-17,0.21317278575741638,0.0006467381715740106,0.0760343678320663,0.0003527442138288671,0.2757433006113953,0.0006396242683806652,0.27574107265303893,0.000639969847672646,0.9449292380265019,0.0005110050580135695,True
2pl,100,10000,-0.4,2pl_n100_p10000_rho-0.4,vi,rule_stable,4,5,log_a,estimated,4,10000,-4.152234112098085e-18,7.111658065455636e-18,0.18988247425789898,0.0036175897948870547,0.05680515753329917,0.0022407417464273584,0.23833832577514505,0.004700758342452519,0.2382030032290286,0.004636334254938616,0.7502311045465334,0.010153145571746392,True
2pl,100,10000,-0.4,2pl_n100_p10000_rho-0.4,vi,rule_stable,4,5,a,estimated,4,10000,-0.0013732468969988101,0.00045065019997494495,0.19782904205875912,0.003647820422093732,0.0667156324159518,0.002478045484902958,0.2582936941079898,0.004796953122415203,0.2581637939735184,0.0047289145037215305,0.7502311045465334,0.010153145571746392,False
2pl,100,1000,0.0,2pl_n100_p1000_rho+0.0,jml,all_returned,5,5,theta,estimated,5,100,-0.003081159846344321,0.007321578595072417,0.06971746801969866,0.002612148105444002,0.008231122080861122,0.0006320708499536402,0.09072553158213581,0.003483423237820396,0.09045145645322807,0.003523354451049032,0.9953771377137712,0.0007492479088205928,False
2pl,100,1000,0.0,2pl_n100_p1000_rho+0.0,jml,all_returned,5,5,b,estimated,5,1000,-5.2846615972157455e-18,9.344464329158401e-18,0.22402339114167172,0.004002247421295202,0.08587753243268922,0.003370969104953333,0.293048686113228,0.005751551303067198,0.29281422791301914,0.0058600419024041435,0.9446816822816825,0.0011536510751566289,True
2pl,100,1000,0.0,2pl_n100_p1000_rho+0.0,jml,all_returned,5,5,log_a,estimated,5,1000,-1.5587531265737197e-17,1.8164605873023133e-17,0.21682108960957663,0.004943663770408293,0.07474139108798325,0.0032965657361090405,0.2733887179237345,0.0060290815238188845,0.2731136904238215,0.006129910094452159,0.7559466431466433,0.008989593457415368,True
2pl,100,1000,0.0,2pl_n100_p1000_rho+0.0,jml,all_returned,5,5,a,estimated,5,1000,0.03142949524288112,0.0020239573940746673,0.22760389731336997,0.004861153135615305,0.095668288921438,0.004966079047242576,0.3093029080390904,0.00802785702650903,0.30888400663337406,0.008046107250585945,0.7559466431466433,0.008989593457415368,False
2pl,100,1000,0.0,2pl_n100_p1000_rho+0.0,jml,rule_stable,5,5,theta,estimated,5,100,-0.003081159846344321,0.007321578595072417,0.06971746801969866,0.002612148105444002,0.008231122080861122,0.0006320708499536402,0.09072553158213581,0.003483423237820396,0.09045145645322807,0.003523354451049032,0.9953771377137712,0.0007492479088205928,False
2pl,100,1000,0.0,2pl_n100_p1000_rho+0.0,jml,rule_stable,5,5,b,estimated,5,1000,-5.2846615972157455e-18,9.344464329158401e-18,0.22402339114167172,0.004002247421295202,0.08587753243268922,0.003370969104953333,0.293048686113228,0.005751551303067198,0.29281422791301914,0.0058600419024041435,0.9446816822816825,0.0011536510751566289,True
2pl,100,1000,0.0,2pl_n100_p1000_rho+0.0,jml,rule_stable,5,5,log_a,estimated,5,1000,-1.5587531265737197e-17,1.8164605873023133e-17,0.21682108960957663,0.004943663770408293,0.07474139108798325,0.0032965657361090405,0.2733887179237345,0.0060290815238188845,0.2731136904238215,0.006129910094452159,0.7559466431466433,0.008989593457415368,True
2pl,100,1000,0.0,2pl_n100_p1000_rho+0.0,jml,rule_stable,5,5,a,estimated,5,1000,0.03142949524288112,0.0020239573940746673,0.22760389731336997,0.004861153135615305,0.095668288921438,0.004966079047242576,0.3093029080390904,0.00802785702650903,0.30888400663337406,0.008046107250585945,0.7559466431466433,0.008989593457415368,False
2pl,100,1000,0.0,2pl_n100_p1000_rho+0.0,tbaem_c,all_returned,5,5,theta,estimated,5,100,-0.003475221301818235,0.006348834558583168,0.08458891510989017,0.0018444639108804925,0.011983815027163683,0.0007066613555475782,0.1094706126189293,0.003227630405282781,0.10927826137355794,0.0032433246189689023,0.9955955595559555,0.0006794947667278123,False
2pl,100,1000,0.0,2pl_n100_p1000_rho+0.0,tbaem_c,all_returned,5,5,b,estimated,5,1000,-1.7319479184152441e-18,9.946606980689103e-18,0.20251414913626925,0.0012070124459496727,0.06789125088293006,0.0005834586471829412,0.26055949586021626,0.0011196265276318164,0.26054974932681196,0.0011268328032076902,0.9481389409389409,0.001651029332357261,True
2pl,100,1000,0.0,2pl_n100_p1000_rho+0.0,tbaem_c,all_returned,5,5,log_a,estimated,5,1000,5.906386491005832e-18,2.7995237261667833e-18,0.17557349274323975,0.0030796419291574196,0.04849372142006339,0.001770993628248545,0.22021290021264284,0.004021094192343934,0.22006347149756586,0.004055549670001742,0.7614461742461743,0.008281181684694062,True
2pl,100,1000,0.0,2pl_n100_p1000_rho+0.0,tbaem_c,all_returned,5,5,a,estimated,5,1000,-0.02967012861857366,0.0012456373743966885,0.1833003238056155,0.0027642444037855535,0.05867184566379878,0.0013502877318087962,0.2422227191322044,0.0027872854714999164,0.24215913858943097,0.002774764018054075,0.7614461742461743,0.008281181684694062,False
2pl,100,1000,0.0,2pl_n100_p1000_rho+0.0,tbaem_c,rule_stable,5,5,theta,estimated,5,100,-0.003475221301818235,0.006348834558583168,0.08458891510989017,0.0018444639108804925,0.011983815027163683,0.0007066613555475782,0.1094706126189293,0.003227630405282781,0.10927826137355794,0.0032433246189689023,0.9955955595559555,0.0006794947667278123,False
2pl,100,1000,0.0,2pl_n100_p1000_rho+0.0,tbaem_c,rule_stable,5,5,b,estimated,5,1000,-1.7319479184152441e-18,9.946606980689103e-18,0.20251414913626925,0.0012070124459496727,0.06789125088293006,0.0005834586471829412,0.26055949586021626,0.0011196265276318164,0.26054974932681196,0.0011268328032076902,0.9481389409389409,0.001651029332357261,True
2pl,100,1000,0.0,2pl_n100_p1000_rho+0.0,tbaem_c,rule_stable,5,5,log_a,estimated,5,1000,5.906386491005832e-18,2.7995237261667833e-18,0.17557349274323975,0.0030796419291574196,0.04849372142006339,0.001770993628248545,0.22021290021264284,0.004021094192343934,0.22006347149756586,0.004055549670001742,0.7614461742461743,0.008281181684694062,True
2pl,100,1000,0.0,2pl_n100_p1000_rho+0.0,tbaem_c,rule_stable,5,5,a,estimated,5,1000,-0.02967012861857366,0.0012456373743966885,0.1833003238056155,0.0027642444037855535,0.05867184566379878,0.0013502877318087962,0.2422227191322044,0.0027872854714999164,0.24215913858943097,0.002774764018054075,0.7614461742461743,0.008281181684694062,False
2pl,100,1000,0.0,2pl_n100_p1000_rho+0.0,tbaem_d,all_returned,5,5,theta,estimated,5,100,-0.0032515406772310857,0.005162890448898389,0.08423852607714766,0.0017178564142533764,0.011982532030771672,0.0007217761774056468,0.1094647524583675,0.0032968428704032307,0.10926393115666873,0.003313811210767448,0.9956387638763875,0.0006759946961302004,False
2pl,100,1000,0.0,2pl_n100_p1000_rho+0.0,tbaem_d,all_returned,5,5,b,estimated,5,1000,-1.2878587085651811e-18,9.576379920627925e-18,0.20255558933245146,0.0012377318483559419,0.0679001974304109,0.0005957741401605894,0.26057666324982154,0.0011431839918630883,0.2605665026256835,0.0011505585415989368,0.9481503145503145,0.0016415685177667762,True
2pl,100,1000,0.0,2pl_n100_p1000_rho+0.0,tbaem_d,all_returned,5,5,log_a,estimated,5,1000,1.2878587085651815e-18,2.2429802547162565e-18,0.17549027631145905,0.003066910976618887,0.04845472831546439,0.0017609947994354073,0.22012434739361386,0.004000000046079629,0.219976368823515,0.004035017803098321,0.7615025215025215,0.008235504150085537,True
2pl,100,1000,0.0,2pl_n100_p1000_rho+0.0,tbaem_d,all_returned,5,5,a,estimated,5,1000,-0.02967834340470681,0.001267977530486441,0.18319462741435194,0.0027549612888903654,0.0586126205481695,0.0013603118280986906,0.24210043483680382,0.002809395672947998,0.2420358457376711,0.0027959759575049395,0.7615025215025215,0.008235504150085537,False
2pl,100,1000,0.0,2pl_n100_p1000_rho+0.0,tbaem_d,rule_stable,5,5,theta,estimated,5,100,-0.0032515406772310857,0.005162890448898389,0.08423852607714766,0.0017178564142533764,0.011982532030771672,0.0007217761774056468,0.1094647524583675,0.0032968428704032307,0.10926393115666873,0.003313811210767448,0.9956387638763875,0.0006759946961302004,False
2pl,100,1000,0.0,2pl_n100_p1000_rho+0.0,tbaem_d,rule_stable,5,5,b,estimated,5,1000,-1.2878587085651811e-18,9.576379920627925e-18,0.20255558933245146,0.0012377318483559419,0.0679001974304109,0.0005957741401605894,0.26057666324982154,0.0011431839918630883,0.2605665026256835,0.0011505585415989368,0.9481503145503145,0.0016415685177667762,True
2pl,100,1000,0.0,2pl_n100_p1000_rho+0.0,tbaem_d,rule_stable,5,5,log_a,estimated,5,1000,1.2878587085651815e-18,2.2429802547162565e-18,0.17549027631145905,0.003066910976618887,0.04845472831546439,0.0017609947994354073,0.22012434739361386,0.004000000046079629,0.219976368823515,0.004035017803098321,0.7615025215025215,0.008235504150085537,True
2pl,100,1000,0.0,2pl_n100_p1000_rho+0.0,tbaem_d,rule_stable,5,5,a,estimated,5,1000,-0.02967834340470681,0.001267977530486441,0.18319462741435194,0.0027549612888903654,0.0586126205481695,0.0013603118280986906,0.24210043483680382,0.002809395672947998,0.2420358457376711,0.0027959759575049395,0.7615025215025215,0.008235504150085537,False
2pl,100,1000,0.0,2pl_n100_p1000_rho+0.0,vi,all_returned,5,5,theta,estimated,5,100,-0.0012654237169706394,0.007037465324692138,0.06462170408631263,0.0029213638989656053,0.006639810252920731,0.00043733133980572013,0.08148503085181186,0.0026835072358323583,0.0813027602934714,0.0027235740114351596,0.9955883588358834,0.0007172120422014187,False
2pl,100,1000,0.0,2pl_n100_p1000_rho+0.0,vi,all_returned,5,5,b,estimated,5,1000,2.930988785010413e-18,9.387629947263863e-18,0.2071109778103999,0.0020110045492038073,0.07142300919309111,0.0013122938612784645,0.26725083572009856,0.0024551726054336405,0.26720480407510055,0.0024800137236636022,0.9473044481044482,0.0014563884099874373,True
2pl,100,1000,0.0,2pl_n100_p1000_rho+0.0,vi,all_returned,5,5,log_a,estimated,5,1000,-6.2616578588858835e-18,2.3376984238602207e-18,0.18536162912027948,0.0037322199089435035,0.05380878077620797,0.001953580429577494,0.23196719762976828,0.004210898026831169,0.23181055519448793,0.0042616685884535556,0.7597522434059674,0.008531173771681753,True
2pl,100,1000,0.0,2pl_n100_p1000_rho+0.0,vi,all_returned,5,5,a,estimated,5,1000,-0.0006486306221875684,0.0010288580272131613,0.19467549185621064,0.003408118839261555,0.06568792402282243,0.002065489911312019,0.2562965548399401,0.004029492149439814,0.25616895299049,0.004043251988763921,0.7597522434059674,0.008531173771681753,False
2pl,100,1000,0.0,2pl_n100_p1000_rho+0.0,vi,rule_stable,5,5,theta,estimated,5,100,-0.0012654237169706394,0.007037465324692138,0.06462170408631263,0.0029213638989656053,0.006639810252920731,0.00043733133980572013,0.08148503085181186,0.0026835072358323583,0.0813027602934714,0.0027235740114351596,0.9955883588358834,0.0007172120422014187,False
2pl,100,1000,0.0,2pl_n100_p1000_rho+0.0,vi,rule_stable,5,5,b,estimated,5,1000,2.930988785010413e-18,9.387629947263863e-18,0.2071109778103999,0.0020110045492038073,0.07142300919309111,0.0013122938612784645,0.26725083572009856,0.0024551726054336405,0.26720480407510055,0.0024800137236636022,0.9473044481044482,0.0014563884099874373,True
2pl,100,1000,0.0,2pl_n100_p1000_rho+0.0,vi,rule_stable,5,5,log_a,estimated,5,1000,-6.2616578588858835e-18,2.3376984238602207e-18,0.18536162912027948,0.0037322199089435035,0.05380878077620797,0.001953580429577494,0.23196719762976828,0.004210898026831169,0.23181055519448793,0.0042616685884535556,0.7597522434059674,0.008531173771681753,True
2pl,100,1000,0.0,2pl_n100_p1000_rho+0.0,vi,rule_stable,5,5,a,estimated,5,1000,-0.0006486306221875684,0.0010288580272131613,0.19467549185621064,0.003408118839261555,0.06568792402282243,0.002065489911312019,0.2562965548399401,0.004029492149439814,0.25616895299049,0.004043251988763921,0.7597522434059674,0.008531173771681753,False
2pl,100,1000,0.4,2pl_n100_p1000_rho+0.4,jml,all_returned,5,5,theta,estimated,5,100,-0.015304931690642778,0.00452097344365803,0.06679099800212071,0.0008182830544195557,0.007455821713492948,0.00014407436716228032,0.0863471002031507,0.0008342744969044324,0.08633064772580876,0.0008427598612978931,0.9962724272427241,0.0004243675950992078,False
2pl,100,1000,0.4,2pl_n100_p1000_rho+0.4,jml,all_returned,5,5,b,estimated,5,1000,-4.7961634663806765e-18,5.25153094311807e-18,0.22234353085777162,0.005179686568285921,0.08309845350532231,0.00360355643210994,0.28826802373021243,0.00625035754135963,0.2880047990420417,0.006158109167502034,0.9430550398550398,0.0022193394051645307,True
2pl,100,1000,0.4,2pl_n100_p1000_rho+0.4,jml,all_returned,5,5,log_a,estimated,5,1000,-1.0391687510491467e-17,1.6997423861519233e-17,0.21291628024398618,0.004500672051010152,0.07330111169518269,0.003047688076958047,0.2707417804757564,0.0056284036981705384,0.27051696091418,0.005515558741838736,0.7723898731898733,0.0117177332612657,True
2pl,100,1000,0.4,2pl_n100_p1000_rho+0.4,jml,all_returned,5,5,a,estimated,5,1000,0.03253141084325764,0.002801893680042794,0.22393398768339487,0.00734134404905349,0.09981875244432878,0.01471610126943638,0.3159410584971962,0.023289314373122188,0.3129751505579783,0.021594603362527883,0.7723898731898733,0.0117177332612657,False
2pl,100,1000,0.4,2pl_n100_p1000_rho+0.4,jml,rule_stable,5,5,theta,estimated,5,100,-0.015304931690642778,0.00452097344365803,0.06679099800212071,0.0008182830544195557,0.007455821713492948,0.00014407436716228032,0.0863471002031507,0.0008342744969044324,0.08633064772580876,0.0008427598612978931,0.9962724272427241,0.0004243675950992078,False
2pl,100,1000,0.4,2pl_n100_p1000_rho+0.4,jml,rule_stable,5,5,b,estimated,5,1000,-4.7961634663806765e-18,5.25153094311807e-18,0.22234353085777162,0.005179686568285921,0.08309845350532231,0.00360355643210994,0.28826802373021243,0.00625035754135963,0.2880047990420417,0.006158109167502034,0.9430550398550398,0.0022193394051645307,True
2pl,100,1000,0.4,2pl_n100_p1000_rho+0.4,jml,rule_stable,5,5,log_a,estimated,5,1000,-1.0391687510491467e-17,1.6997423861519233e-17,0.21291628024398618,0.004500672051010152,0.07330111169518269,0.003047688076958047,0.2707417804757564,0.0056284036981705384,0.27051696091418,0.005515558741838736,0.7723898731898733,0.0117177332612657,True
2pl,100,1000,0.4,2pl_n100_p1000_rho+0.4,jml,rule_stable,5,5,a,estimated,5,1000,0.03253141084325764,0.002801893680042794,0.22393398768339487,0.00734134404905349,0.09981875244432878,0.01471610126943638,0.3159410584971962,0.023289314373122188,0.3129751505579783,0.021594603362527883,0.7723898731898733,0.0117177332612657,False
2pl,100,1000,0.4,2pl_n100_p1000_rho+0.4,tbaem_c,all_returned,5,5,theta,estimated,5,100,-0.021432163758839724,0.0038961026060033615,0.08008093170568917,0.0017075364664491108,0.010809568831194815,0.0005908682202569738,0.10396907632173527,0.0028415575147965884,0.10380841641231468,0.0028888368404208836,0.9963420342034202,0.0003176443586445819,False
2pl,100,1000,0.4,2pl_n100_p1000_rho+0.4,tbaem_c,all_returned,5,5,b,estimated,5,1000,8.970602038971266e-18,6.497072189715636e-18,0.20194331669259696,0.004534145440250915,0.06767478689450909,0.0032310364911449546,0.2601437811951481,0.0062100975012759916,0.25986130334728175,0.006059907531495603,0.9467309003309005,0.0021994112466755438,True
2pl,100,1000,0.4,2pl_n100_p1000_rho+0.4,tbaem_c,all_returned,5,5,log_a,estimated,5,1000,-3.697042672001772e-18,1.6946455303554797e-18,0.169333195891408,0.0039345737061835095,0.0454134963726265,0.0019435370535587893,0.21310442598084747,0.004560057926092681,0.2129011283247042,0.004653115372906584,0.7919627423627424,0.009705691938506334,True
2pl,100,1000,0.4,2pl_n100_p1000_rho+0.4,tbaem_c,all_returned,5,5,a,estimated,5,1000,-0.029208557356035492,0.0025401006716616117,0.17605160061536004,0.004236079912927437,0.05431681545875029,0.002552112278898674,0.2330596821819473,0.005475233328659279,0.23278734176724317,0.0056318063641033955,0.7919627423627424,0.009705691938506334,False
2pl,100,1000,0.4,2pl_n100_p1000_rho+0.4,tbaem_c,rule_stable,5,5,theta,estimated,5,100,-0.021432163758839724,0.0038961026060033615,0.08008093170568917,0.0017075364664491108,0.010809568831194815,0.0005908682202569738,0.10396907632173527,0.0028415575147965884,0.10380841641231468,0.0028888368404208836,0.9963420342034202,0.0003176443586445819,False
2pl,100,1000,0.4,2pl_n100_p1000_rho+0.4,tbaem_c,rule_stable,5,5,b,estimated,5,1000,8.970602038971266e-18,6.497072189715636e-18,0.20194331669259696,0.004534145440250915,0.06767478689450909,0.0032310364911449546,0.2601437811951481,0.0062100975012759916,0.25986130334728175,0.006059907531495603,0.9467309003309005,0.0021994112466755438,True
2pl,100,1000,0.4,2pl_n100_p1000_rho+0.4,tbaem_c,rule_stable,5,5,log_a,estimated,5,1000,-3.697042672001772e-18,1.6946455303554797e-18,0.169333195891408,0.0039345737061835095,0.0454134963726265,0.0019435370535587893,0.21310442598084747,0.004560057926092681,0.2129011283247042,0.004653115372906584,0.7919627423627424,0.009705691938506334,True
2pl,100,1000,0.4,2pl_n100_p1000_rho+0.4,tbaem_c,rule_stable,5,5,a,estimated,5,1000,-0.029208557356035492,0.0025401006716616117,0.17605160061536004,0.004236079912927437,0.05431681545875029,0.002552112278898674,0.2330596821819473,0.005475233328659279,0.23278734176724317,0.0056318063641033955,0.7919627423627424,0.009705691938506334,False
2pl,100,1000,0.4,2pl_n100_p1000_rho+0.4,tbaem_d,all_returned,5,5,theta,estimated,5,100,-0.03859220342955334,0.004617669053036118,0.08810334525777669,0.0018533379271340532,0.0124915469010317,0.0005739203732361912,0.11176558907388132,0.0025675182227009423,0.11165014507474642,0.002539291526182927,0.9962556255625561,0.0003511453536341307,False
2pl,100,1000,0.4,2pl_n100_p1000_rho+0.4,tbaem_d,all_returned,5,5,b,estimated,5,1000,5.506706202140776e-18,4.4798014943546925e-18,0.20440922039357368,0.004909500578276363,0.06920556992973105,0.003379010534139319,0.26306951539418444,0.006422276881979647,0.2627706062024802,0.006268541411527213,0.9460036372036372,0.002355085081835699,True
2pl,100,1000,0.4,2pl_n100_p1000_rho+0.4,tbaem_d,all_returned,5,5,log_a,estimated,5,1000,-2.486899575160351e-18,5.136098584586421e-18,0.17518314545100946,0.0044407049631030775,0.04863978324270316,0.002360177274083695,0.22054428861954953,0.005350801167549446,0.22027369753161796,0.005460801645647831,0.7751377463377465,0.01097722017893277,True
2pl,100,1000,0.4,2pl_n100_p1000_rho+0.4,tbaem_d,all_returned,5,5,a,estimated,5,1000,-0.030674284604983715,0.0024492251045405383,0.18231924739966326,0.004900343750964736,0.05863107611226892,0.0032469238676416006,0.24213854734896903,0.006704681892227072,0.2417432133868474,0.006915469862382957,0.7751377463377465,0.01097722017893277,False
2pl,100,1000,0.4,2pl_n100_p1000_rho+0.4,tbaem_d,rule_stable,5,5,theta,estimated,5,100,-0.03859220342955334,0.004617669053036118,0.08810334525777669,0.0018533379271340532,0.0124915469010317,0.0005739203732361912,0.11176558907388132,0.0025675182227009423,0.11165014507474642,0.002539291526182927,0.9962556255625561,0.0003511453536341307,False
2pl,100,1000,0.4,2pl_n100_p1000_rho+0.4,tbaem_d,rule_stable,5,5,b,estimated,5,1000,5.506706202140776e-18,4.4798014943546925e-18,0.20440922039357368,0.004909500578276363,0.06920556992973105,0.003379010534139319,0.26306951539418444,0.006422276881979647,0.2627706062024802,0.006268541411527213,0.9460036372036372,0.002355085081835699,True
2pl,100,1000,0.4,2pl_n100_p1000_rho+0.4,tbaem_d,rule_stable,5,5,log_a,estimated,5,1000,-2.486899575160351e-18,5.136098584586421e-18,0.17518314545100946,0.0044407049631030775,0.04863978324270316,0.002360177274083695,0.22054428861954953,0.005350801167549446,0.22027369753161796,0.005460801645647831,0.7751377463377465,0.01097722017893277,True
2pl,100,1000,0.4,2pl_n100_p1000_rho+0.4,tbaem_d,rule_stable,5,5,a,estimated,5,1000,-0.030674284604983715,0.0024492251045405383,0.18231924739966326,0.004900343750964736,0.05863107611226892,0.0032469238676416006,0.24213854734896903,0.006704681892227072,0.2417432133868474,0.006915469862382957,0.7751377463377465,0.01097722017893277,False
2pl,100,1000,0.4,2pl_n100_p1000_rho+0.4,vi,all_returned,5,5,theta,estimated,5,100,-0.02502384406858526,0.004577028781007174,0.0661743393440635,0.0013350414495657804,0.006858953307908364,0.00020841514178925998,0.08281879803467546,0.0012582598802146254,0.08278056051920489,0.0012581840122396044,0.9963468346834683,0.00043291907085526993,False
2pl,100,1000,0.4,2pl_n100_p1000_rho+0.4,vi,all_returned,5,5,b,estimated,5,1000,-4.9737991503207005e-18,7.995332604375174e-18,0.20873226419900978,0.005260485146279078,0.07196046793398223,0.0035202141797928766,0.2682544835300656,0.006561333353070194,0.26794762198178784,0.006413653566555544,0.9452338412338414,0.0023110706824906345,True
2pl,100,1000,0.4,2pl_n100_p1000_rho+0.4,vi,all_returned,5,5,log_a,estimated,5,1000,6.705747068735944e-18,8.738633061163341e-18,0.1825962453095332,0.003927234069076604,0.05291333806421496,0.0023850551080685702,0.23002899396427173,0.005184248878728346,0.22979834824725706,0.005149203993029685,0.7746046938046938,0.011258795735106452,True
2pl,100,1000,0.4,2pl_n100_p1000_rho+0.4,vi,all_returned,5,5,a,estimated,5,1000,-0.0012421755475615314,0.0019875577628215148,0.19052113931153974,0.0050571722434658364,0.06303114311617201,0.004321927851582883,0.25106003886754263,0.008607359162130734,0.25050418508060407,0.008348598284659588,0.7746046938046938,0.011258795735106452,False
2pl,100,1000,0.4,2pl_n100_p1000_rho+0.4,vi,rule_stable,5,5,theta,estimated,5,100,-0.02502384406858526,0.004577028781007174,0.0661743393440635,0.0013350414495657804,0.006858953307908364,0.00020841514178925998,0.08281879803467546,0.0012582598802146254,0.08278056051920489,0.0012581840122396044,0.9963468346834683,0.00043291907085526993,False
2pl,100,1000,0.4,2pl_n100_p1000_rho+0.4,vi,rule_stable,5,5,b,estimated,5,1000,-4.9737991503207005e-18,7.995332604375174e-18,0.20873226419900978,0.005260485146279078,0.07196046793398223,0.0035202141797928766,0.2682544835300656,0.006561333353070194,0.26794762198178784,0.006413653566555544,0.9452338412338414,0.0023110706824906345,True
2pl,100,1000,0.4,2pl_n100_p1000_rho+0.4,vi,rule_stable,5,5,log_a,estimated,5,1000,6.705747068735944e-18,8.738633061163341e-18,0.1825962453095332,0.003927234069076604,0.05291333806421496,0.0023850551080685702,0.23002899396427173,0.005184248878728346,0.22979834824725706,0.005149203993029685,0.7746046938046938,0.011258795735106452,True
2pl,100,1000,0.4,2pl_n100_p1000_rho+0.4,vi,rule_stable,5,5,a,estimated,5,1000,-0.0012421755475615314,0.0019875577628215148,0.19052113931153974,0.0050571722434658364,0.06303114311617201,0.004321927851582883,0.25106003886754263,0.008607359162130734,0.25050418508060407,0.008348598284659588,0.7746046938046938,0.011258795735106452,False
2pl,100,1000,-0.4,2pl_n100_p1000_rho-0.4,jml,all_returned,5,5,theta,estimated,5,100,0.011463502584745254,0.007667634586313685,0.06513152370790967,0.0023459490047042387,0.007087430096935962,0.0005206590363164581,0.08418687603739648,0.003092281486280458,0.08395368997751854,0.00313081603159096,0.9959843984398438,0.0003131048481720623,False
2pl,100,1000,-0.4,2pl_n100_p1000_rho-0.4,jml,all_returned,5,5,b,estimated,5,1000,-1.0036416142611416e-17,9.426414608115577e-18,0.23166460099295957,0.002364135983442142,0.09251486062087524,0.0023262236656262083,0.30416255624398486,0.0038239809895604334,0.3040669102719946,0.003813617000894008,0.9394273090273091,0.0021429414671179222,True
2pl,100,1000,-0.4,2pl_n100_p1000_rho-0.4,jml,all_returned,5,5,log_a,estimated,5,1000,8.038014698286134e-18,2.4273690346198948e-17,0.2254972662751978,0.0032904028079612873,0.08134522008581073,0.0022082772332702966,0.2852108344467488,0.0038713067081653945,0.2851067428681402,0.0038524426319840534,0.7493338373338374,0.007028105424289132,True
2pl,100,1000,-0.4,2pl_n100_p1000_rho-0.4,jml,all_returned,5,5,a,estimated,5,1000,0.03429813177609848,0.0008144613681696147,0.23654735248233488,0.003177146267224632,0.10623005816661994,0.005624894212017951,0.32592952944865233,0.008629003670721572,0.3254875605192597,0.008483898187761177,0.7493338373338374,0.007028105424289132,False
2pl,100,1000,-0.4,2pl_n100_p1000_rho-0.4,jml,rule_stable,5,5,theta,estimated,5,100,0.011463502584745254,0.007667634586313685,0.06513152370790967,0.0023459490047042387,0.007087430096935962,0.0005206590363164581,0.08418687603739648,0.003092281486280458,0.08395368997751854,0.00313081603159096,0.9959843984398438,0.0003131048481720623,False
2pl,100,1000,-0.4,2pl_n100_p1000_rho-0.4,jml,rule_stable,5,5,b,estimated,5,1000,-1.0036416142611416e-17,9.426414608115577e-18,0.23166460099295957,0.002364135983442142,0.09251486062087524,0.0023262236656262083,0.30416255624398486,0.0038239809895604334,0.3040669102719946,0.003813617000894008,0.9394273090273091,0.0021429414671179222,True
2pl,100,1000,-0.4,2pl_n100_p1000_rho-0.4,jml,rule_stable,5,5,log_a,estimated,5,1000,8.038014698286134e-18,2.4273690346198948e-17,0.2254972662751978,0.0032904028079612873,0.08134522008581073,0.0022082772332702966,0.2852108344467488,0.0038713067081653945,0.2851067428681402,0.0038524426319840534,0.7493338373338374,0.007028105424289132,True
2pl,100,1000,-0.4,2pl_n100_p1000_rho-0.4,jml,rule_stable,5,5,a,estimated,5,1000,0.03429813177609848,0.0008144613681696147,0.23654735248233488,0.003177146267224632,0.10623005816661994,0.005624894212017951,0.32592952944865233,0.008629003670721572,0.3254875605192597,0.008483898187761177,0.7493338373338374,0.007028105424289132,False
2pl,100,1000,-0.4,2pl_n100_p1000_rho-0.4,tbaem_c,all_returned,5,5,theta,estimated,5,100,0.020233816942622163,0.007863930288037587,0.08145545001559586,0.003823525501946906,0.010900513709508381,0.0008207111145528192,0.10440552528246952,0.0039304007730068995,0.10409798017527902,0.0040038803970522995,0.9961092109210921,0.00028319780966292146,False
2pl,100,1000,-0.4,2pl_n100_p1000_rho-0.4,tbaem_c,all_returned,5,5,b,estimated,5,1000,-1.5099033134902136e-18,6.156044012742063e-18,0.20828163227798352,0.0020403246093456204,0.07248027724423708,0.0016169328286984768,0.26922161362757835,0.0030029773741257347,0.2691562315191252,0.0029664911368548056,0.9448866808866809,0.0019189296036193593,True
2pl,100,1000,-0.4,2pl_n100_p1000_rho-0.4,tbaem_c,all_returned,5,5,log_a,estimated,5,1000,2.6645352591003758e-18,2.6385028877330095e-18,0.1767070568570763,0.002501288205433469,0.049209338078298415,0.0013013409595961842,0.22183177878360533,0.002933170726782183,0.22175520933157325,0.0029139840686142663,0.7692752388752389,0.006162624578015282,True
2pl,100,1000,-0.4,2pl_n100_p1000_rho-0.4,tbaem_c,all_returned,5,5,a,estimated,5,1000,-0.031182844156812384,0.001102582699842691,0.18403428765641622,0.0025177271688304357,0.059279308034574686,0.00207637911342365,0.24347342367201946,0.004264077536899302,0.2433227457207841,0.004282214656965557,0.7692752388752389,0.006162624578015282,False
2pl,100,1000,-0.4,2pl_n100_p1000_rho-0.4,tbaem_c,rule_stable,5,5,theta,estimated,5,100,0.020233816942622163,0.007863930288037587,0.08145545001559586,0.003823525501946906,0.010900513709508381,0.0008207111145528192,0.10440552528246952,0.0039304007730068995,0.10409798017527902,0.0040038803970522995,0.9961092109210921,0.00028319780966292146,False
2pl,100,1000,-0.4,2pl_n100_p1000_rho-0.4,tbaem_c,rule_stable,5,5,b,estimated,5,1000,-1.5099033134902136e-18,6.156044012742063e-18,0.20828163227798352,0.0020403246093456204,0.07248027724423708,0.0016169328286984768,0.26922161362757835,0.0030029773741257347,0.2691562315191252,0.0029664911368548056,0.9448866808866809,0.0019189296036193593,True
2pl,100,1000,-0.4,2pl_n100_p1000_rho-0.4,tbaem_c,rule_stable,5,5,log_a,estimated,5,1000,2.6645352591003758e-18,2.6385028877330095e-18,0.1767070568570763,0.002501288205433469,0.049209338078298415,0.0013013409595961842,0.22183177878360533,0.002933170726782183,0.22175520933157325,0.0029139840686142663,0.7692752388752389,0.006162624578015282,True
2pl,100,1000,-0.4,2pl_n100_p1000_rho-0.4,tbaem_c,rule_stable,5,5,a,estimated,5,1000,-0.031182844156812384,0.001102582699842691,0.18403428765641622,0.0025177271688304357,0.059279308034574686,0.00207637911342365,0.24347342367201946,0.004264077536899302,0.2433227457207841,0.004282214656965557,0.7692752388752389,0.006162624578015282,False
2pl,100,1000,-0.4,2pl_n100_p1000_rho-0.4,tbaem_d,all_returned,5,5,theta,estimated,5,100,0.04090195019354943,0.007853849473011295,0.08992597296138366,0.0047188381300342416,0.012801032564154649,0.0009724966830169455,0.11314164822979489,0.004297695403207176,0.11280318640045664,0.004372462179896025,0.996154815481548,0.00025841903066777303,False
2pl,100,1000,-0.4,2pl_n100_p1000_rho-0.4,tbaem_d,all_returned,5,5,b,estimated,5,1000,-7.993605777301131e-19,8.824310735369991e-18,0.21078313001049437,0.0017672736366646457,0.074114662423678,0.0015144928908703591,0.2722400823238158,0.0027815391435801625,0.27218438919349774,0.0027532118988810982,0.9441197073197074,0.0019259966764104451,True
2pl,100,1000,-0.4,2pl_n100_p1000_rho-0.4,tbaem_d,all_returned,5,5,log_a,estimated,5,1000,-1.4210854715202004e-18,2.9269488261157195e-18,0.18317332593474364,0.002784597443448011,0.05299274419129402,0.0014419164669560978,0.23020152951553996,0.0031318568342934487,0.23011728628556857,0.0031136290666879006,0.7495510951510953,0.007157239170638157,True
2pl,100,1000,-0.4,2pl_n100_p1000_rho-0.4,tbaem_d,all_returned,5,5,a,estimated,5,1000,-0.032882138532274424,0.0010524358832286632,0.19113460026464973,0.0026961130329503907,0.06441156468173787,0.001955116645353704,0.2537943354012021,0.0038517736068912345,0.2536750881637289,0.003889547752060545,0.7495510951510953,0.007157239170638157,False
2pl,100,1000,-0.4,2pl_n100_p1000_rho-0.4,tbaem_d,rule_stable,5,5,theta,estimated,5,100,0.04090195019354943,0.007853849473011295,0.08992597296138366,0.0047188381300342416,0.012801032564154649,0.0009724966830169455,0.11314164822979489,0.004297695403207176,0.11280318640045664,0.004372462179896025,0.996154815481548,0.00025841903066777303,False
2pl,100,1000,-0.4,2pl_n100_p1000_rho-0.4,tbaem_d,rule_stable,5,5,b,estimated,5,1000,-7.993605777301131e-19,8.824310735369991e-18,0.21078313001049437,0.0017672736366646457,0.074114662423678,0.0015144928908703591,0.2722400823238158,0.0027815391435801625,0.27218438919349774,0.0027532118988810982,0.9441197073197074,0.0019259966764104451,True
2pl,100,1000,-0.4,2pl_n100_p1000_rho-0.4,tbaem_d,rule_stable,5,5,log_a,estimated,5,1000,-1.4210854715202004e-18,2.9269488261157195e-18,0.18317332593474364,0.002784597443448011,0.05299274419129402,0.0014419164669560978,0.23020152951553996,0.0031318568342934487,0.23011728628556857,0.0031136290666879006,0.7495510951510953,0.007157239170638157,True
2pl,100,1000,-0.4,2pl_n100_p1000_rho-0.4,tbaem_d,rule_stable,5,5,a,estimated,5,1000,-0.032882138532274424,0.0010524358832286632,0.19113460026464973,0.0026961130329503907,0.06441156468173787,0.001955116645353704,0.2537943354012021,0.0038517736068912345,0.2536750881637289,0.003889547752060545,0.7495510951510953,0.007157239170638157,False
2pl,100,1000,-0.4,2pl_n100_p1000_rho-0.4,vi,all_returned,5,5,theta,estimated,5,100,0.02741225569426483,0.006887172214027281,0.06644152569462947,0.002184325513610932,0.007161962009941644,0.00043720216392023473,0.08462837591459288,0.0025830707442705742,0.08446568143819733,0.00262253070156547,0.9960732073207319,0.0002494806756025243,False
2pl,100,1000,-0.4,2pl_n100_p1000_rho-0.4,vi,all_returned,5,5,b,estimated,5,1000,-9.947598300641401e-18,7.331642522774808e-18,0.2156778292803847,0.0021642932345504492,0.07770040968005568,0.0019206439497285272,0.2787479321538649,0.0034451268120409932,0.27866474022309884,0.0034048581632909925,0.942714493914494,0.0020570408594437132,True
2pl,100,1000,-0.4,2pl_n100_p1000_rho-0.4,vi,all_returned,5,5,log_a,estimated,5,1000,-3.68594044175552e-18,9.944425728945138e-18,0.19211743308461826,0.002949776791968509,0.05786622031113101,0.001689644330813995,0.24055398627154573,0.003511985723044027,0.2404537887328889,0.0034711595731917355,0.7497727233727234,0.007010795877923758,True
2pl,100,1000,-0.4,2pl_n100_p1000_rho-0.4,vi,all_returned,5,5,a,estimated,5,1000,-0.0030386123633661466,0.0007158538488871255,0.20034436259183314,0.002640231349788907,0.06833136901875544,0.0014591817086082226,0.26140269512527115,0.002791060948910538,0.26134146126343905,0.0028288532767642696,0.7497727233727234,0.007010795877923758,False
2pl,100,1000,-0.4,2pl_n100_p1000_rho-0.4,vi,rule_stable,5,5,theta,estimated,5,100,0.02741225569426483,0.006887172214027281,0.06644152569462947,0.002184325513610932,0.007161962009941644,0.00043720216392023473,0.08462837591459288,0.0025830707442705742,0.08446568143819733,0.00262253070156547,0.9960732073207319,0.0002494806756025243,False
2pl,100,1000,-0.4,2pl_n100_p1000_rho-0.4,vi,rule_stable,5,5,b,estimated,5,1000,-9.947598300641401e-18,7.331642522774808e-18,0.2156778292803847,0.0021642932345504492,0.07770040968005568,0.0019206439497285272,0.2787479321538649,0.0034451268120409932,0.27866474022309884,0.0034048581632909925,0.942714493914494,0.0020570408594437132,True
2pl,100,1000,-0.4,2pl_n100_p1000_rho-0.4,vi,rule_stable,5,5,log_a,estimated,5,1000,-3.68594044175552e-18,9.944425728945138e-18,0.19211743308461826,0.002949776791968509,0.05786622031113101,0.001689644330813995,0.24055398627154573,0.003511985723044027,0.2404537887328889,0.0034711595731917355,0.7497727233727234,0.007010795877923758,True
2pl,100,1000,-0.4,2pl_n100_p1000_rho-0.4,vi,rule_stable,5,5,a,estimated,5,1000,-0.0030386123633661466,0.0007158538488871255,0.20034436259183314,0.002640231349788907,0.06833136901875544,0.0014591817086082226,0.26140269512527115,0.002791060948910538,0.26134146126343905,0.0028288532767642696,0.7497727233727234,0.007010795877923758,False
2pl,20,10000,0.0,2pl_n20_p10000_rho+0.0,jml,all_returned,5,5,theta,estimated,5,20,0.018060665674309622,0.01687328151624026,0.2215205958532705,0.03337322417142055,0.2028703101311863,0.07706019090260308,0.4504112677666782,0.08554425301646955,0.41561757848456865,0.08679334448246842,0.9954887218045112,0.0016472858872336104,False
2pl,20,10000,0.0,2pl_n20_p10000_rho+0.0,jml,all_returned,5,5,b,estimated,5,10000,3.1263880373444405e-18,7.935684066805801e-18,0.62131071708845,0.016569413013821446,0.7308865755229762,0.04754541418814738,0.854919046180968,0.027806968625005365,0.853105440069091,0.027828419140776748,0.7791763098932919,0.002272227836854622,True
2pl,20,10000,0.0,2pl_n20_p10000_rho+0.0,jml,all_returned,5,5,log_a,estimated,5,10000,-4.838796030526283e-17,2.477273392005425e-17,0.5880173726957056,0.0207165814275345,0.5958580140210896,0.034473142136908975,0.771918398550708,0.022329524857571073,0.7706325800948994,0.022267917040936294,0.4453659843565834,0.013456129789318046,True
2pl,20,10000,0.0,2pl_n20_p10000_rho+0.0,jml,all_returned,5,5,a,estimated,5,10000,0.5110521050003127,0.03173758402862334,0.9299631933727334,0.04021301002039846,7.564107565832428,0.9423993810712726,2.750292269165666,0.17132713341719874,2.727515518792696,0.17661162233658273,0.4453659843565834,0.013456129789318046,False
2pl,20,10000,0.0,2pl_n20_p10000_rho+0.0,tbaem_c,all_returned,5,5,theta,estimated,5,20,0.0030001365751716547,0.002367186362948052,0.07984396565910756,0.005493388910058905,0.01099586443719128,0.00161408637255964,0.1048611674414856,0.007696301748024735,0.103803223409716,0.007428917265387174,0.9963909774436089,0.0006015037593984917,False
2pl,20,10000,0.0,2pl_n20_p10000_rho+0.0,tbaem_c,all_returned,5,5,b,estimated,5,10000,-1.0125233984581435e-18,7.318482388892094e-18,0.36988120407470937,0.0017715001711968673,0.2199731481853157,0.0019163865141929106,0.46901295097823864,0.0020429995698368546,0.46899517717463,0.0020415663259550094,0.8086257213957581,0.002346532644146906,True
2pl,20,10000,0.0,2pl_n20_p10000_rho+0.0,tbaem_c,all_returned,5,5,log_a,estimated,5,10000,-1.101341240428155e-18,3.815819576998806e-18,0.24494917009424128,0.0011230260313141172,0.0945819958167761,0.0010875592299279915,0.3075418602674701,0.0017681482920441105,0.3075214243815303,0.0017726648816722155,0.46495790043103585,0.010368313386827735,True
2pl,20,10000,0.0,2pl_n20_p10000_rho+0.0,tbaem_c,all_returned,5,5,a,estimated,5,10000,-0.049659880341499735,0.0004913303304473383,0.2572769590318227,0.0011519673071787309,0.1186906734848838,0.0013267388992353984,0.34451512809292395,0.0019255161690280628,0.3444934932711046,0.0019304519390036022,0.46495790043103585,0.010368313386827735,False
2pl,20,10000,0.0,2pl_n20_p10000_rho+0.0,tbaem_c,rule_stable,5,5,theta,estimated,5,20,0.0030001365751716547,0.002367186362948052,0.07984396565910756,0.005493388910058905,0.01099586443719128,0.00161408637255964,0.1048611674414856,0.007696301748024735,0.103803223409716,0.007428917265387174,0.9963909774436089,0.0006015037593984917,False
2pl,20,10000,0.0,2pl_n20_p10000_rho+0.0,tbaem_c,rule_stable,5,5,b,estimated,5,10000,-1.0125233984581435e-18,7.318482388892094e-18,0.36988120407470937,0.0017715001711968673,0.2199731481853157,0.0019163865141929106,0.46901295097823864,0.0020429995698368546,0.46899517717463,0.0020415663259550094,0.8086257213957581,0.002346532644146906,True
2pl,20,10000,0.0,2pl_n20_p10000_rho+0.0,tbaem_c,rule_stable,5,5,log_a,estimated,5,10000,-1.101341240428155e-18,3.815819576998806e-18,0.24494917009424128,0.0011230260313141172,0.0945819958167761,0.0010875592299279915,0.3075418602674701,0.0017681482920441105,0.3075214243815303,0.0017726648816722155,0.46495790043103585,0.010368313386827735,True
2pl,20,10000,0.0,2pl_n20_p10000_rho+0.0,tbaem_c,rule_stable,5,5,a,estimated,5,10000,-0.049659880341499735,0.0004913303304473383,0.2572769590318227,0.0011519673071787309,0.1186906734848838,0.0013267388992353984,0.34451512809292395,0.0019255161690280628,0.3444934932711046,0.0019304519390036022,0.46495790043103585,0.010368313386827735,False
2pl,20,10000,0.0,2pl_n20_p10000_rho+0.0,tbaem_d,all_returned,5,5,theta,estimated,5,20,0.0030843218972782865,0.002359239187302254,0.07881167438511612,0.004934509404126009,0.010499992327231759,0.0012775066449506954,0.10246947022031372,0.006233596417567114,0.101744459880256,0.006083938093593924,0.9963909774436089,0.0006015037593984917,False
2pl,20,10000,0.0,2pl_n20_p10000_rho+0.0,tbaem_d,all_returned,5,5,b,estimated,5,10000,-3.2329694477084555e-18,6.255298799930386e-18,0.36973650413665193,0.0016902011842976755,0.21979828306179217,0.0018209368750172958,0.46882649569088153,0.0019420157475676478,0.4688104250346458,0.0019409044687248526,0.808656999916877,0.0023182545726991217,True
2pl,20,10000,0.0,2pl_n20_p10000_rho+0.0,tbaem_d,all_returned,5,5,log_a,estimated,5,10000,-3.4816594052244916e-18,4.817367087336589e-18,0.2447519820037573,0.0011684356688785925,0.09445318948129058,0.0011304569275453374,0.3073323762334365,0.0018391438959341705,0.3073102630474538,0.0018433466165749491,0.4661385976661103,0.010705047696222906,True
2pl,20,10000,0.0,2pl_n20_p10000_rho+0.0,tbaem_d,all_returned,5,5,a,estimated,5,10000,-0.0498068641354419,0.00042302883535218157,0.25705614529317344,0.0011958752972408523,0.11856322944750397,0.0013761941794131678,0.344330116962638,0.0019983645223262503,0.3443068123600542,0.0020030233375079713,0.4661385976661103,0.010705047696222906,False
2pl,20,10000,0.0,2pl_n20_p10000_rho+0.0,tbaem_d,rule_stable,5,5,theta,estimated,5,20,0.0030843218972782865,0.002359239187302254,0.07881167438511612,0.004934509404126009,0.010499992327231759,0.0012775066449506954,0.10246947022031372,0.006233596417567114,0.101744459880256,0.006083938093593924,0.9963909774436089,0.0006015037593984917,False
2pl,20,10000,0.0,2pl_n20_p10000_rho+0.0,tbaem_d,rule_stable,5,5,b,estimated,5,10000,-3.2329694477084555e-18,6.255298799930386e-18,0.36973650413665193,0.0016902011842976755,0.21979828306179217,0.0018209368750172958,0.46882649569088153,0.0019420157475676478,0.4688104250346458,0.0019409044687248526,0.808656999916877,0.0023182545726991217,True
2pl,20,10000,0.0,2pl_n20_p10000_rho+0.0,tbaem_d,rule_stable,5,5,log_a,estimated,5,10000,-3.4816594052244916e-18,4.817367087336589e-18,0.2447519820037573,0.0011684356688785925,0.09445318948129058,0.0011304569275453374,0.3073323762334365,0.0018391438959341705,0.3073102630474538,0.0018433466165749491,0.4661385976661103,0.010705047696222906,True
2pl,20,10000,0.0,2pl_n20_p10000_rho+0.0,tbaem_d,rule_stable,5,5,a,estimated,5,10000,-0.0498068641354419,0.00042302883535218157,0.25705614529317344,0.0011958752972408523,0.11856322944750397,0.0013761941794131678,0.344330116962638,0.0019983645223262503,0.3443068123600542,0.0020030233375079713,0.4661385976661103,0.010705047696222906,False
2pl,20,10000,0.0,2pl_n20_p10000_rho+0.0,vi,all_returned,5,5,theta,estimated,5,20,0.004296904438616265,0.0026510317276890977,0.08702589177497573,0.0065521991892671175,0.012932803242595377,0.0017487402472387628,0.11372248345246148,0.0076886302257450035,0.11270307174981378,0.00759639488098971,0.9963909774436089,0.0006015037593984917,False
2pl,20,10000,0.0,2pl_n20_p10000_rho+0.0,vi,all_returned,5,5,b,estimated,5,10000,-5.258016244624741e-18,4.683185500417067e-18,0.3994296211409198,0.002899345705862919,0.25593768522554294,0.0036396921468390023,0.505902841685578,0.0035972244539210314,0.5058519624953759,0.003587382929088323,0.8070440980374893,0.0022858795014153574,True
2pl,20,10000,0.0,2pl_n20_p10000_rho+0.0,vi,all_returned,5,5,log_a,estimated,5,10000,-5.702105454474804e-18,5.6355883090019996e-18,0.26362338489044707,0.0008328877385163768,0.10905736301065128,0.0008846873827099579,0.3302383427324139,0.0013394679966444779,0.3302274997666836,0.0013380404044940357,0.4649522904924465,0.010839574750947566,True
2pl,20,10000,0.0,2pl_n20_p10000_rho+0.0,vi,all_returned,5,5,a,estimated,5,10000,-0.021170552252633836,0.0014709438362136085,0.27823332715102533,0.0006927183214337999,0.1335393384501765,0.0008692744825051882,0.3654303469201436,0.0011893846390036516,0.3654226009614319,0.0011896592746004021,0.4649522904924465,0.010839574750947566,False
2pl,20,10000,0.0,2pl_n20_p10000_rho+0.0,vi,rule_stable,5,5,theta,estimated,5,20,0.004296904438616265,0.0026510317276890977,0.08702589177497573,0.0065521991892671175,0.012932803242595377,0.0017487402472387628,0.11372248345246148,0.0076886302257450035,0.11270307174981378,0.00759639488098971,0.9963909774436089,0.0006015037593984917,False
2pl,20,10000,0.0,2pl_n20_p10000_rho+0.0,vi,rule_stable,5,5,b,estimated,5,10000,-5.258016244624741e-18,4.683185500417067e-18,0.3994296211409198,0.002899345705862919,0.25593768522554294,0.0036396921468390023,0.505902841685578,0.0035972244539210314,0.5058519624953759,0.003587382929088323,0.8070440980374893,0.0022858795014153574,True
2pl,20,10000,0.0,2pl_n20_p10000_rho+0.0,vi,rule_stable,5,5,log_a,estimated,5,10000,-5.702105454474804e-18,5.6355883090019996e-18,0.26362338489044707,0.0008328877385163768,0.10905736301065128,0.0008846873827099579,0.3302383427324139,0.0013394679966444779,0.3302274997666836,0.0013380404044940357,0.4649522904924465,0.010839574750947566,True
2pl,20,10000,0.0,2pl_n20_p10000_rho+0.0,vi,rule_stable,5,5,a,estimated,5,10000,-0.021170552252633836,0.0014709438362136085,0.27823332715102533,0.0006927183214337999,0.1335393384501765,0.0008692744825051882,0.3654303469201436,0.0011893846390036516,0.3654226009614319,0.0011896592746004021,0.4649522904924465,0.010839574750947566,False
2pl,20,10000,0.4,2pl_n20_p10000_rho+0.4,jml,all_returned,5,5,theta,estimated,5,20,-0.04120909744692307,0.03782963728626429,0.16742984576196046,0.008508306443734116,0.08479747611263982,0.02206143793983542,0.2912000620065865,0.03788020817683828,0.2825746818631167,0.03517465452068511,0.9978947368421052,0.0003683443222230587,False
2pl,20,10000,0.4,2pl_n20_p10000_rho+0.4,jml,all_returned,5,5,b,estimated,5,10000,2.9842794901924213e-18,6.408291929963345e-18,0.6007315211788133,0.008922265635400604,0.6612629206610692,0.01600564073925094,0.8131807429231641,0.009841379593984853,0.8129491457994605,0.009703182531992632,0.774012223126223,0.006016189111294899,True
2pl,20,10000,0.4,2pl_n20_p10000_rho+0.4,jml,all_returned,5,5,log_a,estimated,5,10000,-7.105427357600995e-19,1.424246092388991e-17,0.5632764637994374,0.00902583325753806,0.55121506022697,0.015607946611212809,0.7424385902059307,0.01051127111192026,0.7421469944290983,0.010403111155156321,0.4542144685585557,0.006327145177808864,True
2pl,20,10000,0.4,2pl_n20_p10000_rho+0.4,jml,all_returned,5,5,a,estimated,5,10000,0.4811160855448219,0.02347058025136487,0.8876113219410874,0.02649097310421226,7.27275524840026,0.8779455345366239,2.6968046366765726,0.16277514555495698,2.675323357832679,0.16985300956646038,0.4542144685585557,0.006327145177808864,False
2pl,20,10000,0.4,2pl_n20_p10000_rho+0.4,jml,rule_stable,5,5,theta,estimated,4,20,-0.03541467889544874,0.04826154733775548,0.1618238462144906,0.008262772699912872,0.06416886883055233,0.010096831646166395,0.2533157492746006,0.019929340507015177,0.25095890739806387,0.01990389935098425,0.9981203007518797,0.0003759398496240851,False
2pl,20,10000,0.4,2pl_n20_p10000_rho+0.4,jml,rule_stable,5,5,b,estimated,4,10000,6.217248937900877e-18,7.143075202578721e-18,0.603206353484887,0.011066618658941842,0.6610615431124333,0.02066155780497019,0.8130569125912609,0.012706095652714256,0.8127674632998302,0.012524558722665313,0.7704083881609955,0.006219177995826993,True
2pl,20,10000,0.4,2pl_n20_p10000_rho+0.4,jml,rule_stable,5,5,log_a,estimated,4,10000,4.8849813083506885e-18,1.6908469467513858e-17,0.564805208660371,0.011483945688296731,0.5527988715535628,0.02004576177567326,0.743504452948039,0.0134805929515221,0.743143805807226,0.013368563172792912,0.4495088057340744,0.005460388185737413,True
2pl,20,10000,0.4,2pl_n20_p10000_rho+0.4,jml,rule_stable,5,5,a,estimated,4,10000,0.47435847952844346,0.029017319490928326,0.8833203548634392,0.03374806803227498,6.66837014391146,0.8220979332221324,2.582318753351619,0.1591782447761576,2.5659232038530293,0.16773814497609527,0.4495088057340744,0.005460388185737413,False
2pl,20,10000,0.4,2pl_n20_p10000_rho+0.4,tbaem_c,all_returned,5,5,theta,estimated,5,20,-0.05313229938669055,0.004132314324549561,0.08385839468339591,0.0036463209367593222,0.009469650489053837,0.00047216891964227013,0.09731212919802874,0.002426053789663842,0.09718813085958897,0.002455489211605743,0.9984962406015038,0.0008236429436168052,False
2pl,20,10000,0.4,2pl_n20_p10000_rho+0.4,tbaem_c,all_returned,5,5,b,estimated,5,10000,5.293543381412747e-18,1.0691602442458935e-17,0.36859091099020397,0.0029336409163448476,0.2202274583492804,0.003867757904719338,0.46928398475686384,0.004120914020455252,0.46921314636507694,0.004076813322477075,0.8083169718497487,0.004216326495170423,True
2pl,20,10000,0.4,2pl_n20_p10000_rho+0.4,tbaem_c,all_returned,5,5,log_a,estimated,5,10000,9.76996261670138e-19,4.578729891263909e-18,0.23860245755282522,0.002253552459903834,0.08929383585675141,0.0016574465758907237,0.29882074201224956,0.0027733124627318875,0.29876963610783935,0.0027631683237109537,0.505525179877675,0.010406900847304702,True
2pl,20,10000,0.4,2pl_n20_p10000_rho+0.4,tbaem_c,all_returned,5,5,a,estimated,5,10000,-0.048762687718202295,0.0007001648803603585,0.24908470402465413,0.002530348027347971,0.10911415808925998,0.002175309990906274,0.3303243225820042,0.0032926881888424146,0.3302593058333273,0.0032767743189287685,0.505525179877675,0.010406900847304702,False
2pl,20,10000,0.4,2pl_n20_p10000_rho+0.4,tbaem_c,rule_stable,5,5,theta,estimated,5,20,-0.05313229938669055,0.004132314324549561,0.08385839468339591,0.0036463209367593222,0.009469650489053837,0.00047216891964227013,0.09731212919802874,0.002426053789663842,0.09718813085958897,0.002455489211605743,0.9984962406015038,0.0008236429436168052,False
2pl,20,10000,0.4,2pl_n20_p10000_rho+0.4,tbaem_c,rule_stable,5,5,b,estimated,5,10000,5.293543381412747e-18,1.0691602442458935e-17,0.36859091099020397,0.0029336409163448476,0.2202274583492804,0.003867757904719338,0.46928398475686384,0.004120914020455252,0.46921314636507694,0.004076813322477075,0.8083169718497487,0.004216326495170423,True
2pl,20,10000,0.4,2pl_n20_p10000_rho+0.4,tbaem_c,rule_stable,5,5,log_a,estimated,5,10000,9.76996261670138e-19,4.578729891263909e-18,0.23860245755282522,0.002253552459903834,0.08929383585675141,0.0016574465758907237,0.29882074201224956,0.0027733124627318875,0.29876963610783935,0.0027631683237109537,0.505525179877675,0.010406900847304702,True
2pl,20,10000,0.4,2pl_n20_p10000_rho+0.4,tbaem_c,rule_stable,5,5,a,estimated,5,10000,-0.048762687718202295,0.0007001648803603585,0.24908470402465413,0.002530348027347971,0.10911415808925998,0.002175309990906274,0.3303243225820042,0.0032926881888424146,0.3302593058333273,0.0032767743189287685,0.505525179877675,0.010406900847304702,False
2pl,20,10000,0.4,2pl_n20_p10000_rho+0.4,tbaem_d,all_returned,5,5,theta,estimated,5,20,-0.057547978147607114,0.0031185801483769025,0.09183598735265451,0.006682853185410839,0.010909306022825449,0.001144266645316261,0.10444762334694575,0.0054777055171247304,0.10383971394596167,0.005626273865674806,0.9984962406015038,0.0008236429436168052,False
2pl,20,10000,0.4,2pl_n20_p10000_rho+0.4,tbaem_d,all_returned,5,5,b,estimated,5,10000,-1.34647848426539e-17,6.354393657169866e-18,0.370239132452611,0.0028954321428827042,0.222183395137895,0.003917237608569074,0.47136333665007824,0.004155220934670486,0.47129167940218875,0.004109381466827316,0.806448385226331,0.004697483893953794,True
2pl,20,10000,0.4,2pl_n20_p10000_rho+0.4,tbaem_d,all_returned,5,5,log_a,estimated,5,10000,-2.7711166694643907e-18,5.053290318828539e-18,0.2445306301615311,0.0010766060163269215,0.09382382629353339,0.000787688055323287,0.3063067519555085,0.0012857830431333421,0.3062959571907714,0.0012857781809536048,0.46879243340969196,0.008789086041957309,True
2pl,20,10000,0.4,2pl_n20_p10000_rho+0.4,tbaem_d,all_returned,5,5,a,estimated,5,10000,-0.04951132898107192,0.0004779713097139626,0.25556162537727767,0.0011491808702327288,0.1150105016778831,0.0009607547098047129,0.3391319826820866,0.0014164908632421079,0.3391201726264947,0.0014151144529249847,0.46879243340969196,0.008789086041957309,False
2pl,20,10000,0.4,2pl_n20_p10000_rho+0.4,tbaem_d,rule_stable,5,5,theta,estimated,5,20,-0.057547978147607114,0.0031185801483769025,0.09183598735265451,0.006682853185410839,0.010909306022825449,0.001144266645316261,0.10444762334694575,0.0054777055171247304,0.10383971394596167,0.005626273865674806,0.9984962406015038,0.0008236429436168052,False
2pl,20,10000,0.4,2pl_n20_p10000_rho+0.4,tbaem_d,rule_stable,5,5,b,estimated,5,10000,-1.34647848426539e-17,6.354393657169866e-18,0.370239132452611,0.0028954321428827042,0.222183395137895,0.003917237608569074,0.47136333665007824,0.004155220934670486,0.47129167940218875,0.004109381466827316,0.806448385226331,0.004697483893953794,True
2pl,20,10000,0.4,2pl_n20_p10000_rho+0.4,tbaem_d,rule_stable,5,5,log_a,estimated,5,10000,-2.7711166694643907e-18,5.053290318828539e-18,0.2445306301615311,0.0010766060163269215,0.09382382629353339,0.000787688055323287,0.3063067519555085,0.0012857830431333421,0.3062959571907714,0.0012857781809536048,0.46879243340969196,0.008789086041957309,True
2pl,20,10000,0.4,2pl_n20_p10000_rho+0.4,tbaem_d,rule_stable,5,5,a,estimated,5,10000,-0.04951132898107192,0.0004779713097139626,0.25556162537727767,0.0011491808702327288,0.1150105016778831,0.0009607547098047129,0.3391319826820866,0.0014164908632421079,0.3391201726264947,0.0014151144529249847,0.46879243340969196,0.008789086041957309,False
2pl,20,10000,0.4,2pl_n20_p10000_rho+0.4,vi,all_returned,5,5,theta,estimated,5,20,-0.05147008543986394,0.0029701754887124445,0.09639831320072909,0.006912002183482755,0.012300162551024146,0.0012646819094311297,0.11090609789828576,0.0057015887016014,0.11028765625194806,0.00584797891318637,0.9990977443609023,0.00036834432222303156,False
2pl,20,10000,0.4,2pl_n20_p10000_rho+0.4,vi,all_returned,5,5,b,estimated,5,10000,-1.5631940186722205e-18,7.969965010327474e-18,0.40037010801752737,0.0025067830229751984,0.2586653258394094,0.003593003393788519,0.5085915117650012,0.0035323076680138297,0.508543078179326,0.0035093972169488404,0.8047076777442003,0.0041883216237287016,True
2pl,20,10000,0.4,2pl_n20_p10000_rho+0.4,vi,all_returned,5,5,log_a,estimated,5,10000,4.005684672847565e-18,5.73862929935772e-18,0.2625208166367402,0.0017425007170644908,0.1084742246420211,0.0014549537601245546,0.32935425402144286,0.002208797582480639,0.3293248427520347,0.002200715131992188,0.46842051472086527,0.008591152643152487,True
2pl,20,10000,0.4,2pl_n20_p10000_rho+0.4,vi,all_returned,5,5,a,estimated,5,10000,-0.020067405721128712,0.0011342805172642938,0.2755581112103885,0.0018034669171170016,0.12980232030645858,0.001521935844642676,0.3602808908427681,0.0021121517728605694,0.36025642719263473,0.0020992244315722955,0.46842051472086527,0.008591152643152487,False
2pl,20,10000,0.4,2pl_n20_p10000_rho+0.4,vi,rule_stable,5,5,theta,estimated,5,20,-0.05147008543986394,0.0029701754887124445,0.09639831320072909,0.006912002183482755,0.012300162551024146,0.0012646819094311297,0.11090609789828576,0.0057015887016014,0.11028765625194806,0.00584797891318637,0.9990977443609023,0.00036834432222303156,False
2pl,20,10000,0.4,2pl_n20_p10000_rho+0.4,vi,rule_stable,5,5,b,estimated,5,10000,-1.5631940186722205e-18,7.969965010327474e-18,0.40037010801752737,0.0025067830229751984,0.2586653258394094,0.003593003393788519,0.5085915117650012,0.0035323076680138297,0.508543078179326,0.0035093972169488404,0.8047076777442003,0.0041883216237287016,True
2pl,20,10000,0.4,2pl_n20_p10000_rho+0.4,vi,rule_stable,5,5,log_a,estimated,5,10000,4.005684672847565e-18,5.73862929935772e-18,0.2625208166367402,0.0017425007170644908,0.1084742246420211,0.0014549537601245546,0.32935425402144286,0.002208797582480639,0.3293248427520347,0.002200715131992188,0.46842051472086527,0.008591152643152487,True
2pl,20,10000,0.4,2pl_n20_p10000_rho+0.4,vi,rule_stable,5,5,a,estimated,5,10000,-0.020067405721128712,0.0011342805172642938,0.2755581112103885,0.0018034669171170016,0.12980232030645858,0.001521935844642676,0.3602808908427681,0.0021121517728605694,0.36025642719263473,0.0020992244315722955,0.46842051472086527,0.008591152643152487,False
2pl,20,10000,-0.4,2pl_n20_p10000_rho-0.4,jml,all_returned,5,5,theta,estimated,5,20,-0.04106300899457029,0.018705783162542112,0.19155419653679767,0.042025000197044284,0.16925774729426069,0.09226840142000146,0.41140946427404984,0.11213694558876171,0.3509467503425337,0.10734771273561909,0.9966917293233083,0.0008768348714053246,False
2pl,20,10000,-0.4,2pl_n20_p10000_rho-0.4,jml,all_returned,5,5,b,estimated,5,10000,1.7763568394002397e-19,9.311566990289649e-18,0.6138172130464942,0.022761746928172854,0.7124337178620758,0.06897981170052339,0.8440578877435337,0.04086201473984853,0.8403893679796482,0.03930466908919094,0.7723480047075172,0.003758193281740332,True
2pl,20,10000,-0.4,2pl_n20_p10000_rho-0.4,jml,all_returned,5,5,log_a,estimated,5,10000,3.5988989566249075e-17,2.6768088545237206e-17,0.597509401630706,0.028438613963883246,0.6104604669431912,0.04715608101351945,0.7813196957348453,0.03017719972435119,0.7791241907043532,0.02926586066766972,0.41637784078785745,0.018189043095600575,True
2pl,20,10000,-0.4,2pl_n20_p10000_rho-0.4,jml,all_returned,5,5,a,estimated,5,10000,0.5103053768987081,0.04032512659558312,0.9385078643869893,0.05121859974919992,7.126089410584034,0.803721787835477,2.6694736205072402,0.15053937631396366,2.6517697633358064,0.15346541372732309,0.41637784078785745,0.018189043095600575,False
2pl,20,10000,-0.4,2pl_n20_p10000_rho-0.4,jml,rule_stable,5,5,theta,estimated,1,20,0.006865086038172164,,0.13953122231589474,,0.029295949070478312,,0.1711605943857356,,0.1711605943857356,,0.9969924812030074,,False
2pl,20,10000,-0.4,2pl_n20_p10000_rho-0.4,jml,rule_stable,5,5,b,estimated,1,10000,-5.506706202140776e-18,,0.5737989957752407,,0.5983141430371288,,0.7735076877686018,,0.7735076877686018,,0.7813487416426899,,True
2pl,20,10000,-0.4,2pl_n20_p10000_rho-0.4,jml,rule_stable,5,5,log_a,estimated,1,10000,-2.6645352591003756e-17,,0.5336662529692612,,0.5082032419600767,,0.7128837506635123,,0.7128837506635123,,0.4568566248470948,,True
2pl,20,10000,-0.4,2pl_n20_p10000_rho-0.4,jml,rule_stable,5,5,a,estimated,1,10000,0.4536740822916296,,0.8499603504958846,,6.687862858350249,,2.586090264927009,,2.586090264927009,,0.4568566248470948,,False
2pl,20,10000,-0.4,2pl_n20_p10000_rho-0.4,tbaem_c,all_returned,5,5,theta,estimated,5,20,0.04664552678221297,0.0027962276500559297,0.08928685377846564,0.0059739277865121275,0.01173579572495555,0.0018840667562868899,0.1083318776951436,0.008695809563962494,0.10699266616260021,0.008490658283871973,0.9963909774436089,0.0010198992455827624,False
2pl,20,10000,-0.4,2pl_n20_p10000_rho-0.4,tbaem_c,all_returned,5,5,b,estimated,5,10000,-1.083577672034153e-18,9.092899813622512e-18,0.3697401096723775,0.001125040653421613,0.22461745577261838,0.0019482735025356812,0.47393824046242394,0.0020554086336594625,0.4739204501012052,0.0020532138520732096,0.8025142241618217,0.0009416693265106215,True
2pl,20,10000,-0.4,2pl_n20_p10000_rho-0.4,tbaem_c,all_returned,5,5,log_a,estimated,5,10000,-2.3536728122053323e-18,3.796170572639939e-18,0.24166091067164017,0.0017359955822411671,0.09165903362660757,0.0011583599287835168,0.3027524295965394,0.0019130481138123247,0.30272847451259655,0.0019042285763390123,0.48367323669718915,0.013651350412144762,True
2pl,20,10000,-0.4,2pl_n20_p10000_rho-0.4,tbaem_c,all_returned,5,5,a,estimated,5,10000,-0.049035293764580115,0.0008006576322860571,0.252339199972254,0.0017514030091845996,0.11154413802838478,0.0013226946218790367,0.33398224208539107,0.0019801870506948333,0.33395888521608796,0.0019749059226050036,0.48367323669718915,0.013651350412144762,False
2pl,20,10000,-0.4,2pl_n20_p10000_rho-0.4,tbaem_c,rule_stable,5,5,theta,estimated,5,20,0.04664552678221297,0.0027962276500559297,0.08928685377846564,0.0059739277865121275,0.01173579572495555,0.0018840667562868899,0.1083318776951436,0.008695809563962494,0.10699266616260021,0.008490658283871973,0.9963909774436089,0.0010198992455827624,False
2pl,20,10000,-0.4,2pl_n20_p10000_rho-0.4,tbaem_c,rule_stable,5,5,b,estimated,5,10000,-1.083577672034153e-18,9.092899813622512e-18,0.3697401096723775,0.001125040653421613,0.22461745577261838,0.0019482735025356812,0.47393824046242394,0.0020554086336594625,0.4739204501012052,0.0020532138520732096,0.8025142241618217,0.0009416693265106215,True
2pl,20,10000,-0.4,2pl_n20_p10000_rho-0.4,tbaem_c,rule_stable,5,5,log_a,estimated,5,10000,-2.3536728122053323e-18,3.796170572639939e-18,0.24166091067164017,0.0017359955822411671,0.09165903362660757,0.0011583599287835168,0.3027524295965394,0.0019130481138123247,0.30272847451259655,0.0019042285763390123,0.48367323669718915,0.013651350412144762,True
2pl,20,10000,-0.4,2pl_n20_p10000_rho-0.4,tbaem_c,rule_stable,5,5,a,estimated,5,10000,-0.049035293764580115,0.0008006576322860571,0.252339199972254,0.0017514030091845996,0.11154413802838478,0.0013226946218790367,0.33398224208539107,0.0019801870506948333,0.33395888521608796,0.0019749059226050036,0.48367323669718915,0.013651350412144762,False
2pl,20,10000,-0.4,2pl_n20_p10000_rho-0.4,tbaem_d,all_returned,5,5,theta,estimated,5,20,0.0547013017873044,0.003433407244768073,0.10286110139945129,0.006983155458153804,0.01491506576440034,0.0023994908412783376,0.12212725234115578,0.00982373219441428,0.12058075046991838,0.009686954894491057,0.9963909774436089,0.0010198992455827624,False
2pl,20,10000,-0.4,2pl_n20_p10000_rho-0.4,tbaem_d,all_returned,5,5,b,estimated,5,10000,-1.3855583347321963e-18,1.060090709758428e-17,0.3710833747568772,0.0007321287306772032,0.22640612535336727,0.0014961676415848073,0.47582152678642786,0.001572194149862792,0.47581111779950813,0.0015736527372580196,0.8002987883197819,0.0007560993396012026,True
2pl,20,10000,-0.4,2pl_n20_p10000_rho-0.4,tbaem_d,all_returned,5,5,log_a,estimated,5,10000,3.681499549657019e-18,3.624026450968722e-18,0.25036689741645446,0.0020511831619394057,0.09807442117389335,0.0013186952872005536,0.3131683591518999,0.0021054095164207355,0.3131403373246203,0.002094654751764052,0.43211540521919306,0.015809699648706144,True
2pl,20,10000,-0.4,2pl_n20_p10000_rho-0.4,tbaem_d,all_returned,5,5,a,estimated,5,10000,-0.0502544136253575,0.0008629774266958171,0.2618458745463858,0.0021290523742739805,0.12002788984890275,0.0016497279808006906,0.3464504147044751,0.0023809005715982783,0.34641793822930317,0.0023718095339559883,0.43211540521919306,0.015809699648706144,False
2pl,20,10000,-0.4,2pl_n20_p10000_rho-0.4,tbaem_d,rule_stable,5,5,theta,estimated,5,20,0.0547013017873044,0.003433407244768073,0.10286110139945129,0.006983155458153804,0.01491506576440034,0.0023994908412783376,0.12212725234115578,0.00982373219441428,0.12058075046991838,0.009686954894491057,0.9963909774436089,0.0010198992455827624,False
2pl,20,10000,-0.4,2pl_n20_p10000_rho-0.4,tbaem_d,rule_stable,5,5,b,estimated,5,10000,-1.3855583347321963e-18,1.060090709758428e-17,0.3710833747568772,0.0007321287306772032,0.22640612535336727,0.0014961676415848073,0.47582152678642786,0.001572194149862792,0.47581111779950813,0.0015736527372580196,0.8002987883197819,0.0007560993396012026,True
2pl,20,10000,-0.4,2pl_n20_p10000_rho-0.4,tbaem_d,rule_stable,5,5,log_a,estimated,5,10000,3.681499549657019e-18,3.624026450968722e-18,0.25036689741645446,0.0020511831619394057,0.09807442117389335,0.0013186952872005536,0.3131683591518999,0.0021054095164207355,0.3131403373246203,0.002094654751764052,0.43211540521919306,0.015809699648706144,True
2pl,20,10000,-0.4,2pl_n20_p10000_rho-0.4,tbaem_d,rule_stable,5,5,a,estimated,5,10000,-0.0502544136253575,0.0008629774266958171,0.2618458745463858,0.0021290523742739805,0.12002788984890275,0.0016497279808006906,0.3464504147044751,0.0023809005715982783,0.34641793822930317,0.0023718095339559883,0.43211540521919306,0.015809699648706144,False
2pl,20,10000,-0.4,2pl_n20_p10000_rho-0.4,vi,all_returned,5,5,theta,estimated,5,20,0.05317049967654826,0.004990295560051381,0.10961937379573894,0.006687076248231608,0.01732602130116858,0.002518628411811682,0.13162834535603865,0.009567196203063628,0.13026996991544837,0.009430750757452405,0.9969924812030075,0.0008236429436168052,False
2pl,20,10000,-0.4,2pl_n20_p10000_rho-0.4,vi,all_returned,5,5,b,estimated,5,10000,-3.5527136788004977e-19,7.410836404987418e-18,0.39912454840822864,0.0009481978655535055,0.2599287823852176,0.0009673718616048495,0.5098321119596309,0.0009487160958600498,0.5098285888202387,0.000947682275552459,0.7993397052563567,0.0005927267979073447,True
2pl,20,10000,-0.4,2pl_n20_p10000_rho-0.4,vi,all_returned,5,5,log_a,estimated,5,10000,-7.283063041541033e-19,7.318848866500743e-18,0.26967984396146033,0.002182390591582313,0.11386884626292008,0.0016042160676459285,0.3374445825064022,0.002377006700967695,0.3374114669505081,0.002363695899765426,0.4310723757950001,0.0162508678277664,True
2pl,20,10000,-0.4,2pl_n20_p10000_rho-0.4,vi,all_returned,5,5,a,estimated,5,10000,-0.02224994922898664,0.001157749473296022,0.2829240405814959,0.002368853614468039,0.13588648292647423,0.0022514406318960723,0.3686278379700511,0.0030538125447799047,0.3685776496399629,0.003041344782944235,0.4310723757950001,0.0162508678277664,False
2pl,20,10000,-0.4,2pl_n20_p10000_rho-0.4,vi,rule_stable,5,5,theta,estimated,5,20,0.05317049967654826,0.004990295560051381,0.10961937379573894,0.006687076248231608,0.01732602130116858,0.002518628411811682,0.13162834535603865,0.009567196203063628,0.13026996991544837,0.009430750757452405,0.9969924812030075,0.0008236429436168052,False
2pl,20,10000,-0.4,2pl_n20_p10000_rho-0.4,vi,rule_stable,5,5,b,estimated,5,10000,-3.5527136788004977e-19,7.410836404987418e-18,0.39912454840822864,0.0009481978655535055,0.2599287823852176,0.0009673718616048495,0.5098321119596309,0.0009487160958600498,0.5098285888202387,0.000947682275552459,0.7993397052563567,0.0005927267979073447,True
2pl,20,10000,-0.4,2pl_n20_p10000_rho-0.4,vi,rule_stable,5,5,log_a,estimated,5,10000,-7.283063041541033e-19,7.318848866500743e-18,0.26967984396146033,0.002182390591582313,0.11386884626292008,0.0016042160676459285,0.3374445825064022,0.002377006700967695,0.3374114669505081,0.002363695899765426,0.4310723757950001,0.0162508678277664,True
2pl,20,10000,-0.4,2pl_n20_p10000_rho-0.4,vi,rule_stable,5,5,a,estimated,5,10000,-0.02224994922898664,0.001157749473296022,0.2829240405814959,0.002368853614468039,0.13588648292647423,0.0022514406318960723,0.3686278379700511,0.0030538125447799047,0.3685776496399629,0.003041344782944235,0.4310723757950001,0.0162508678277664,False
2pl,20,1000,0.0,2pl_n20_p1000_rho+0.0,jml,all_returned,5,5,theta,estimated,5,20,-0.01404285764680322,0.012851119067886246,0.22948480451409256,0.03397383904471207,0.15333649819081901,0.05173326909145989,0.3915820452865772,0.06605674304295435,0.36421382918213674,0.07191102979255748,0.9858646616541351,0.0034158847192783527,False
2pl,20,1000,0.0,2pl_n20_p1000_rho+0.0,jml,all_returned,5,5,b,estimated,5,1000,1.5099033134902127e-17,2.780438251636946e-18,0.6293909676860745,0.018090079604186293,0.7345073736476692,0.04709848547592768,0.8570340562939545,0.02747760437875374,0.8552754027466559,0.02743792587011054,0.7723122896985828,0.006073858710719578,True
2pl,20,1000,0.0,2pl_n20_p1000_rho+0.0,jml,all_returned,5,5,log_a,estimated,5,1000,-1.3145040611561856e-17,1.82161041710945e-17,0.5841343056932138,0.01680378498498531,0.5940092914500863,0.029166613671846864,0.7707199825164042,0.018921666969511898,0.7698007561774503,0.01881546729895256,0.48633901798765533,0.017094401334570422,True
2pl,20,1000,0.0,2pl_n20_p1000_rho+0.0,jml,all_returned,5,5,a,estimated,5,1000,0.5466402179685573,0.044002505907838566,0.9583609372996753,0.05103062915536931,7.958232032207604,1.2148435232089765,2.8210338587488817,0.21531884834373366,2.7841015757522087,0.2274920043109615,0.48633901798765533,0.017094401334570422,False
2pl,20,1000,0.0,2pl_n20_p1000_rho+0.0,jml,rule_stable,5,5,theta,estimated,5,20,-0.01404285764680322,0.012851119067886246,0.22948480451409256,0.03397383904471207,0.15333649819081901,0.05173326909145989,0.3915820452865772,0.06605674304295435,0.36421382918213674,0.07191102979255748,0.9858646616541351,0.0034158847192783527,False
2pl,20,1000,0.0,2pl_n20_p1000_rho+0.0,jml,rule_stable,5,5,b,estimated,5,1000,1.5099033134902127e-17,2.780438251636946e-18,0.6293909676860745,0.018090079604186293,0.7345073736476692,0.04709848547592768,0.8570340562939545,0.02747760437875374,0.8552754027466559,0.02743792587011054,0.7723122896985828,0.006073858710719578,True
2pl,20,1000,0.0,2pl_n20_p1000_rho+0.0,jml,rule_stable,5,5,log_a,estimated,5,1000,-1.3145040611561856e-17,1.82161041710945e-17,0.5841343056932138,0.01680378498498531,0.5940092914500863,0.029166613671846864,0.7707199825164042,0.018921666969511898,0.7698007561774503,0.01881546729895256,0.48633901798765533,0.017094401334570422,True
2pl,20,1000,0.0,2pl_n20_p1000_rho+0.0,jml,rule_stable,5,5,a,estimated,5,1000,0.5466402179685573,0.044002505907838566,0.9583609372996753,0.05103062915536931,7.958232032207604,1.2148435232089765,2.8210338587488817,0.21531884834373366,2.7841015757522087,0.2274920043109615,0.48633901798765533,0.017094401334570422,False
2pl,20,1000,0.0,2pl_n20_p1000_rho+0.0,tbaem_c,all_returned,5,5,theta,estimated,5,20,-0.008481205000818658,0.006820352076215568,0.09616265139208427,0.006082850602100713,0.015614684012638085,0.002646119462059017,0.12495872923744898,0.010587973638203418,0.12312589245688524,0.010661831682849048,0.9885714285714284,0.0029544184517877273,False
2pl,20,1000,0.0,2pl_n20_p1000_rho+0.0,tbaem_c,all_returned,5,5,b,estimated,5,1000,-6.217248937900879e-19,5.782716815850374e-18,0.3695186080303217,0.0038018320000122027,0.22261072181248903,0.0050368129387720695,0.47181640689201243,0.00533768311698927,0.4716948510741516,0.0053546541116798975,0.8056375494811899,0.0038064074250471827,True
2pl,20,1000,0.0,2pl_n20_p1000_rho+0.0,tbaem_c,all_returned,5,5,log_a,estimated,5,1000,1.154631945610163e-18,3.8907892221490504e-18,0.24407572728936602,0.0019987810765265605,0.09330177919439908,0.0013772857587054479,0.30545339938262117,0.0022544940758380846,0.3054198682552127,0.002262922301338411,0.5002840327539834,0.017499393319958284,True
2pl,20,1000,0.0,2pl_n20_p1000_rho+0.0,tbaem_c,all_returned,5,5,a,estimated,5,1000,-0.04678918232767944,0.0019436932561181083,0.2569685413167986,0.001985283029235666,0.11723381941661415,0.0015324733357095204,0.34239424559506565,0.0022378783455401703,0.342365221142238,0.0022290563497053204,0.5002840327539834,0.017499393319958284,False
2pl,20,1000,0.0,2pl_n20_p1000_rho+0.0,tbaem_c,rule_stable,5,5,theta,estimated,5,20,-0.008481205000818658,0.006820352076215568,0.09616265139208427,0.006082850602100713,0.015614684012638085,0.002646119462059017,0.12495872923744898,0.010587973638203418,0.12312589245688524,0.010661831682849048,0.9885714285714284,0.0029544184517877273,False
2pl,20,1000,0.0,2pl_n20_p1000_rho+0.0,tbaem_c,rule_stable,5,5,b,estimated,5,1000,-6.217248937900879e-19,5.782716815850374e-18,0.3695186080303217,0.0038018320000122027,0.22261072181248903,0.0050368129387720695,0.47181640689201243,0.00533768311698927,0.4716948510741516,0.0053546541116798975,0.8056375494811899,0.0038064074250471827,True
2pl,20,1000,0.0,2pl_n20_p1000_rho+0.0,tbaem_c,rule_stable,5,5,log_a,estimated,5,1000,1.154631945610163e-18,3.8907892221490504e-18,0.24407572728936602,0.0019987810765265605,0.09330177919439908,0.0013772857587054479,0.30545339938262117,0.0022544940758380846,0.3054198682552127,0.002262922301338411,0.5002840327539834,0.017499393319958284,True
2pl,20,1000,0.0,2pl_n20_p1000_rho+0.0,tbaem_c,rule_stable,5,5,a,estimated,5,1000,-0.04678918232767944,0.0019436932561181083,0.2569685413167986,0.001985283029235666,0.11723381941661415,0.0015324733357095204,0.34239424559506565,0.0022378783455401703,0.342365221142238,0.0022290563497053204,0.5002840327539834,0.017499393319958284,False
2pl,20,1000,0.0,2pl_n20_p1000_rho+0.0,tbaem_d,all_returned,5,5,theta,estimated,5,20,-0.006801208147006588,0.006831287434969183,0.09388897066599322,0.0053824936798213645,0.014570624560018442,0.002173775600069376,0.12070884209542582,0.00900421030611373,0.11935841452019788,0.009002686310805367,0.9879699248120299,0.002731714605200727,False
2pl,20,1000,0.0,2pl_n20_p1000_rho+0.0,tbaem_d,all_returned,5,5,b,estimated,5,1000,1.3322676295501886e-18,6.493428630859284e-18,0.3693274340118867,0.0038610943933105376,0.2222138439344412,0.0048986213239147055,0.4713956341911126,0.005195870483951823,0.4712802379773808,0.005214911946153267,0.805605415849722,0.0035550918107283207,True
2pl,20,1000,0.0,2pl_n20_p1000_rho+0.0,tbaem_d,all_returned,5,5,log_a,estimated,5,1000,-2.731148640577885e-18,4.4171810484187985e-18,0.2437817283989955,0.0020703239574447075,0.09275092738285226,0.0013146072352869104,0.3045503692049186,0.002158275556714838,0.3045194302389447,0.002170483229650973,0.5038222602967062,0.018107575659761517,True
2pl,20,1000,0.0,2pl_n20_p1000_rho+0.0,tbaem_d,all_returned,5,5,a,estimated,5,1000,-0.04735296190916446,0.001826219533638176,0.2566168335782562,0.002047039503162834,0.11671582989999485,0.0016015453984061772,0.341636985556299,0.002343928593969893,0.34160511184999953,0.0023333161993282802,0.5038222602967062,0.018107575659761517,False
2pl,20,1000,0.0,2pl_n20_p1000_rho+0.0,tbaem_d,rule_stable,5,5,theta,estimated,5,20,-0.006801208147006588,0.006831287434969183,0.09388897066599322,0.0053824936798213645,0.014570624560018442,0.002173775600069376,0.12070884209542582,0.00900421030611373,0.11935841452019788,0.009002686310805367,0.9879699248120299,0.002731714605200727,False
2pl,20,1000,0.0,2pl_n20_p1000_rho+0.0,tbaem_d,rule_stable,5,5,b,estimated,5,1000,1.3322676295501886e-18,6.493428630859284e-18,0.3693274340118867,0.0038610943933105376,0.2222138439344412,0.0048986213239147055,0.4713956341911126,0.005195870483951823,0.4712802379773808,0.005214911946153267,0.805605415849722,0.0035550918107283207,True
2pl,20,1000,0.0,2pl_n20_p1000_rho+0.0,tbaem_d,rule_stable,5,5,log_a,estimated,5,1000,-2.731148640577885e-18,4.4171810484187985e-18,0.2437817283989955,0.0020703239574447075,0.09275092738285226,0.0013146072352869104,0.3045503692049186,0.002158275556714838,0.3045194302389447,0.002170483229650973,0.5038222602967062,0.018107575659761517,True
2pl,20,1000,0.0,2pl_n20_p1000_rho+0.0,tbaem_d,rule_stable,5,5,a,estimated,5,1000,-0.04735296190916446,0.001826219533638176,0.2566168335782562,0.002047039503162834,0.11671582989999485,0.0016015453984061772,0.341636985556299,0.002343928593969893,0.34160511184999953,0.0023333161993282802,0.5038222602967062,0.018107575659761517,False
2pl,20,1000,0.0,2pl_n20_p1000_rho+0.0,vi,all_returned,5,5,theta,estimated,5,20,-0.0015588423735527189,0.007614886586072082,0.08936858170086207,0.002891770617741047,0.012704817225309358,0.0010061609471858123,0.1127156476506672,0.004463270930688107,0.11234196273254926,0.004585319909991877,0.9894736842105262,0.00242473917242064,False
2pl,20,1000,0.0,2pl_n20_p1000_rho+0.0,vi,all_returned,5,5,b,estimated,5,1000,7.59392548843607e-18,1.1375187125104338e-17,0.3976612089258626,0.004566519691510037,0.25658420790768904,0.005379921294502875,0.5065414177613604,0.0053104456080602675,0.5064297745385223,0.005317221279728342,0.8032523680523681,0.00357086768421018,True
2pl,20,1000,0.0,2pl_n20_p1000_rho+0.0,vi,all_returned,5,5,log_a,estimated,5,1000,-1.332267629550188e-18,4.10392255366358e-18,0.2593614403568035,0.0014749544771050854,0.10543793304232474,0.001190139312240099,0.3247120771426969,0.001832607094125859,0.32469122381725013,0.0018399876617205895,0.5033351561351561,0.017867173486234667,True
2pl,20,1000,0.0,2pl_n20_p1000_rho+0.0,vi,all_returned,5,5,a,estimated,5,1000,-0.02064466205405177,0.0008738983184865683,0.2742034772014386,0.0020920553360409756,0.13021555358597509,0.0017798177023209847,0.3608539227803615,0.002466119376793216,0.36082038206870515,0.002459952731696106,0.5033351561351561,0.017867173486234667,False
2pl,20,1000,0.0,2pl_n20_p1000_rho+0.0,vi,rule_stable,5,5,theta,estimated,5,20,-0.0015588423735527189,0.007614886586072082,0.08936858170086207,0.002891770617741047,0.012704817225309358,0.0010061609471858123,0.1127156476506672,0.004463270930688107,0.11234196273254926,0.004585319909991877,0.9894736842105262,0.00242473917242064,False
2pl,20,1000,0.0,2pl_n20_p1000_rho+0.0,vi,rule_stable,5,5,b,estimated,5,1000,7.59392548843607e-18,1.1375187125104338e-17,0.3976612089258626,0.004566519691510037,0.25658420790768904,0.005379921294502875,0.5065414177613604,0.0053104456080602675,0.5064297745385223,0.005317221279728342,0.8032523680523681,0.00357086768421018,True
2pl,20,1000,0.0,2pl_n20_p1000_rho+0.0,vi,rule_stable,5,5,log_a,estimated,5,1000,-1.332267629550188e-18,4.10392255366358e-18,0.2593614403568035,0.0014749544771050854,0.10543793304232474,0.001190139312240099,0.3247120771426969,0.001832607094125859,0.32469122381725013,0.0018399876617205895,0.5033351561351561,0.017867173486234667,True
2pl,20,1000,0.0,2pl_n20_p1000_rho+0.0,vi,rule_stable,5,5,a,estimated,5,1000,-0.02064466205405177,0.0008738983184865683,0.2742034772014386,0.0020920553360409756,0.13021555358597509,0.0017798177023209847,0.3608539227803615,0.002466119376793216,0.36082038206870515,0.002459952731696106,0.5033351561351561,0.017867173486234667,False
2pl,20,1000,0.4,2pl_n20_p1000_rho+0.4,jml,all_returned,5,5,theta,estimated,5,20,-0.004380165426011594,0.023339315569418928,0.18254021504560006,0.015591068228574242,0.10398401679895779,0.020004705457030692,0.32246552807851847,0.03101836276304186,0.3164727630808912,0.03093948539853207,0.9807518796992479,0.0037563897734727196,False
2pl,20,1000,0.4,2pl_n20_p1000_rho+0.4,jml,all_returned,5,5,b,estimated,5,1000,-6.217248937900876e-18,9.178798651109199e-18,0.6106696135804245,0.016780588536629806,0.7176244349720228,0.03574966726178323,0.8471271657620376,0.021100531718649604,0.8460766856138668,0.02108718231933947,0.7816800441092606,0.004972444363506776,True
2pl,20,1000,0.4,2pl_n20_p1000_rho+0.4,jml,all_returned,5,5,log_a,estimated,5,1000,-1.3766765505351936e-17,4.026740800742616e-17,0.5890126038429669,0.022982092685627405,0.6039661204428068,0.038439956005618704,0.777152572177952,0.024731280177000266,0.7756137758054882,0.02444069978315145,0.42466487534495717,0.03112618775529476,True
2pl,20,1000,0.4,2pl_n20_p1000_rho+0.4,jml,all_returned,5,5,a,estimated,5,1000,0.526526848879529,0.029217845712014242,0.943058254467578,0.04101764171025998,9.277803681230768,1.0304745284041907,3.045948732534868,0.16915493642380183,3.0271834647794904,0.16879273665979352,0.42466487534495717,0.03112618775529476,False
2pl,20,1000,0.4,2pl_n20_p1000_rho+0.4,jml,rule_stable,5,5,theta,estimated,5,20,-0.004380165426011594,0.023339315569418928,0.18254021504560006,0.015591068228574242,0.10398401679895779,0.020004705457030692,0.32246552807851847,0.03101836276304186,0.3164727630808912,0.03093948539853207,0.9807518796992479,0.0037563897734727196,False
2pl,20,1000,0.4,2pl_n20_p1000_rho+0.4,jml,rule_stable,5,5,b,estimated,5,1000,-6.217248937900876e-18,9.178798651109199e-18,0.6106696135804245,0.016780588536629806,0.7176244349720228,0.03574966726178323,0.8471271657620376,0.021100531718649604,0.8460766856138668,0.02108718231933947,0.7816800441092606,0.004972444363506776,True
2pl,20,1000,0.4,2pl_n20_p1000_rho+0.4,jml,rule_stable,5,5,log_a,estimated,5,1000,-1.3766765505351936e-17,4.026740800742616e-17,0.5890126038429669,0.022982092685627405,0.6039661204428068,0.038439956005618704,0.777152572177952,0.024731280177000266,0.7756137758054882,0.02444069978315145,0.42466487534495717,0.03112618775529476,True
2pl,20,1000,0.4,2pl_n20_p1000_rho+0.4,jml,rule_stable,5,5,a,estimated,5,1000,0.526526848879529,0.029217845712014242,0.943058254467578,0.04101764171025998,9.277803681230768,1.0304745284041907,3.045948732534868,0.16915493642380183,3.0271834647794904,0.16879273665979352,0.42466487534495717,0.03112618775529476,False
2pl,20,1000,0.4,2pl_n20_p1000_rho+0.4,tbaem_c,all_returned,5,5,theta,estimated,5,20,-0.054191561677955226,0.0056575551014533135,0.09464292198540397,0.007600822495317737,0.014971659311733887,0.0023535690783832983,0.12235873206164685,0.009617495370896463,0.12085123113502286,0.009573913056884991,0.9891729323308269,0.0012935827469237157,False
2pl,20,1000,0.4,2pl_n20_p1000_rho+0.4,tbaem_c,all_returned,5,5,b,estimated,5,1000,1.623146062001979e-17,3.1660633150697163e-18,0.36667827270420805,0.004902608893593432,0.2213110472132625,0.0036198933750587144,0.47043708103556475,0.003847372497816613,0.4703736434102662,0.0038627321358794264,0.8094274871594266,0.004153371031632147,True
2pl,20,1000,0.4,2pl_n20_p1000_rho+0.4,tbaem_c,all_returned,5,5,log_a,estimated,5,1000,1.332267629550189e-19,3.823811825688007e-18,0.23827363845548183,0.0033187065996738165,0.08975154359790995,0.0026923648988695184,0.2995856198116157,0.004493481530526267,0.2994530571209224,0.0044556194531040795,0.4883518816733206,0.031063992756626767,True
2pl,20,1000,0.4,2pl_n20_p1000_rho+0.4,tbaem_c,all_returned,5,5,a,estimated,5,1000,-0.04787481011148064,0.0012679515417266035,0.24865631998280877,0.003030911135569555,0.10894806476599901,0.002247493019573587,0.330072817369136,0.003404541212280606,0.3300030411378474,0.003393287704101966,0.4883518816733206,0.031063992756626767,False
2pl,20,1000,0.4,2pl_n20_p1000_rho+0.4,tbaem_c,rule_stable,5,5,theta,estimated,5,20,-0.054191561677955226,0.0056575551014533135,0.09464292198540397,0.007600822495317737,0.014971659311733887,0.0023535690783832983,0.12235873206164685,0.009617495370896463,0.12085123113502286,0.009573913056884991,0.9891729323308269,0.0012935827469237157,False
2pl,20,1000,0.4,2pl_n20_p1000_rho+0.4,tbaem_c,rule_stable,5,5,b,estimated,5,1000,1.623146062001979e-17,3.1660633150697163e-18,0.36667827270420805,0.004902608893593432,0.2213110472132625,0.0036198933750587144,0.47043708103556475,0.003847372497816613,0.4703736434102662,0.0038627321358794264,0.8094274871594266,0.004153371031632147,True
2pl,20,1000,0.4,2pl_n20_p1000_rho+0.4,tbaem_c,rule_stable,5,5,log_a,estimated,5,1000,1.332267629550189e-19,3.823811825688007e-18,0.23827363845548183,0.0033187065996738165,0.08975154359790995,0.0026923648988695184,0.2995856198116157,0.004493481530526267,0.2994530571209224,0.0044556194531040795,0.4883518816733206,0.031063992756626767,True
2pl,20,1000,0.4,2pl_n20_p1000_rho+0.4,tbaem_c,rule_stable,5,5,a,estimated,5,1000,-0.04787481011148064,0.0012679515417266035,0.24865631998280877,0.003030911135569555,0.10894806476599901,0.002247493019573587,0.330072817369136,0.003404541212280606,0.3300030411378474,0.003393287704101966,0.4883518816733206,0.031063992756626767,False
2pl,20,1000,0.4,2pl_n20_p1000_rho+0.4,tbaem_d,all_returned,5,5,theta,estimated,5,20,-0.06218563492256002,0.005404484612079285,0.10040381294315129,0.008600748567514974,0.015450363741232324,0.0024348185089908244,0.12429949211976823,0.009794161132391295,0.12276774958765149,0.009726810916431173,0.9888721804511278,0.0015482150587950464,False
2pl,20,1000,0.4,2pl_n20_p1000_rho+0.4,tbaem_d,all_returned,5,5,b,estimated,5,1000,6.106226635438362e-18,7.458352349529044e-18,0.3684725820395209,0.004861024585692018,0.22304482013803825,0.0036072756280933734,0.4722762117003547,0.0038190316796879904,0.4722135868785024,0.0038454032746037927,0.8072839730099639,0.004337405206893981,True
2pl,20,1000,0.4,2pl_n20_p1000_rho+0.4,tbaem_d,all_returned,5,5,log_a,estimated,5,1000,3.774758283725532e-18,2.8745987515112602e-18,0.2465444773469861,0.002800467975707165,0.09586260899199753,0.0022617841114903874,0.3096168745272091,0.003652553038241496,0.30953224135374263,0.0036194113653310734,0.4390124713465296,0.027493500990629475,True
2pl,20,1000,0.4,2pl_n20_p1000_rho+0.4,tbaem_d,all_returned,5,5,a,estimated,5,1000,-0.04947913480216672,0.0015304935784314886,0.257691229285703,0.002424492940469433,0.11730331387966297,0.0017023262546251403,0.34249571366611725,0.0024851789185961273,0.34245968535138205,0.0024838371874664833,0.4390124713465296,0.027493500990629475,False
2pl,20,1000,0.4,2pl_n20_p1000_rho+0.4,tbaem_d,rule_stable,5,5,theta,estimated,5,20,-0.06218563492256002,0.005404484612079285,0.10040381294315129,0.008600748567514974,0.015450363741232324,0.0024348185089908244,0.12429949211976823,0.009794161132391295,0.12276774958765149,0.009726810916431173,0.9888721804511278,0.0015482150587950464,False
2pl,20,1000,0.4,2pl_n20_p1000_rho+0.4,tbaem_d,rule_stable,5,5,b,estimated,5,1000,6.106226635438362e-18,7.458352349529044e-18,0.3684725820395209,0.004861024585692018,0.22304482013803825,0.0036072756280933734,0.4722762117003547,0.0038190316796879904,0.4722135868785024,0.0038454032746037927,0.8072839730099639,0.004337405206893981,True
2pl,20,1000,0.4,2pl_n20_p1000_rho+0.4,tbaem_d,rule_stable,5,5,log_a,estimated,5,1000,3.774758283725532e-18,2.8745987515112602e-18,0.2465444773469861,0.002800467975707165,0.09586260899199753,0.0022617841114903874,0.3096168745272091,0.003652553038241496,0.30953224135374263,0.0036194113653310734,0.4390124713465296,0.027493500990629475,True
2pl,20,1000,0.4,2pl_n20_p1000_rho+0.4,tbaem_d,rule_stable,5,5,a,estimated,5,1000,-0.04947913480216672,0.0015304935784314886,0.257691229285703,0.002424492940469433,0.11730331387966297,0.0017023262546251403,0.34249571366611725,0.0024851789185961273,0.34245968535138205,0.0024838371874664833,0.4390124713465296,0.027493500990629475,False
2pl,20,1000,0.4,2pl_n20_p1000_rho+0.4,vi,all_returned,5,5,theta,estimated,5,20,-0.05968475367644262,0.00554843116172501,0.10279287992930215,0.007078220855008255,0.016397513821237195,0.002700687028363286,0.12805277748349386,0.010545210660156932,0.12629271154257704,0.010579045709096605,0.9903759398496241,0.0017536697428106255,False
2pl,20,1000,0.4,2pl_n20_p1000_rho+0.4,vi,all_returned,5,5,b,estimated,5,1000,-6.084022174945858e-18,4.6890857937099696e-18,0.39590270115769394,0.005740679153063234,0.2561723193321789,0.006198051146211677,0.5061346849724675,0.006122926693463851,0.5059853445040552,0.006147163559143147,0.8067896811896812,0.004358133814615912,True
2pl,20,1000,0.4,2pl_n20_p1000_rho+0.4,vi,all_returned,5,5,log_a,estimated,5,1000,-7.993605777301126e-18,4.4564081151684224e-18,0.26594577042659157,0.0032418667473906367,0.11053783978149614,0.002540988203967861,0.3324723143082686,0.0038213530790594708,0.3323865447926454,0.0037757324555260582,0.4378457386457387,0.027814157413181526,True
2pl,20,1000,0.4,2pl_n20_p1000_rho+0.4,vi,all_returned,5,5,a,estimated,5,1000,-0.022040161797532626,0.0014600112164036543,0.27932184689445877,0.002806068433181252,0.13260972219569228,0.002138007700658032,0.3641561783022393,0.002935564227724768,0.3641095885689111,0.0029124606379555087,0.4378457386457387,0.027814157413181526,False
2pl,20,1000,0.4,2pl_n20_p1000_rho+0.4,vi,rule_stable,5,5,theta,estimated,5,20,-0.05968475367644262,0.00554843116172501,0.10279287992930215,0.007078220855008255,0.016397513821237195,0.002700687028363286,0.12805277748349386,0.010545210660156932,0.12629271154257704,0.010579045709096605,0.9903759398496241,0.0017536697428106255,False
2pl,20,1000,0.4,2pl_n20_p1000_rho+0.4,vi,rule_stable,5,5,b,estimated,5,1000,-6.084022174945858e-18,4.6890857937099696e-18,0.39590270115769394,0.005740679153063234,0.2561723193321789,0.006198051146211677,0.5061346849724675,0.006122926693463851,0.5059853445040552,0.006147163559143147,0.8067896811896812,0.004358133814615912,True
2pl,20,1000,0.4,2pl_n20_p1000_rho+0.4,vi,rule_stable,5,5,log_a,estimated,5,1000,-7.993605777301126e-18,4.4564081151684224e-18,0.26594577042659157,0.0032418667473906367,0.11053783978149614,0.002540988203967861,0.3324723143082686,0.0038213530790594708,0.3323865447926454,0.0037757324555260582,0.4378457386457387,0.027814157413181526,True
2pl,20,1000,0.4,2pl_n20_p1000_rho+0.4,vi,rule_stable,5,5,a,estimated,5,1000,-0.022040161797532626,0.0014600112164036543,0.27932184689445877,0.002806068433181252,0.13260972219569228,0.002138007700658032,0.3641561783022393,0.002935564227724768,0.3641095885689111,0.0029124606379555087,0.4378457386457387,0.027814157413181526,False
2pl,20,1000,-0.4,2pl_n20_p1000_rho-0.4,jml,all_returned,5,5,theta,estimated,5,20,-0.003901322477871877,0.02509198633146839,0.16023060059141092,0.017311294254314852,0.04847895822501793,0.008579049602601684,0.22017937738357315,0.019481955359643362,0.21690729803206218,0.018908875465294614,0.9861654135338345,0.004129182020374727,False
2pl,20,1000,-0.4,2pl_n20_p1000_rho-0.4,jml,all_returned,5,5,b,estimated,5,1000,-3.19744231092045e-18,1.3787092649360669e-17,0.5848383360326592,0.01080134766193035,0.6258940958326791,0.028010761727565902,0.791134688806324,0.017702903262799007,0.7903793911335593,0.017280870232884785,0.7801989647472278,0.009940343646191951,True
2pl,20,1000,-0.4,2pl_n20_p1000_rho-0.4,jml,all_returned,5,5,log_a,estimated,5,1000,-2.611244553918368e-17,3.180323722890757e-17,0.5635603351665706,0.01296950006749823,0.5600406762701258,0.018042653251422423,0.7483586548374555,0.012054816988347193,0.7479739836840247,0.011995790949078482,0.4454125603630589,0.02157751316293192,True
2pl,20,1000,-0.4,2pl_n20_p1000_rho-0.4,jml,all_returned,5,5,a,estimated,5,1000,0.5132540156001604,0.05373950077067064,0.922192093065115,0.05393553669795493,8.904674658464293,3.0522183614894436,2.9840701497224043,0.5114186678509182,2.844574758649899,0.4508517219985311,0.4454125603630589,0.02157751316293192,False
2pl,20,1000,-0.4,2pl_n20_p1000_rho-0.4,jml,rule_stable,5,5,theta,estimated,5,20,-0.003901322477871877,0.02509198633146839,0.16023060059141092,0.017311294254314852,0.04847895822501793,0.008579049602601684,0.22017937738357315,0.019481955359643362,0.21690729803206218,0.018908875465294614,0.9861654135338345,0.004129182020374727,False
2pl,20,1000,-0.4,2pl_n20_p1000_rho-0.4,jml,rule_stable,5,5,b,estimated,5,1000,-3.19744231092045e-18,1.3787092649360669e-17,0.5848383360326592,0.01080134766193035,0.6258940958326791,0.028010761727565902,0.791134688806324,0.017702903262799007,0.7903793911335593,0.017280870232884785,0.7801989647472278,0.009940343646191951,True
2pl,20,1000,-0.4,2pl_n20_p1000_rho-0.4,jml,rule_stable,5,5,log_a,estimated,5,1000,-2.611244553918368e-17,3.180323722890757e-17,0.5635603351665706,0.01296950006749823,0.5600406762701258,0.018042653251422423,0.7483586548374555,0.012054816988347193,0.7479739836840247,0.011995790949078482,0.4454125603630589,0.02157751316293192,True
2pl,20,1000,-0.4,2pl_n20_p1000_rho-0.4,jml,rule_stable,5,5,a,estimated,5,1000,0.5132540156001604,0.05373950077067064,0.922192093065115,0.05393553669795493,8.904674658464293,3.0522183614894436,2.9840701497224043,0.5114186678509182,2.844574758649899,0.4508517219985311,0.4454125603630589,0.02157751316293192,False
2pl,20,1000,-0.4,2pl_n20_p1000_rho-0.4,tbaem_c,all_returned,5,5,theta,estimated,5,20,0.04718488120175142,0.007515919548801291,0.09596458689278273,0.010694888196167767,0.015614185548932319,0.0030514406503812583,0.12495673470818737,0.012209988751335877,0.12232908353104426,0.012745399870022838,0.9927819548872179,0.0027890581941340618,False
2pl,20,1000,-0.4,2pl_n20_p1000_rho-0.4,tbaem_c,all_returned,5,5,b,estimated,5,1000,-3.552713678800492e-19,1.093794518572015e-17,0.3736712600569547,0.00761092128707076,0.22488699909521975,0.007074880996920113,0.4742225206537747,0.0074594527766906876,0.4739879336295093,0.00745717555190372,0.8078414172228126,0.011981317457675398,True
2pl,20,1000,-0.4,2pl_n20_p1000_rho-0.4,tbaem_c,all_returned,5,5,log_a,estimated,5,1000,1.7319479184152441e-18,2.605028970503736e-18,0.2397860681414965,0.0016709644961783018,0.0906246804311921,0.00134110229175964,0.30103933369443947,0.0022274535943546895,0.3010065827931966,0.002220222193531789,0.503749841163869,0.015995131323447934,True
2pl,20,1000,-0.4,2pl_n20_p1000_rho-0.4,tbaem_c,all_returned,5,5,a,estimated,5,1000,-0.050557643348600814,0.0008218677540740251,0.2493420939659262,0.002263599337254559,0.10871543022456506,0.0026119546829381133,0.32972023023248825,0.003960865065962747,0.3296240548014183,0.003981605230200327,0.503749841163869,0.015995131323447934,False
2pl,20,1000,-0.4,2pl_n20_p1000_rho-0.4,tbaem_c,rule_stable,5,5,theta,estimated,5,20,0.04718488120175142,0.007515919548801291,0.09596458689278273,0.010694888196167767,0.015614185548932319,0.0030514406503812583,0.12495673470818737,0.012209988751335877,0.12232908353104426,0.012745399870022838,0.9927819548872179,0.0027890581941340618,False
2pl,20,1000,-0.4,2pl_n20_p1000_rho-0.4,tbaem_c,rule_stable,5,5,b,estimated,5,1000,-3.552713678800492e-19,1.093794518572015e-17,0.3736712600569547,0.00761092128707076,0.22488699909521975,0.007074880996920113,0.4742225206537747,0.0074594527766906876,0.4739879336295093,0.00745717555190372,0.8078414172228126,0.011981317457675398,True
2pl,20,1000,-0.4,2pl_n20_p1000_rho-0.4,tbaem_c,rule_stable,5,5,log_a,estimated,5,1000,1.7319479184152441e-18,2.605028970503736e-18,0.2397860681414965,0.0016709644961783018,0.0906246804311921,0.00134110229175964,0.30103933369443947,0.0022274535943546895,0.3010065827931966,0.002220222193531789,0.503749841163869,0.015995131323447934,True
2pl,20,1000,-0.4,2pl_n20_p1000_rho-0.4,tbaem_c,rule_stable,5,5,a,estimated,5,1000,-0.050557643348600814,0.0008218677540740251,0.2493420939659262,0.002263599337254559,0.10871543022456506,0.0026119546829381133,0.32972023023248825,0.003960865065962747,0.3296240548014183,0.003981605230200327,0.503749841163869,0.015995131323447934,False
2pl,20,1000,-0.4,2pl_n20_p1000_rho-0.4,tbaem_d,all_returned,5,5,theta,estimated,5,20,0.05644624613962916,0.0064891044731283055,0.10024200686431636,0.009984179796302025,0.016616810764135657,0.002853720162508961,0.12890620917603487,0.01106897868128256,0.12687419667471075,0.011399001955022928,0.9927819548872179,0.0027890581941340618,False
2pl,20,1000,-0.4,2pl_n20_p1000_rho-0.4,tbaem_d,all_returned,5,5,b,estimated,5,1000,-2.3980817331903383e-18,7.032331771774227e-18,0.37473602143835955,0.007600819343217915,0.22648565348324495,0.007017848935037604,0.47590508873434517,0.0073731602174094794,0.4756762379325433,0.0073785186451503755,0.8066422800222581,0.01244098127744002,True
2pl,20,1000,-0.4,2pl_n20_p1000_rho-0.4,tbaem_d,all_returned,5,5,log_a,estimated,5,1000,3.2418512319054575e-18,1.3128827357795175e-18,0.24786188399748502,0.0023788102040072723,0.09635739254923104,0.001795840405744385,0.31041487166247533,0.0028926455683751253,0.31036143494974466,0.0028797675759690733,0.4543319124839524,0.02017627282160864,True
2pl,20,1000,-0.4,2pl_n20_p1000_rho-0.4,tbaem_d,all_returned,5,5,a,estimated,5,1000,-0.0517388127745589,0.0007523054522622802,0.25828346176972045,0.003146723127534802,0.11639322526863857,0.003382311887427852,0.34116451349552546,0.004957010113351389,0.3410195480090736,0.004972251610833643,0.4543319124839524,0.02017627282160864,False
2pl,20,1000,-0.4,2pl_n20_p1000_rho-0.4,tbaem_d,rule_stable,5,5,theta,estimated,5,20,0.05644624613962916,0.0064891044731283055,0.10024200686431636,0.009984179796302025,0.016616810764135657,0.002853720162508961,0.12890620917603487,0.01106897868128256,0.12687419667471075,0.011399001955022928,0.9927819548872179,0.0027890581941340618,False
2pl,20,1000,-0.4,2pl_n20_p1000_rho-0.4,tbaem_d,rule_stable,5,5,b,estimated,5,1000,-2.3980817331903383e-18,7.032331771774227e-18,0.37473602143835955,0.007600819343217915,0.22648565348324495,0.007017848935037604,0.47590508873434517,0.0073731602174094794,0.4756762379325433,0.0073785186451503755,0.8066422800222581,0.01244098127744002,True
2pl,20,1000,-0.4,2pl_n20_p1000_rho-0.4,tbaem_d,rule_stable,5,5,log_a,estimated,5,1000,3.2418512319054575e-18,1.3128827357795175e-18,0.24786188399748502,0.0023788102040072723,0.09635739254923104,0.001795840405744385,0.31041487166247533,0.0028926455683751253,0.31036143494974466,0.0028797675759690733,0.4543319124839524,0.02017627282160864,True
2pl,20,1000,-0.4,2pl_n20_p1000_rho-0.4,tbaem_d,rule_stable,5,5,a,estimated,5,1000,-0.0517388127745589,0.0007523054522622802,0.25828346176972045,0.003146723127534802,0.11639322526863857,0.003382311887427852,0.34116451349552546,0.004957010113351389,0.3410195480090736,0.004972251610833643,0.4543319124839524,0.02017627282160864,False
2pl,20,1000,-0.4,2pl_n20_p1000_rho-0.4,vi,all_returned,5,5,theta,estimated,5,20,0.05325749711594343,0.006508598520797748,0.10442731876819782,0.010394626235298335,0.017699801996293472,0.003279791524465104,0.13304060281092187,0.01232628030529283,0.1306801092326902,0.012475085643249362,0.9930827067669172,0.0025430878985395313,False
2pl,20,1000,-0.4,2pl_n20_p1000_rho-0.4,vi,all_returned,5,5,b,estimated,5,1000,1.056932319443149e-17,8.265787500365093e-18,0.4018143304995735,0.007996202300633989,0.26108756381043213,0.008652427909280556,0.5109672825244608,0.008466714215568539,0.5106869272721908,0.008462064223938786,0.8055467967467969,0.012211744120250553,True
2pl,20,1000,-0.4,2pl_n20_p1000_rho-0.4,vi,all_returned,5,5,log_a,estimated,5,1000,3.8191672047105385e-18,4.637703373529929e-18,0.2633018437665525,0.002788566995383007,0.10973333271462209,0.0024395646439947707,0.33126021903425423,0.003682248129743743,0.3311792005595648,0.0036629848262601386,0.45244478764478774,0.020643502388632707,True
2pl,20,1000,-0.4,2pl_n20_p1000_rho-0.4,vi,all_returned,5,5,a,estimated,5,1000,-0.022819045373393583,0.0017541961276221242,0.27556183167062737,0.003502336550090439,0.1307320116981056,0.00453385360242051,0.36156882014093195,0.0062696965969760736,0.3613529302039786,0.006246429602264984,0.45244478764478774,0.020643502388632707,False
2pl,20,1000,-0.4,2pl_n20_p1000_rho-0.4,vi,rule_stable,5,5,theta,estimated,5,20,0.05325749711594343,0.006508598520797748,0.10442731876819782,0.010394626235298335,0.017699801996293472,0.003279791524465104,0.13304060281092187,0.01232628030529283,0.1306801092326902,0.012475085643249362,0.9930827067669172,0.0025430878985395313,False
2pl,20,1000,-0.4,2pl_n20_p1000_rho-0.4,vi,rule_stable,5,5,b,estimated,5,1000,1.056932319443149e-17,8.265787500365093e-18,0.4018143304995735,0.007996202300633989,0.26108756381043213,0.008652427909280556,0.5109672825244608,0.008466714215568539,0.5106869272721908,0.008462064223938786,0.8055467967467969,0.012211744120250553,True
2pl,20,1000,-0.4,2pl_n20_p1000_rho-0.4,vi,rule_stable,5,5,log_a,estimated,5,1000,3.8191672047105385e-18,4.637703373529929e-18,0.2633018437665525,0.002788566995383007,0.10973333271462209,0.0024395646439947707,0.33126021903425423,0.003682248129743743,0.3311792005595648,0.0036629848262601386,0.45244478764478774,0.020643502388632707,True
2pl,20,1000,-0.4,2pl_n20_p1000_rho-0.4,vi,rule_stable,5,5,a,estimated,5,1000,-0.022819045373393583,0.0017541961276221242,0.27556183167062737,0.003502336550090439,0.1307320116981056,0.00453385360242051,0.36156882014093195,0.0062696965969760736,0.3613529302039786,0.006246429602264984,0.45244478764478774,0.020643502388632707,False
