model,n_subjects,n_items,item_correlation,cell,method,cohort,attempted,planned,parameter,role,truth_lower,truth_upper,replicates_with_bin,mean_parameters_in_bin,bias,mcse_bias,mae,mcse_mae,rmse,mcse_rmse
1pl,100,10000,0.0,1pl_n100_p10000_rho+0.0,jml,all_returned,5,5,theta,estimated,-inf,-1.5,5,6.6,0.03622414627827127,0.007403699373326571,0.038961049727723185,0.0061510958925008515,0.049746951781424076,0.008653975272605146
1pl,100,10000,0.0,1pl_n100_p10000_rho+0.0,jml,all_returned,5,5,theta,estimated,-1.5,-0.5,5,23.0,0.009822277947331192,0.001824671250997418,0.02067719193900774,0.0008298945049041077,0.025571287187803597,0.0004807612636634198
1pl,100,10000,0.0,1pl_n100_p10000_rho+0.0,jml,all_returned,5,5,theta,estimated,-0.5,0.5,5,36.6,0.0024399473962567605,0.0024931762640325004,0.018142889380083176,0.0010228963848717971,0.022816305519248754,0.0012776938971920042
1pl,100,10000,0.0,1pl_n100_p10000_rho+0.0,jml,all_returned,5,5,theta,estimated,0.5,1.5,5,24.8,-0.013365698477025414,0.0011962903473140523,0.02162293384517731,0.0013208611716640708,0.027381954146597127,0.0018111348472815906
1pl,100,10000,0.0,1pl_n100_p10000_rho+0.0,jml,all_returned,5,5,theta,estimated,1.5,inf,5,9.0,-0.01500003358068303,0.006540204159125262,0.024573638140562893,0.0037811497439933896,0.031299906975789826,0.0036306559776382074
1pl,100,10000,0.0,1pl_n100_p10000_rho+0.0,jml,all_returned,5,5,b,estimated,-inf,-1.0,5,1055.8,0.1583872279309983,0.004141720141522569,0.23095389620658618,0.004777740873277634,0.2854215936202737,0.005058495743109866
1pl,100,10000,0.0,1pl_n100_p10000_rho+0.0,jml,all_returned,5,5,b,estimated,-1.0,-0.5,5,1628.0,0.06684635633970115,0.001854616022589637,0.18355519250976107,0.00166826890755018,0.23012713158893944,0.0017293345476395699
1pl,100,10000,0.0,1pl_n100_p10000_rho+0.0,jml,all_returned,5,5,b,estimated,-0.5,0.0,5,2327.8,0.022403874026499314,0.0010546252504981164,0.17277689294964177,0.0016600803883716493,0.21577497650241767,0.002545440211846348
1pl,100,10000,0.0,1pl_n100_p10000_rho+0.0,jml,all_returned,5,5,b,estimated,0.0,0.5,5,2330.6,-0.023467366178558133,0.0031585501546541168,0.16978969723553042,0.0016372506294497543,0.21300449567389323,0.001826355899805009
1pl,100,10000,0.0,1pl_n100_p10000_rho+0.0,jml,all_returned,5,5,b,estimated,0.5,1.0,5,1592.6,-0.068318044100863,0.00196335549804999,0.18391691438488475,0.0015994862891051253,0.22905331475768084,0.0020167304204905504
1pl,100,10000,0.0,1pl_n100_p10000_rho+0.0,jml,all_returned,5,5,b,estimated,1.0,inf,5,1065.2,-0.1547789166713955,0.0033416340162655944,0.22666583664523682,0.0020907854280920626,0.28091789532850614,0.0024870318338821684
1pl,100,10000,0.0,1pl_n100_p10000_rho+0.0,jml,all_returned,5,5,log_a,fixed,0.0,0.25,5,10000.0,0.0,0.0,0.0,0.0,0.0,0.0
1pl,100,10000,0.0,1pl_n100_p10000_rho+0.0,jml,all_returned,5,5,a,fixed,1.0,1.25,5,10000.0,0.0,0.0,0.0,0.0,0.0,0.0
1pl,100,10000,0.0,1pl_n100_p10000_rho+0.0,jml,rule_stable,5,5,theta,estimated,-inf,-1.5,5,6.6,0.03622414627827127,0.007403699373326571,0.038961049727723185,0.0061510958925008515,0.049746951781424076,0.008653975272605146
1pl,100,10000,0.0,1pl_n100_p10000_rho+0.0,jml,rule_stable,5,5,theta,estimated,-1.5,-0.5,5,23.0,0.009822277947331192,0.001824671250997418,0.02067719193900774,0.0008298945049041077,0.025571287187803597,0.0004807612636634198
1pl,100,10000,0.0,1pl_n100_p10000_rho+0.0,jml,rule_stable,5,5,theta,estimated,-0.5,0.5,5,36.6,0.0024399473962567605,0.0024931762640325004,0.018142889380083176,0.0010228963848717971,0.022816305519248754,0.0012776938971920042
1pl,100,10000,0.0,1pl_n100_p10000_rho+0.0,jml,rule_stable,5,5,theta,estimated,0.5,1.5,5,24.8,-0.013365698477025414,0.0011962903473140523,0.02162293384517731,0.0013208611716640708,0.027381954146597127,0.0018111348472815906
1pl,100,10000,0.0,1pl_n100_p10000_rho+0.0,jml,rule_stable,5,5,theta,estimated,1.5,inf,5,9.0,-0.01500003358068303,0.006540204159125262,0.024573638140562893,0.0037811497439933896,0.031299906975789826,0.0036306559776382074
1pl,100,10000,0.0,1pl_n100_p10000_rho+0.0,jml,rule_stable,5,5,b,estimated,-inf,-1.0,5,1055.8,0.1583872279309983,0.004141720141522569,0.23095389620658618,0.004777740873277634,0.2854215936202737,0.005058495743109866
1pl,100,10000,0.0,1pl_n100_p10000_rho+0.0,jml,rule_stable,5,5,b,estimated,-1.0,-0.5,5,1628.0,0.06684635633970115,0.001854616022589637,0.18355519250976107,0.00166826890755018,0.23012713158893944,0.0017293345476395699
1pl,100,10000,0.0,1pl_n100_p10000_rho+0.0,jml,rule_stable,5,5,b,estimated,-0.5,0.0,5,2327.8,0.022403874026499314,0.0010546252504981164,0.17277689294964177,0.0016600803883716493,0.21577497650241767,0.002545440211846348
1pl,100,10000,0.0,1pl_n100_p10000_rho+0.0,jml,rule_stable,5,5,b,estimated,0.0,0.5,5,2330.6,-0.023467366178558133,0.0031585501546541168,0.16978969723553042,0.0016372506294497543,0.21300449567389323,0.001826355899805009
1pl,100,10000,0.0,1pl_n100_p10000_rho+0.0,jml,rule_stable,5,5,b,estimated,0.5,1.0,5,1592.6,-0.068318044100863,0.00196335549804999,0.18391691438488475,0.0015994862891051253,0.22905331475768084,0.0020167304204905504
1pl,100,10000,0.0,1pl_n100_p10000_rho+0.0,jml,rule_stable,5,5,b,estimated,1.0,inf,5,1065.2,-0.1547789166713955,0.0033416340162655944,0.22666583664523682,0.0020907854280920626,0.28091789532850614,0.0024870318338821684
1pl,100,10000,0.0,1pl_n100_p10000_rho+0.0,jml,rule_stable,5,5,log_a,fixed,0.0,0.25,5,10000.0,0.0,0.0,0.0,0.0,0.0,0.0
1pl,100,10000,0.0,1pl_n100_p10000_rho+0.0,jml,rule_stable,5,5,a,fixed,1.0,1.25,5,10000.0,0.0,0.0,0.0,0.0,0.0,0.0
1pl,100,10000,0.0,1pl_n100_p10000_rho+0.0,tbaem_d,all_returned,5,5,theta,estimated,-inf,-1.5,5,6.6,0.011174789068307838,0.0066124033809002855,0.02442223966360512,0.004171072157688233,0.032041094599517116,0.005658002931084444
1pl,100,10000,0.0,1pl_n100_p10000_rho+0.0,tbaem_d,all_returned,5,5,theta,estimated,-1.5,-0.5,5,23.0,-0.0023287794922840855,0.002034658736775929,0.018766775059489,0.0014185113225536016,0.023673679445095314,0.0009833749516321327
1pl,100,10000,0.0,1pl_n100_p10000_rho+0.0,tbaem_d,all_returned,5,5,theta,estimated,-0.5,0.5,5,36.6,0.0020167621956284137,0.002373432160552075,0.018137255591752277,0.001150332599100202,0.022898756991477576,0.0013098380136898741
1pl,100,10000,0.0,1pl_n100_p10000_rho+0.0,tbaem_d,all_returned,5,5,theta,estimated,0.5,1.5,5,24.8,-0.0016257533891082122,0.0011913961900059345,0.019308190191737854,0.0012371174511179837,0.024196948693711768,0.001477383360095968
1pl,100,10000,0.0,1pl_n100_p10000_rho+0.0,tbaem_d,all_returned,5,5,theta,estimated,1.5,inf,5,9.0,0.007628731023504686,0.0064281349661500795,0.023312525837217934,0.0020086897851285005,0.028221904328366184,0.001979658147230024
1pl,100,10000,0.0,1pl_n100_p10000_rho+0.0,tbaem_d,all_returned,5,5,b,estimated,-inf,-1.0,5,1055.8,0.13928117142301796,0.004452082562248497,0.22443089762677162,0.004733147351799692,0.27800084188900387,0.004974261071439897
1pl,100,10000,0.0,1pl_n100_p10000_rho+0.0,tbaem_d,all_returned,5,5,b,estimated,-1.0,-0.5,5,1628.0,0.05777942066369921,0.0020221193502285876,0.18398693735503482,0.001648305046304602,0.23074058575545667,0.0016741838320178675
1pl,100,10000,0.0,1pl_n100_p10000_rho+0.0,tbaem_d,all_returned,5,5,b,estimated,-0.5,0.0,5,2327.8,0.019582794772497587,0.0010839932933641159,0.1748011889145084,0.001663728951074982,0.2182933886272333,0.002554453687129499
1pl,100,10000,0.0,1pl_n100_p10000_rho+0.0,tbaem_d,all_returned,5,5,b,estimated,0.0,0.5,5,2330.6,-0.020446968730151407,0.003224769388045651,0.17170702908427177,0.0016374055867791767,0.21543044233459174,0.0018263347117476608
1pl,100,10000,0.0,1pl_n100_p10000_rho+0.0,tbaem_d,all_returned,5,5,b,estimated,0.5,1.0,5,1592.6,-0.05926349812734701,0.0019846424533810345,0.1840697369185321,0.0017603335403737763,0.2294795851968268,0.0021603197494503307
1pl,100,10000,0.0,1pl_n100_p10000_rho+0.0,tbaem_d,all_returned,5,5,b,estimated,1.0,inf,5,1065.2,-0.1359821372338145,0.003796176240139239,0.21996356733732267,0.002073249484128253,0.27349462239752864,0.002466711375095907
1pl,100,10000,0.0,1pl_n100_p10000_rho+0.0,tbaem_d,all_returned,5,5,log_a,fixed,0.0,0.25,5,10000.0,0.0,0.0,0.0,0.0,0.0,0.0
1pl,100,10000,0.0,1pl_n100_p10000_rho+0.0,tbaem_d,all_returned,5,5,a,fixed,1.0,1.25,5,10000.0,0.0,0.0,0.0,0.0,0.0,0.0
1pl,100,10000,0.0,1pl_n100_p10000_rho+0.0,tbaem_d,rule_stable,5,5,theta,estimated,-inf,-1.5,5,6.6,0.011174789068307838,0.0066124033809002855,0.02442223966360512,0.004171072157688233,0.032041094599517116,0.005658002931084444
1pl,100,10000,0.0,1pl_n100_p10000_rho+0.0,tbaem_d,rule_stable,5,5,theta,estimated,-1.5,-0.5,5,23.0,-0.0023287794922840855,0.002034658736775929,0.018766775059489,0.0014185113225536016,0.023673679445095314,0.0009833749516321327
1pl,100,10000,0.0,1pl_n100_p10000_rho+0.0,tbaem_d,rule_stable,5,5,theta,estimated,-0.5,0.5,5,36.6,0.0020167621956284137,0.002373432160552075,0.018137255591752277,0.001150332599100202,0.022898756991477576,0.0013098380136898741
1pl,100,10000,0.0,1pl_n100_p10000_rho+0.0,tbaem_d,rule_stable,5,5,theta,estimated,0.5,1.5,5,24.8,-0.0016257533891082122,0.0011913961900059345,0.019308190191737854,0.0012371174511179837,0.024196948693711768,0.001477383360095968
1pl,100,10000,0.0,1pl_n100_p10000_rho+0.0,tbaem_d,rule_stable,5,5,theta,estimated,1.5,inf,5,9.0,0.007628731023504686,0.0064281349661500795,0.023312525837217934,0.0020086897851285005,0.028221904328366184,0.001979658147230024
1pl,100,10000,0.0,1pl_n100_p10000_rho+0.0,tbaem_d,rule_stable,5,5,b,estimated,-inf,-1.0,5,1055.8,0.13928117142301796,0.004452082562248497,0.22443089762677162,0.004733147351799692,0.27800084188900387,0.004974261071439897
1pl,100,10000,0.0,1pl_n100_p10000_rho+0.0,tbaem_d,rule_stable,5,5,b,estimated,-1.0,-0.5,5,1628.0,0.05777942066369921,0.0020221193502285876,0.18398693735503482,0.001648305046304602,0.23074058575545667,0.0016741838320178675
1pl,100,10000,0.0,1pl_n100_p10000_rho+0.0,tbaem_d,rule_stable,5,5,b,estimated,-0.5,0.0,5,2327.8,0.019582794772497587,0.0010839932933641159,0.1748011889145084,0.001663728951074982,0.2182933886272333,0.002554453687129499
1pl,100,10000,0.0,1pl_n100_p10000_rho+0.0,tbaem_d,rule_stable,5,5,b,estimated,0.0,0.5,5,2330.6,-0.020446968730151407,0.003224769388045651,0.17170702908427177,0.0016374055867791767,0.21543044233459174,0.0018263347117476608
1pl,100,10000,0.0,1pl_n100_p10000_rho+0.0,tbaem_d,rule_stable,5,5,b,estimated,0.5,1.0,5,1592.6,-0.05926349812734701,0.0019846424533810345,0.1840697369185321,0.0017603335403737763,0.2294795851968268,0.0021603197494503307
1pl,100,10000,0.0,1pl_n100_p10000_rho+0.0,tbaem_d,rule_stable,5,5,b,estimated,1.0,inf,5,1065.2,-0.1359821372338145,0.003796176240139239,0.21996356733732267,0.002073249484128253,0.27349462239752864,0.002466711375095907
1pl,100,10000,0.0,1pl_n100_p10000_rho+0.0,tbaem_d,rule_stable,5,5,log_a,fixed,0.0,0.25,5,10000.0,0.0,0.0,0.0,0.0,0.0,0.0
1pl,100,10000,0.0,1pl_n100_p10000_rho+0.0,tbaem_d,rule_stable,5,5,a,fixed,1.0,1.25,5,10000.0,0.0,0.0,0.0,0.0,0.0,0.0
1pl,100,10000,0.0,1pl_n100_p10000_rho+0.0,vi,all_returned,5,5,theta,estimated,-inf,-1.5,5,6.6,-0.021172573897806204,0.006478172501455054,0.0283812738746421,0.004215167195827276,0.035681569998403724,0.004177033223038618
1pl,100,10000,0.0,1pl_n100_p10000_rho+0.0,vi,all_returned,5,5,theta,estimated,-1.5,-0.5,5,23.0,-0.018683950621230606,0.0020911270373900103,0.025002010802524142,0.0017831133493726502,0.03078664402536847,0.001773230687067746
1pl,100,10000,0.0,1pl_n100_p10000_rho+0.0,vi,all_returned,5,5,theta,estimated,-0.5,0.5,5,36.6,0.0026733059641567934,0.0021935219887725893,0.019143824761109828,0.0012344049463594322,0.024250268573992678,0.0012736522896822462
1pl,100,10000,0.0,1pl_n100_p10000_rho+0.0,vi,all_returned,5,5,theta,estimated,0.5,1.5,5,24.8,0.01665946260310074,0.0016608300911592384,0.024267875738569287,0.0008454318211618173,0.03050433839881954,0.0012263055307808648
1pl,100,10000,0.0,1pl_n100_p10000_rho+0.0,vi,all_returned,5,5,theta,estimated,1.5,inf,5,9.0,0.03951316982614115,0.006226722650898336,0.04142670856162881,0.00541198832982974,0.04816412391654234,0.004744554827732535
1pl,100,10000,0.0,1pl_n100_p10000_rho+0.0,vi,all_returned,5,5,b,estimated,-inf,-1.0,5,1055.8,0.012957825412528604,0.003478822377489946,0.2156119821810373,0.004299102934362458,0.2716657092071594,0.00516115230111455
1pl,100,10000,0.0,1pl_n100_p10000_rho+0.0,vi,all_returned,5,5,b,estimated,-1.0,-0.5,5,1628.0,0.002726919242366761,0.001591975127764987,0.19436331148399083,0.0016621217731459122,0.24452830328411448,0.0017343247264707566
1pl,100,10000,0.0,1pl_n100_p10000_rho+0.0,vi,all_returned,5,5,b,estimated,-0.5,0.0,5,2327.8,0.003140111709363556,0.0009885758043261853,0.18784092801222585,0.00200517974872616,0.2346823959741781,0.002870180935341595
1pl,100,10000,0.0,1pl_n100_p10000_rho+0.0,vi,all_returned,5,5,b,estimated,0.0,0.5,5,2330.6,-0.0022125059957476176,0.003090347973792784,0.18419020623700572,0.0018146091671376009,0.23122528566826014,0.0020380051718180653
1pl,100,10000,0.0,1pl_n100_p10000_rho+0.0,vi,all_returned,5,5,b,estimated,0.5,1.0,5,1592.6,-0.0039945658336267235,0.002442197865449158,0.1923679990865237,0.0026710435817050003,0.241648622144352,0.0031484575719680236
1pl,100,10000,0.0,1pl_n100_p10000_rho+0.0,vi,all_returned,5,5,b,estimated,1.0,inf,5,1065.2,-0.013226292753362234,0.003677456694980436,0.21021021169140025,0.0025722062104591766,0.26453634584855235,0.0024748479283889977
1pl,100,10000,0.0,1pl_n100_p10000_rho+0.0,vi,all_returned,5,5,log_a,fixed,0.0,0.25,5,10000.0,0.0,0.0,0.0,0.0,0.0,0.0
1pl,100,10000,0.0,1pl_n100_p10000_rho+0.0,vi,all_returned,5,5,a,fixed,1.0,1.25,5,10000.0,0.0,0.0,0.0,0.0,0.0,0.0
1pl,100,10000,0.0,1pl_n100_p10000_rho+0.0,vi,rule_stable,5,5,theta,estimated,-inf,-1.5,5,6.6,-0.021172573897806204,0.006478172501455054,0.0283812738746421,0.004215167195827276,0.035681569998403724,0.004177033223038618
1pl,100,10000,0.0,1pl_n100_p10000_rho+0.0,vi,rule_stable,5,5,theta,estimated,-1.5,-0.5,5,23.0,-0.018683950621230606,0.0020911270373900103,0.025002010802524142,0.0017831133493726502,0.03078664402536847,0.001773230687067746
1pl,100,10000,0.0,1pl_n100_p10000_rho+0.0,vi,rule_stable,5,5,theta,estimated,-0.5,0.5,5,36.6,0.0026733059641567934,0.0021935219887725893,0.019143824761109828,0.0012344049463594322,0.024250268573992678,0.0012736522896822462
1pl,100,10000,0.0,1pl_n100_p10000_rho+0.0,vi,rule_stable,5,5,theta,estimated,0.5,1.5,5,24.8,0.01665946260310074,0.0016608300911592384,0.024267875738569287,0.0008454318211618173,0.03050433839881954,0.0012263055307808648
1pl,100,10000,0.0,1pl_n100_p10000_rho+0.0,vi,rule_stable,5,5,theta,estimated,1.5,inf,5,9.0,0.03951316982614115,0.006226722650898336,0.04142670856162881,0.00541198832982974,0.04816412391654234,0.004744554827732535
1pl,100,10000,0.0,1pl_n100_p10000_rho+0.0,vi,rule_stable,5,5,b,estimated,-inf,-1.0,5,1055.8,0.012957825412528604,0.003478822377489946,0.2156119821810373,0.004299102934362458,0.2716657092071594,0.00516115230111455
1pl,100,10000,0.0,1pl_n100_p10000_rho+0.0,vi,rule_stable,5,5,b,estimated,-1.0,-0.5,5,1628.0,0.002726919242366761,0.001591975127764987,0.19436331148399083,0.0016621217731459122,0.24452830328411448,0.0017343247264707566
1pl,100,10000,0.0,1pl_n100_p10000_rho+0.0,vi,rule_stable,5,5,b,estimated,-0.5,0.0,5,2327.8,0.003140111709363556,0.0009885758043261853,0.18784092801222585,0.00200517974872616,0.2346823959741781,0.002870180935341595
1pl,100,10000,0.0,1pl_n100_p10000_rho+0.0,vi,rule_stable,5,5,b,estimated,0.0,0.5,5,2330.6,-0.0022125059957476176,0.003090347973792784,0.18419020623700572,0.0018146091671376009,0.23122528566826014,0.0020380051718180653
1pl,100,10000,0.0,1pl_n100_p10000_rho+0.0,vi,rule_stable,5,5,b,estimated,0.5,1.0,5,1592.6,-0.0039945658336267235,0.002442197865449158,0.1923679990865237,0.0026710435817050003,0.241648622144352,0.0031484575719680236
1pl,100,10000,0.0,1pl_n100_p10000_rho+0.0,vi,rule_stable,5,5,b,estimated,1.0,inf,5,1065.2,-0.013226292753362234,0.003677456694980436,0.21021021169140025,0.0025722062104591766,0.26453634584855235,0.0024748479283889977
1pl,100,10000,0.0,1pl_n100_p10000_rho+0.0,vi,rule_stable,5,5,log_a,fixed,0.0,0.25,5,10000.0,0.0,0.0,0.0,0.0,0.0,0.0
1pl,100,10000,0.0,1pl_n100_p10000_rho+0.0,vi,rule_stable,5,5,a,fixed,1.0,1.25,5,10000.0,0.0,0.0,0.0,0.0,0.0,0.0
1pl,100,1000,0.0,1pl_n100_p1000_rho+0.0,jml,all_returned,5,5,theta,estimated,-inf,-1.5,5,7.8,0.03848441022137707,0.007156433359590584,0.08198540155367672,0.009252201818455957,0.09373345828289437,0.00892012866963804
1pl,100,1000,0.0,1pl_n100_p1000_rho+0.0,jml,all_returned,5,5,theta,estimated,-1.5,-0.5,5,23.0,0.014245018926201006,0.009878310626778897,0.06781493757335096,0.00391835307484005,0.08232578164669384,0.003346405665078826
1pl,100,1000,0.0,1pl_n100_p1000_rho+0.0,jml,all_returned,5,5,theta,estimated,-0.5,0.5,5,40.2,0.0014095608167044413,0.004165178357388971,0.05061888716946279,0.0040624020633301065,0.06395869482588076,0.0045390288579474775
1pl,100,1000,0.0,1pl_n100_p1000_rho+0.0,jml,all_returned,5,5,theta,estimated,0.5,1.5,5,23.0,-0.010759861684676629,0.00993438642893024,0.06312427044491283,0.005233041933774383,0.0777135814437081,0.00545890629480626
1pl,100,1000,0.0,1pl_n100_p1000_rho+0.0,jml,all_returned,5,5,theta,estimated,1.5,inf,5,6.0,-0.05408897634784108,0.015072151395670013,0.09094600378182545,0.013656123255690834,0.11223204187292848,0.014434148284207197
1pl,100,1000,0.0,1pl_n100_p1000_rho+0.0,jml,all_returned,5,5,b,estimated,-inf,-1.0,5,112.2,0.14409198028241438,0.019121707569402797,0.21907271600641137,0.008498328989973665,0.27099314180944,0.008450422909003608
1pl,100,1000,0.0,1pl_n100_p1000_rho+0.0,jml,all_returned,5,5,b,estimated,-1.0,-0.5,5,159.0,0.07225403846698594,0.012736027796614936,0.19087119653827506,0.004177753451250569,0.2375215015618786,0.004978920603217101
1pl,100,1000,0.0,1pl_n100_p1000_rho+0.0,jml,all_returned,5,5,b,estimated,-0.5,0.0,5,227.8,0.018080724117494215,0.007017756361132397,0.1682665337833894,0.0033113743383952274,0.210147080776718,0.0030793589582157757
1pl,100,1000,0.0,1pl_n100_p1000_rho+0.0,jml,all_returned,5,5,b,estimated,0.0,0.5,5,226.6,-0.017756530725733105,0.008831521061140272,0.1760223649412148,0.004318273870575345,0.2191842823457471,0.004134937320464186
1pl,100,1000,0.0,1pl_n100_p1000_rho+0.0,jml,all_returned,5,5,b,estimated,0.5,1.0,5,166.8,-0.06613354403565745,0.012700652922696749,0.18614568513056245,0.005265413235942604,0.23388420675563676,0.008574710888264302
1pl,100,1000,0.0,1pl_n100_p1000_rho+0.0,jml,all_returned,5,5,b,estimated,1.0,inf,5,107.6,-0.15799985010379589,0.006916216257517104,0.23071418436651475,0.00447262850886175,0.28628595348805463,0.004088542026604162
1pl,100,1000,0.0,1pl_n100_p1000_rho+0.0,jml,all_returned,5,5,log_a,fixed,0.0,0.25,5,1000.0,0.0,0.0,0.0,0.0,0.0,0.0
1pl,100,1000,0.0,1pl_n100_p1000_rho+0.0,jml,all_returned,5,5,a,fixed,1.0,1.25,5,1000.0,0.0,0.0,0.0,0.0,0.0,0.0
1pl,100,1000,0.0,1pl_n100_p1000_rho+0.0,jml,rule_stable,5,5,theta,estimated,-inf,-1.5,5,7.8,0.03848441022137707,0.007156433359590584,0.08198540155367672,0.009252201818455957,0.09373345828289437,0.00892012866963804
1pl,100,1000,0.0,1pl_n100_p1000_rho+0.0,jml,rule_stable,5,5,theta,estimated,-1.5,-0.5,5,23.0,0.014245018926201006,0.009878310626778897,0.06781493757335096,0.00391835307484005,0.08232578164669384,0.003346405665078826
1pl,100,1000,0.0,1pl_n100_p1000_rho+0.0,jml,rule_stable,5,5,theta,estimated,-0.5,0.5,5,40.2,0.0014095608167044413,0.004165178357388971,0.05061888716946279,0.0040624020633301065,0.06395869482588076,0.0045390288579474775
1pl,100,1000,0.0,1pl_n100_p1000_rho+0.0,jml,rule_stable,5,5,theta,estimated,0.5,1.5,5,23.0,-0.010759861684676629,0.00993438642893024,0.06312427044491283,0.005233041933774383,0.0777135814437081,0.00545890629480626
1pl,100,1000,0.0,1pl_n100_p1000_rho+0.0,jml,rule_stable,5,5,theta,estimated,1.5,inf,5,6.0,-0.05408897634784108,0.015072151395670013,0.09094600378182545,0.013656123255690834,0.11223204187292848,0.014434148284207197
1pl,100,1000,0.0,1pl_n100_p1000_rho+0.0,jml,rule_stable,5,5,b,estimated,-inf,-1.0,5,112.2,0.14409198028241438,0.019121707569402797,0.21907271600641137,0.008498328989973665,0.27099314180944,0.008450422909003608
1pl,100,1000,0.0,1pl_n100_p1000_rho+0.0,jml,rule_stable,5,5,b,estimated,-1.0,-0.5,5,159.0,0.07225403846698594,0.012736027796614936,0.19087119653827506,0.004177753451250569,0.2375215015618786,0.004978920603217101
1pl,100,1000,0.0,1pl_n100_p1000_rho+0.0,jml,rule_stable,5,5,b,estimated,-0.5,0.0,5,227.8,0.018080724117494215,0.007017756361132397,0.1682665337833894,0.0033113743383952274,0.210147080776718,0.0030793589582157757
1pl,100,1000,0.0,1pl_n100_p1000_rho+0.0,jml,rule_stable,5,5,b,estimated,0.0,0.5,5,226.6,-0.017756530725733105,0.008831521061140272,0.1760223649412148,0.004318273870575345,0.2191842823457471,0.004134937320464186
1pl,100,1000,0.0,1pl_n100_p1000_rho+0.0,jml,rule_stable,5,5,b,estimated,0.5,1.0,5,166.8,-0.06613354403565745,0.012700652922696749,0.18614568513056245,0.005265413235942604,0.23388420675563676,0.008574710888264302
1pl,100,1000,0.0,1pl_n100_p1000_rho+0.0,jml,rule_stable,5,5,b,estimated,1.0,inf,5,107.6,-0.15799985010379589,0.006916216257517104,0.23071418436651475,0.00447262850886175,0.28628595348805463,0.004088542026604162
1pl,100,1000,0.0,1pl_n100_p1000_rho+0.0,jml,rule_stable,5,5,log_a,fixed,0.0,0.25,5,1000.0,0.0,0.0,0.0,0.0,0.0,0.0
1pl,100,1000,0.0,1pl_n100_p1000_rho+0.0,jml,rule_stable,5,5,a,fixed,1.0,1.25,5,1000.0,0.0,0.0,0.0,0.0,0.0,0.0
1pl,100,1000,0.0,1pl_n100_p1000_rho+0.0,tbaem_d,all_returned,5,5,theta,estimated,-inf,-1.5,5,7.8,-0.010032976034567206,0.007056472651804329,0.07107862287141045,0.010469507958793,0.08643184713390833,0.009186917230836674
1pl,100,1000,0.0,1pl_n100_p1000_rho+0.0,tbaem_d,all_returned,5,5,theta,estimated,-1.5,-0.5,5,23.0,-0.0036336377144287183,0.009832292260552768,0.06796530975726019,0.004211015825668449,0.08300964906704876,0.0036496735693655373
1pl,100,1000,0.0,1pl_n100_p1000_rho+0.0,tbaem_d,all_returned,5,5,theta,estimated,-0.5,0.5,5,40.2,0.0015276848500280285,0.004476907570894458,0.05134982631333722,0.004376333193057901,0.06492791657985367,0.0045144001914144425
1pl,100,1000,0.0,1pl_n100_p1000_rho+0.0,tbaem_d,all_returned,5,5,theta,estimated,0.5,1.5,5,23.0,0.008053158444941451,0.010427657976524347,0.06383526816702459,0.004390314907208929,0.07925023741528597,0.00439575720277251
1pl,100,1000,0.0,1pl_n100_p1000_rho+0.0,tbaem_d,all_returned,5,5,theta,estimated,1.5,inf,5,6.0,0.0017251004619561478,0.020089539453830678,0.08561457996882275,0.004882186902295838,0.11040060894034413,0.009028850548293001
1pl,100,1000,0.0,1pl_n100_p1000_rho+0.0,tbaem_d,all_returned,5,5,b,estimated,-inf,-1.0,5,112.2,0.1333183367111542,0.019725615640069177,0.21549348996640977,0.008060022749026716,0.2670691432937726,0.00797806079033017
1pl,100,1000,0.0,1pl_n100_p1000_rho+0.0,tbaem_d,all_returned,5,5,b,estimated,-1.0,-0.5,5,159.0,0.06671028789895059,0.01355289997783822,0.19122292690425238,0.004009083572589854,0.23789160299039716,0.004824525834816719
1pl,100,1000,0.0,1pl_n100_p1000_rho+0.0,tbaem_d,all_returned,5,5,b,estimated,-0.5,0.0,5,227.8,0.01617985373788742,0.006882844690813121,0.1694709248628836,0.0035323996078971,0.21173498213057476,0.0033241524104583413
1pl,100,1000,0.0,1pl_n100_p1000_rho+0.0,tbaem_d,all_returned,5,5,b,estimated,0.0,0.5,5,226.6,-0.01585549483495181,0.00916186713165969,0.1773492545872051,0.004669440163447879,0.22085480402980012,0.0045529358171916895
1pl,100,1000,0.0,1pl_n100_p1000_rho+0.0,tbaem_d,all_returned,5,5,b,estimated,0.5,1.0,5,166.8,-0.06056834822682453,0.012666414855164013,0.18637912091398937,0.0050555459123773116,0.2341922144333995,0.008398913285786144
1pl,100,1000,0.0,1pl_n100_p1000_rho+0.0,tbaem_d,all_returned,5,5,b,estimated,1.0,inf,5,107.6,-0.14721080793003435,0.006243650819236304,0.22666524098409954,0.0044544942233407285,0.2816909882637843,0.004288949868792182
1pl,100,1000,0.0,1pl_n100_p1000_rho+0.0,tbaem_d,all_returned,5,5,log_a,fixed,0.0,0.25,5,1000.0,0.0,0.0,0.0,0.0,0.0,0.0
1pl,100,1000,0.0,1pl_n100_p1000_rho+0.0,tbaem_d,all_returned,5,5,a,fixed,1.0,1.25,5,1000.0,0.0,0.0,0.0,0.0,0.0,0.0
1pl,100,1000,0.0,1pl_n100_p1000_rho+0.0,tbaem_d,rule_stable,5,5,theta,estimated,-inf,-1.5,5,7.8,-0.010032976034567206,0.007056472651804329,0.07107862287141045,0.010469507958793,0.08643184713390833,0.009186917230836674
1pl,100,1000,0.0,1pl_n100_p1000_rho+0.0,tbaem_d,rule_stable,5,5,theta,estimated,-1.5,-0.5,5,23.0,-0.0036336377144287183,0.009832292260552768,0.06796530975726019,0.004211015825668449,0.08300964906704876,0.0036496735693655373
1pl,100,1000,0.0,1pl_n100_p1000_rho+0.0,tbaem_d,rule_stable,5,5,theta,estimated,-0.5,0.5,5,40.2,0.0015276848500280285,0.004476907570894458,0.05134982631333722,0.004376333193057901,0.06492791657985367,0.0045144001914144425
1pl,100,1000,0.0,1pl_n100_p1000_rho+0.0,tbaem_d,rule_stable,5,5,theta,estimated,0.5,1.5,5,23.0,0.008053158444941451,0.010427657976524347,0.06383526816702459,0.004390314907208929,0.07925023741528597,0.00439575720277251
1pl,100,1000,0.0,1pl_n100_p1000_rho+0.0,tbaem_d,rule_stable,5,5,theta,estimated,1.5,inf,5,6.0,0.0017251004619561478,0.020089539453830678,0.08561457996882275,0.004882186902295838,0.11040060894034413,0.009028850548293001
1pl,100,1000,0.0,1pl_n100_p1000_rho+0.0,tbaem_d,rule_stable,5,5,b,estimated,-inf,-1.0,5,112.2,0.1333183367111542,0.019725615640069177,0.21549348996640977,0.008060022749026716,0.2670691432937726,0.00797806079033017
1pl,100,1000,0.0,1pl_n100_p1000_rho+0.0,tbaem_d,rule_stable,5,5,b,estimated,-1.0,-0.5,5,159.0,0.06671028789895059,0.01355289997783822,0.19122292690425238,0.004009083572589854,0.23789160299039716,0.004824525834816719
1pl,100,1000,0.0,1pl_n100_p1000_rho+0.0,tbaem_d,rule_stable,5,5,b,estimated,-0.5,0.0,5,227.8,0.01617985373788742,0.006882844690813121,0.1694709248628836,0.0035323996078971,0.21173498213057476,0.0033241524104583413
1pl,100,1000,0.0,1pl_n100_p1000_rho+0.0,tbaem_d,rule_stable,5,5,b,estimated,0.0,0.5,5,226.6,-0.01585549483495181,0.00916186713165969,0.1773492545872051,0.004669440163447879,0.22085480402980012,0.0045529358171916895
1pl,100,1000,0.0,1pl_n100_p1000_rho+0.0,tbaem_d,rule_stable,5,5,b,estimated,0.5,1.0,5,166.8,-0.06056834822682453,0.012666414855164013,0.18637912091398937,0.0050555459123773116,0.2341922144333995,0.008398913285786144
1pl,100,1000,0.0,1pl_n100_p1000_rho+0.0,tbaem_d,rule_stable,5,5,b,estimated,1.0,inf,5,107.6,-0.14721080793003435,0.006243650819236304,0.22666524098409954,0.0044544942233407285,0.2816909882637843,0.004288949868792182
1pl,100,1000,0.0,1pl_n100_p1000_rho+0.0,tbaem_d,rule_stable,5,5,log_a,fixed,0.0,0.25,5,1000.0,0.0,0.0,0.0,0.0,0.0,0.0
1pl,100,1000,0.0,1pl_n100_p1000_rho+0.0,tbaem_d,rule_stable,5,5,a,fixed,1.0,1.25,5,1000.0,0.0,0.0,0.0,0.0,0.0,0.0
1pl,100,1000,0.0,1pl_n100_p1000_rho+0.0,vi,all_returned,5,5,theta,estimated,-inf,-1.5,5,7.8,-0.028189488324803204,0.0074015913060175515,0.07100728569742303,0.00994952241320122,0.090305774101363,0.009300322067445275
1pl,100,1000,0.0,1pl_n100_p1000_rho+0.0,vi,all_returned,5,5,theta,estimated,-1.5,-0.5,5,23.0,-0.015981626007971192,0.010096647090532856,0.06948141516870979,0.004311030473188853,0.08565787416778184,0.004090716897062032
1pl,100,1000,0.0,1pl_n100_p1000_rho+0.0,vi,all_returned,5,5,theta,estimated,-0.5,0.5,5,40.2,0.0014192866449385458,0.004617442606710753,0.052173675627847846,0.004693371876167011,0.06606476339792842,0.004509712745393041
1pl,100,1000,0.0,1pl_n100_p1000_rho+0.0,vi,all_returned,5,5,theta,estimated,0.5,1.5,5,23.0,0.01996802096590067,0.01015507001541471,0.06648494046077544,0.003611385639765113,0.0821765915536635,0.0040417691063421145
1pl,100,1000,0.0,1pl_n100_p1000_rho+0.0,vi,all_returned,5,5,theta,estimated,1.5,inf,5,6.0,0.01589502029690277,0.01794839537290999,0.08162881483436377,0.0036743478388991118,0.1044622512643326,0.008345659553573139
1pl,100,1000,0.0,1pl_n100_p1000_rho+0.0,vi,all_returned,5,5,b,estimated,-inf,-1.0,5,112.2,0.014105386712495024,0.02066259858789948,0.2044000206504888,0.006614295206964315,0.2597209154052699,0.008658083821044476
1pl,100,1000,0.0,1pl_n100_p1000_rho+0.0,vi,all_returned,5,5,b,estimated,-1.0,-0.5,5,159.0,0.014402623655931715,0.013550977534552434,0.1991591649581685,0.0040914964724331725,0.24946746352605617,0.004209225884136233
1pl,100,1000,0.0,1pl_n100_p1000_rho+0.0,vi,all_returned,5,5,b,estimated,-0.5,0.0,5,227.8,-0.0013464705344134035,0.007576760388910724,0.1810321961841745,0.00393415568343833,0.22767110529904347,0.004143602209355326
1pl,100,1000,0.0,1pl_n100_p1000_rho+0.0,vi,all_returned,5,5,b,estimated,0.0,0.5,5,226.6,0.0009573142994784411,0.009444919904788915,0.1895384172110665,0.005658676654996665,0.23636983977521045,0.00572739549877063
1pl,100,1000,0.0,1pl_n100_p1000_rho+0.0,vi,all_returned,5,5,b,estimated,0.5,1.0,5,166.8,-0.006731272822011402,0.013154939087734257,0.19601899820399507,0.0037319860006170295,0.2475472378541292,0.007508933747899434
1pl,100,1000,0.0,1pl_n100_p1000_rho+0.0,vi,all_returned,5,5,b,estimated,1.0,inf,5,107.6,-0.027439553549275512,0.007910444575096199,0.21705157226064106,0.007007788419762665,0.26909717026207725,0.007272367551492305
1pl,100,1000,0.0,1pl_n100_p1000_rho+0.0,vi,all_returned,5,5,log_a,fixed,0.0,0.25,5,1000.0,0.0,0.0,0.0,0.0,0.0,0.0
1pl,100,1000,0.0,1pl_n100_p1000_rho+0.0,vi,all_returned,5,5,a,fixed,1.0,1.25,5,1000.0,0.0,0.0,0.0,0.0,0.0,0.0
1pl,100,1000,0.0,1pl_n100_p1000_rho+0.0,vi,rule_stable,5,5,theta,estimated,-inf,-1.5,5,7.8,-0.028189488324803204,0.0074015913060175515,0.07100728569742303,0.00994952241320122,0.090305774101363,0.009300322067445275
1pl,100,1000,0.0,1pl_n100_p1000_rho+0.0,vi,rule_stable,5,5,theta,estimated,-1.5,-0.5,5,23.0,-0.015981626007971192,0.010096647090532856,0.06948141516870979,0.004311030473188853,0.08565787416778184,0.004090716897062032
1pl,100,1000,0.0,1pl_n100_p1000_rho+0.0,vi,rule_stable,5,5,theta,estimated,-0.5,0.5,5,40.2,0.0014192866449385458,0.004617442606710753,0.052173675627847846,0.004693371876167011,0.06606476339792842,0.004509712745393041
1pl,100,1000,0.0,1pl_n100_p1000_rho+0.0,vi,rule_stable,5,5,theta,estimated,0.5,1.5,5,23.0,0.01996802096590067,0.01015507001541471,0.06648494046077544,0.003611385639765113,0.0821765915536635,0.0040417691063421145
1pl,100,1000,0.0,1pl_n100_p1000_rho+0.0,vi,rule_stable,5,5,theta,estimated,1.5,inf,5,6.0,0.01589502029690277,0.01794839537290999,0.08162881483436377,0.0036743478388991118,0.1044622512643326,0.008345659553573139
1pl,100,1000,0.0,1pl_n100_p1000_rho+0.0,vi,rule_stable,5,5,b,estimated,-inf,-1.0,5,112.2,0.014105386712495024,0.02066259858789948,0.2044000206504888,0.006614295206964315,0.2597209154052699,0.008658083821044476
1pl,100,1000,0.0,1pl_n100_p1000_rho+0.0,vi,rule_stable,5,5,b,estimated,-1.0,-0.5,5,159.0,0.014402623655931715,0.013550977534552434,0.1991591649581685,0.0040914964724331725,0.24946746352605617,0.004209225884136233
1pl,100,1000,0.0,1pl_n100_p1000_rho+0.0,vi,rule_stable,5,5,b,estimated,-0.5,0.0,5,227.8,-0.0013464705344134035,0.007576760388910724,0.1810321961841745,0.00393415568343833,0.22767110529904347,0.004143602209355326
1pl,100,1000,0.0,1pl_n100_p1000_rho+0.0,vi,rule_stable,5,5,b,estimated,0.0,0.5,5,226.6,0.0009573142994784411,0.009444919904788915,0.1895384172110665,0.005658676654996665,0.23636983977521045,0.00572739549877063
1pl,100,1000,0.0,1pl_n100_p1000_rho+0.0,vi,rule_stable,5,5,b,estimated,0.5,1.0,5,166.8,-0.006731272822011402,0.013154939087734257,0.19601899820399507,0.0037319860006170295,0.2475472378541292,0.007508933747899434
1pl,100,1000,0.0,1pl_n100_p1000_rho+0.0,vi,rule_stable,5,5,b,estimated,1.0,inf,5,107.6,-0.027439553549275512,0.007910444575096199,0.21705157226064106,0.007007788419762665,0.26909717026207725,0.007272367551492305
1pl,100,1000,0.0,1pl_n100_p1000_rho+0.0,vi,rule_stable,5,5,log_a,fixed,0.0,0.25,5,1000.0,0.0,0.0,0.0,0.0,0.0,0.0
1pl,100,1000,0.0,1pl_n100_p1000_rho+0.0,vi,rule_stable,5,5,a,fixed,1.0,1.25,5,1000.0,0.0,0.0,0.0,0.0,0.0,0.0
1pl,20,10000,0.0,1pl_n20_p10000_rho+0.0,jml,all_returned,5,5,theta,estimated,-inf,-1.5,5,1.0,-0.04531073686754987,0.007983562057766241,0.04531073686754987,0.007983562057766241,0.048041772739993285,0.007986046833821654
1pl,20,10000,0.0,1pl_n20_p10000_rho+0.0,jml,all_returned,5,5,theta,estimated,-1.5,-0.5,5,5.6,-0.015718276952713706,0.011259715377633652,0.02822583343152301,0.002694180849887717,0.03474183541608812,0.003873341413410954
1pl,20,10000,0.0,1pl_n20_p10000_rho+0.0,jml,all_returned,5,5,theta,estimated,-0.5,0.5,5,6.6,-0.0026526449679532627,0.0028082577825376998,0.02033378532932098,0.001703560538403634,0.023296337876921883,0.0014289074322442056
1pl,20,10000,0.0,1pl_n20_p10000_rho+0.0,jml,all_returned,5,5,theta,estimated,0.5,1.5,5,6.0,0.024621993645975206,0.00523151687873463,0.02977818205735337,0.003826818361219697,0.03557716759251782,0.004056761254691254
1pl,20,10000,0.0,1pl_n20_p10000_rho+0.0,jml,all_returned,5,5,theta,estimated,1.5,inf,2,2.0,0.07115777903969196,0.017990495611914605,0.07115777903969196,0.017990495611914605,0.07742521865508689,0.012610557796868215
1pl,20,10000,0.0,1pl_n20_p10000_rho+0.0,jml,all_returned,5,5,b,estimated,-inf,-1.0,5,1068.6,0.1212310690899137,0.010827086895580634,0.43096761633875,0.009342895831792779,0.5394673612339941,0.011881979917101389
1pl,20,10000,0.0,1pl_n20_p10000_rho+0.0,jml,all_returned,5,5,b,estimated,-1.0,-0.5,5,1572.2,0.042899779609630644,0.003110631620362844,0.4001311747263232,0.00537979595531316,0.5068792564583178,0.006625809850881915
1pl,20,10000,0.0,1pl_n20_p10000_rho+0.0,jml,all_returned,5,5,b,estimated,-0.5,0.0,5,2358.6,0.007055618094183783,0.004144559908589367,0.390411787594166,0.005749834965160719,0.49436488443729476,0.007200756802416912
1pl,20,10000,0.0,1pl_n20_p10000_rho+0.0,jml,all_returned,5,5,b,estimated,0.0,0.5,5,2344.2,-0.01684179899284125,0.003180234682703817,0.3914624814670929,0.0036390264607178784,0.49817525767072296,0.004277199240491295
1pl,20,10000,0.0,1pl_n20_p10000_rho+0.0,jml,all_returned,5,5,b,estimated,0.5,1.0,5,1609.8,-0.037806180316330665,0.004655743444537247,0.40625908670848965,0.005576387565150876,0.5113367611604117,0.006545520560061216
1pl,20,10000,0.0,1pl_n20_p10000_rho+0.0,jml,all_returned,5,5,b,estimated,1.0,inf,5,1046.6,-0.10881218366462116,0.006797392639942468,0.4361677400092252,0.006243094081696841,0.5448350099910421,0.007887886302466503
1pl,20,10000,0.0,1pl_n20_p10000_rho+0.0,jml,all_returned,5,5,log_a,fixed,0.0,0.25,5,10000.0,0.0,0.0,0.0,0.0,0.0,0.0
1pl,20,10000,0.0,1pl_n20_p10000_rho+0.0,jml,all_returned,5,5,a,fixed,1.0,1.25,5,10000.0,0.0,0.0,0.0,0.0,0.0,0.0
1pl,20,10000,0.0,1pl_n20_p10000_rho+0.0,jml,rule_stable,5,5,theta,estimated,-inf,-1.5,5,1.0,-0.04531073686754987,0.007983562057766241,0.04531073686754987,0.007983562057766241,0.048041772739993285,0.007986046833821654
1pl,20,10000,0.0,1pl_n20_p10000_rho+0.0,jml,rule_stable,5,5,theta,estimated,-1.5,-0.5,5,5.6,-0.015718276952713706,0.011259715377633652,0.02822583343152301,0.002694180849887717,0.03474183541608812,0.003873341413410954
1pl,20,10000,0.0,1pl_n20_p10000_rho+0.0,jml,rule_stable,5,5,theta,estimated,-0.5,0.5,5,6.6,-0.0026526449679532627,0.0028082577825376998,0.02033378532932098,0.001703560538403634,0.023296337876921883,0.0014289074322442056
1pl,20,10000,0.0,1pl_n20_p10000_rho+0.0,jml,rule_stable,5,5,theta,estimated,0.5,1.5,5,6.0,0.024621993645975206,0.00523151687873463,0.02977818205735337,0.003826818361219697,0.03557716759251782,0.004056761254691254
1pl,20,10000,0.0,1pl_n20_p10000_rho+0.0,jml,rule_stable,5,5,theta,estimated,1.5,inf,2,2.0,0.07115777903969196,0.017990495611914605,0.07115777903969196,0.017990495611914605,0.07742521865508689,0.012610557796868215
1pl,20,10000,0.0,1pl_n20_p10000_rho+0.0,jml,rule_stable,5,5,b,estimated,-inf,-1.0,5,1068.6,0.1212310690899137,0.010827086895580634,0.43096761633875,0.009342895831792779,0.5394673612339941,0.011881979917101389
1pl,20,10000,0.0,1pl_n20_p10000_rho+0.0,jml,rule_stable,5,5,b,estimated,-1.0,-0.5,5,1572.2,0.042899779609630644,0.003110631620362844,0.4001311747263232,0.00537979595531316,0.5068792564583178,0.006625809850881915
1pl,20,10000,0.0,1pl_n20_p10000_rho+0.0,jml,rule_stable,5,5,b,estimated,-0.5,0.0,5,2358.6,0.007055618094183783,0.004144559908589367,0.390411787594166,0.005749834965160719,0.49436488443729476,0.007200756802416912
1pl,20,10000,0.0,1pl_n20_p10000_rho+0.0,jml,rule_stable,5,5,b,estimated,0.0,0.5,5,2344.2,-0.01684179899284125,0.003180234682703817,0.3914624814670929,0.0036390264607178784,0.49817525767072296,0.004277199240491295
1pl,20,10000,0.0,1pl_n20_p10000_rho+0.0,jml,rule_stable,5,5,b,estimated,0.5,1.0,5,1609.8,-0.037806180316330665,0.004655743444537247,0.40625908670848965,0.005576387565150876,0.5113367611604117,0.006545520560061216
1pl,20,10000,0.0,1pl_n20_p10000_rho+0.0,jml,rule_stable,5,5,b,estimated,1.0,inf,5,1046.6,-0.10881218366462116,0.006797392639942468,0.4361677400092252,0.006243094081696841,0.5448350099910421,0.007887886302466503
1pl,20,10000,0.0,1pl_n20_p10000_rho+0.0,jml,rule_stable,5,5,log_a,fixed,0.0,0.25,5,10000.0,0.0,0.0,0.0,0.0,0.0,0.0
1pl,20,10000,0.0,1pl_n20_p10000_rho+0.0,jml,rule_stable,5,5,a,fixed,1.0,1.25,5,10000.0,0.0,0.0,0.0,0.0,0.0,0.0
1pl,20,10000,0.0,1pl_n20_p10000_rho+0.0,tbaem_d,all_returned,5,5,theta,estimated,-inf,-1.5,5,1.0,0.012383521558370436,0.00695206433592204,0.015208484257760979,0.0053707170585327434,0.018619248113439544,0.00478310537939629
1pl,20,10000,0.0,1pl_n20_p10000_rho+0.0,tbaem_d,all_returned,5,5,theta,estimated,-1.5,-0.5,5,5.6,0.017047819951802025,0.008182483359943194,0.025965452785424288,0.0059917371575554995,0.031033805356560716,0.0060423784573587335
1pl,20,10000,0.0,1pl_n20_p10000_rho+0.0,tbaem_d,all_returned,5,5,theta,estimated,-0.5,0.5,5,6.6,-0.0024790993411415592,0.0036759146924371265,0.01869040562462701,0.0015694175180017574,0.023008740356982478,0.001799772104183835
1pl,20,10000,0.0,1pl_n20_p10000_rho+0.0,tbaem_d,all_returned,5,5,theta,estimated,0.5,1.5,5,6.0,-0.003743075216930655,0.004777624298746682,0.020808988824178774,0.0032485010560775926,0.025733596947214343,0.0037482991359011775
1pl,20,10000,0.0,1pl_n20_p10000_rho+0.0,tbaem_d,all_returned,5,5,theta,estimated,1.5,inf,2,2.0,0.006220322304346919,0.01980207446530687,0.028760967232013896,0.0027385704623601077,0.02918912433046594,0.002994948453448857
1pl,20,10000,0.0,1pl_n20_p10000_rho+0.0,tbaem_d,all_returned,5,5,b,estimated,-inf,-1.0,5,1068.6,0.5018661718566233,0.013337219972836694,0.5278003204693327,0.011732125379369355,0.6240848136206748,0.010596093033274632
1pl,20,10000,0.0,1pl_n20_p10000_rho+0.0,tbaem_d,all_returned,5,5,b,estimated,-1.0,-0.5,5,1572.2,0.23366830948505388,0.0033312288745692563,0.34318480927305756,0.003916970309752767,0.4280418517247654,0.004779466323978152
1pl,20,10000,0.0,1pl_n20_p10000_rho+0.0,tbaem_d,all_returned,5,5,b,estimated,-0.5,0.0,5,2358.6,0.07071121460129129,0.005015058559627852,0.2927416440157135,0.004288901587718042,0.36923262862659295,0.005230261035097286
1pl,20,10000,0.0,1pl_n20_p10000_rho+0.0,tbaem_d,all_returned,5,5,b,estimated,0.0,0.5,5,2344.2,-0.07702602003079488,0.0038939532755772432,0.295815072964858,0.00163036355072026,0.3722422329832628,0.001903898507210392
1pl,20,10000,0.0,1pl_n20_p10000_rho+0.0,tbaem_d,all_returned,5,5,b,estimated,0.5,1.0,5,1609.8,-0.2298343158648005,0.0036123189212805404,0.3424967213052702,0.002944759970372578,0.42713220730387114,0.004141750101244142
1pl,20,10000,0.0,1pl_n20_p10000_rho+0.0,tbaem_d,all_returned,5,5,b,estimated,1.0,inf,5,1046.6,-0.4972608805302034,0.00882643820227682,0.5267474684614103,0.005285806367298179,0.6239591554584539,0.006153932061275218
1pl,20,10000,0.0,1pl_n20_p10000_rho+0.0,tbaem_d,all_returned,5,5,log_a,fixed,0.0,0.25,5,10000.0,0.0,0.0,0.0,0.0,0.0,0.0
1pl,20,10000,0.0,1pl_n20_p10000_rho+0.0,tbaem_d,all_returned,5,5,a,fixed,1.0,1.25,5,10000.0,0.0,0.0,0.0,0.0,0.0,0.0
1pl,20,10000,0.0,1pl_n20_p10000_rho+0.0,tbaem_d,rule_stable,5,5,theta,estimated,-inf,-1.5,5,1.0,0.012383521558370436,0.00695206433592204,0.015208484257760979,0.0053707170585327434,0.018619248113439544,0.00478310537939629
1pl,20,10000,0.0,1pl_n20_p10000_rho+0.0,tbaem_d,rule_stable,5,5,theta,estimated,-1.5,-0.5,5,5.6,0.017047819951802025,0.008182483359943194,0.025965452785424288,0.0059917371575554995,0.031033805356560716,0.0060423784573587335
1pl,20,10000,0.0,1pl_n20_p10000_rho+0.0,tbaem_d,rule_stable,5,5,theta,estimated,-0.5,0.5,5,6.6,-0.0024790993411415592,0.0036759146924371265,0.01869040562462701,0.0015694175180017574,0.023008740356982478,0.001799772104183835
1pl,20,10000,0.0,1pl_n20_p10000_rho+0.0,tbaem_d,rule_stable,5,5,theta,estimated,0.5,1.5,5,6.0,-0.003743075216930655,0.004777624298746682,0.020808988824178774,0.0032485010560775926,0.025733596947214343,0.0037482991359011775
1pl,20,10000,0.0,1pl_n20_p10000_rho+0.0,tbaem_d,rule_stable,5,5,theta,estimated,1.5,inf,2,2.0,0.006220322304346919,0.01980207446530687,0.028760967232013896,0.0027385704623601077,0.02918912433046594,0.002994948453448857
1pl,20,10000,0.0,1pl_n20_p10000_rho+0.0,tbaem_d,rule_stable,5,5,b,estimated,-inf,-1.0,5,1068.6,0.5018661718566233,0.013337219972836694,0.5278003204693327,0.011732125379369355,0.6240848136206748,0.010596093033274632
1pl,20,10000,0.0,1pl_n20_p10000_rho+0.0,tbaem_d,rule_stable,5,5,b,estimated,-1.0,-0.5,5,1572.2,0.23366830948505388,0.0033312288745692563,0.34318480927305756,0.003916970309752767,0.4280418517247654,0.004779466323978152
1pl,20,10000,0.0,1pl_n20_p10000_rho+0.0,tbaem_d,rule_stable,5,5,b,estimated,-0.5,0.0,5,2358.6,0.07071121460129129,0.005015058559627852,0.2927416440157135,0.004288901587718042,0.36923262862659295,0.005230261035097286
1pl,20,10000,0.0,1pl_n20_p10000_rho+0.0,tbaem_d,rule_stable,5,5,b,estimated,0.0,0.5,5,2344.2,-0.07702602003079488,0.0038939532755772432,0.295815072964858,0.00163036355072026,0.3722422329832628,0.001903898507210392
1pl,20,10000,0.0,1pl_n20_p10000_rho+0.0,tbaem_d,rule_stable,5,5,b,estimated,0.5,1.0,5,1609.8,-0.2298343158648005,0.0036123189212805404,0.3424967213052702,0.002944759970372578,0.42713220730387114,0.004141750101244142
1pl,20,10000,0.0,1pl_n20_p10000_rho+0.0,tbaem_d,rule_stable,5,5,b,estimated,1.0,inf,5,1046.6,-0.4972608805302034,0.00882643820227682,0.5267474684614103,0.005285806367298179,0.6239591554584539,0.006153932061275218
1pl,20,10000,0.0,1pl_n20_p10000_rho+0.0,tbaem_d,rule_stable,5,5,log_a,fixed,0.0,0.25,5,10000.0,0.0,0.0,0.0,0.0,0.0,0.0
1pl,20,10000,0.0,1pl_n20_p10000_rho+0.0,tbaem_d,rule_stable,5,5,a,fixed,1.0,1.25,5,10000.0,0.0,0.0,0.0,0.0,0.0,0.0
1pl,20,10000,0.0,1pl_n20_p10000_rho+0.0,vi,all_returned,5,5,theta,estimated,-inf,-1.5,5,1.0,-0.12554056397212648,0.011164879098601638,0.12554056397212648,0.011164879098601638,0.12751098503103625,0.010979541532927893
1pl,20,10000,0.0,1pl_n20_p10000_rho+0.0,vi,all_returned,5,5,theta,estimated,-1.5,-0.5,5,5.6,-0.05996630638806146,0.013885502469744262,0.06014051399820965,0.01372087820363566,0.07130915063753289,0.010076955125748051
1pl,20,10000,0.0,1pl_n20_p10000_rho+0.0,vi,all_returned,5,5,theta,estimated,-0.5,0.5,5,6.6,-0.0014839480922872656,0.002350110735468516,0.025083563132073366,0.0035260361205834007,0.029586115091960782,0.0038173666904632976
1pl,20,10000,0.0,1pl_n20_p10000_rho+0.0,vi,all_returned,5,5,theta,estimated,0.5,1.5,5,6.0,0.06469367118346583,0.008843699373741682,0.06517424595276146,0.00860246556797801,0.07263813907737132,0.009399018651785327
1pl,20,10000,0.0,1pl_n20_p10000_rho+0.0,vi,all_returned,5,5,theta,estimated,1.5,inf,2,2.0,0.15744116067653768,0.010000035223241555,0.15744116067653768,0.010000035223241555,0.16134007794906408,0.006216475649563831
1pl,20,10000,0.0,1pl_n20_p10000_rho+0.0,vi,all_returned,5,5,b,estimated,-inf,-1.0,5,1068.6,0.09561616168704716,0.01086228912492545,0.43163415302934355,0.00917212196569093,0.5411918221660478,0.011553339903949605
1pl,20,10000,0.0,1pl_n20_p10000_rho+0.0,vi,all_returned,5,5,b,estimated,-1.0,-0.5,5,1572.2,0.027761993288913867,0.003535736709999959,0.4074429854307577,0.005670334597023195,0.5162553099753165,0.006849367648062608
1pl,20,10000,0.0,1pl_n20_p10000_rho+0.0,vi,all_returned,5,5,b,estimated,-0.5,0.0,5,2358.6,0.0017399045629198056,0.004489988525316628,0.39921236190751513,0.005731613279151146,0.50531610875014,0.007269581816898629
1pl,20,10000,0.0,1pl_n20_p10000_rho+0.0,vi,all_returned,5,5,b,estimated,0.0,0.5,5,2344.2,-0.01180790703607234,0.003024210282665008,0.40008636874442843,0.0033998112031399584,0.5091657618847911,0.004045039358086249
1pl,20,10000,0.0,1pl_n20_p10000_rho+0.0,vi,all_returned,5,5,b,estimated,0.5,1.0,5,1609.8,-0.02243653977734776,0.0047332601217503914,0.41422991581496893,0.005163735946022484,0.5213765915773727,0.006074948293236706
1pl,20,10000,0.0,1pl_n20_p10000_rho+0.0,vi,all_returned,5,5,b,estimated,1.0,inf,5,1046.6,-0.0828034906884241,0.007368154185279661,0.438092584998131,0.005912819759827975,0.5474400839911664,0.0074729100837748995
1pl,20,10000,0.0,1pl_n20_p10000_rho+0.0,vi,all_returned,5,5,log_a,fixed,0.0,0.25,5,10000.0,0.0,0.0,0.0,0.0,0.0,0.0
1pl,20,10000,0.0,1pl_n20_p10000_rho+0.0,vi,all_returned,5,5,a,fixed,1.0,1.25,5,10000.0,0.0,0.0,0.0,0.0,0.0,0.0
1pl,20,10000,0.0,1pl_n20_p10000_rho+0.0,vi,rule_stable,5,5,theta,estimated,-inf,-1.5,5,1.0,-0.12554056397212648,0.011164879098601638,0.12554056397212648,0.011164879098601638,0.12751098503103625,0.010979541532927893
1pl,20,10000,0.0,1pl_n20_p10000_rho+0.0,vi,rule_stable,5,5,theta,estimated,-1.5,-0.5,5,5.6,-0.05996630638806146,0.013885502469744262,0.06014051399820965,0.01372087820363566,0.07130915063753289,0.010076955125748051
1pl,20,10000,0.0,1pl_n20_p10000_rho+0.0,vi,rule_stable,5,5,theta,estimated,-0.5,0.5,5,6.6,-0.0014839480922872656,0.002350110735468516,0.025083563132073366,0.0035260361205834007,0.029586115091960782,0.0038173666904632976
1pl,20,10000,0.0,1pl_n20_p10000_rho+0.0,vi,rule_stable,5,5,theta,estimated,0.5,1.5,5,6.0,0.06469367118346583,0.008843699373741682,0.06517424595276146,0.00860246556797801,0.07263813907737132,0.009399018651785327
1pl,20,10000,0.0,1pl_n20_p10000_rho+0.0,vi,rule_stable,5,5,theta,estimated,1.5,inf,2,2.0,0.15744116067653768,0.010000035223241555,0.15744116067653768,0.010000035223241555,0.16134007794906408,0.006216475649563831
1pl,20,10000,0.0,1pl_n20_p10000_rho+0.0,vi,rule_stable,5,5,b,estimated,-inf,-1.0,5,1068.6,0.09561616168704716,0.01086228912492545,0.43163415302934355,0.00917212196569093,0.5411918221660478,0.011553339903949605
1pl,20,10000,0.0,1pl_n20_p10000_rho+0.0,vi,rule_stable,5,5,b,estimated,-1.0,-0.5,5,1572.2,0.027761993288913867,0.003535736709999959,0.4074429854307577,0.005670334597023195,0.5162553099753165,0.006849367648062608
1pl,20,10000,0.0,1pl_n20_p10000_rho+0.0,vi,rule_stable,5,5,b,estimated,-0.5,0.0,5,2358.6,0.0017399045629198056,0.004489988525316628,0.39921236190751513,0.005731613279151146,0.50531610875014,0.007269581816898629
1pl,20,10000,0.0,1pl_n20_p10000_rho+0.0,vi,rule_stable,5,5,b,estimated,0.0,0.5,5,2344.2,-0.01180790703607234,0.003024210282665008,0.40008636874442843,0.0033998112031399584,0.5091657618847911,0.004045039358086249
1pl,20,10000,0.0,1pl_n20_p10000_rho+0.0,vi,rule_stable,5,5,b,estimated,0.5,1.0,5,1609.8,-0.02243653977734776,0.0047332601217503914,0.41422991581496893,0.005163735946022484,0.5213765915773727,0.006074948293236706
1pl,20,10000,0.0,1pl_n20_p10000_rho+0.0,vi,rule_stable,5,5,b,estimated,1.0,inf,5,1046.6,-0.0828034906884241,0.007368154185279661,0.438092584998131,0.005912819759827975,0.5474400839911664,0.0074729100837748995
1pl,20,10000,0.0,1pl_n20_p10000_rho+0.0,vi,rule_stable,5,5,log_a,fixed,0.0,0.25,5,10000.0,0.0,0.0,0.0,0.0,0.0,0.0
1pl,20,10000,0.0,1pl_n20_p10000_rho+0.0,vi,rule_stable,5,5,a,fixed,1.0,1.25,5,10000.0,0.0,0.0,0.0,0.0,0.0,0.0
1pl,20,1000,0.0,1pl_n20_p1000_rho+0.0,jml,all_returned,5,5,theta,estimated,-inf,-1.5,4,1.75,-0.10059562450359204,0.04267711367632183,0.11346087657769413,0.03706686958269782,0.1304851553303254,0.04189403834751747
1pl,20,1000,0.0,1pl_n20_p1000_rho+0.0,jml,all_returned,5,5,theta,estimated,-1.5,-0.5,5,3.4,0.0016109114324160984,0.022857830037411403,0.06347904902352244,0.004962280853706396,0.07191081951853238,0.005869887394537838
1pl,20,1000,0.0,1pl_n20_p1000_rho+0.0,jml,all_returned,5,5,theta,estimated,-0.5,0.5,5,8.2,0.007609580560337298,0.016371243996632426,0.05785861526931209,0.004131868547168816,0.07358730835887763,0.008325327311813511
1pl,20,1000,0.0,1pl_n20_p1000_rho+0.0,jml,all_returned,5,5,theta,estimated,0.5,1.5,5,5.0,0.014173994791980452,0.00896108059722258,0.059153726178440946,0.00888473964152674,0.07409438848447421,0.010830174556821559
1pl,20,1000,0.0,1pl_n20_p1000_rho+0.0,jml,all_returned,5,5,theta,estimated,1.5,inf,5,2.0,0.042651951151142196,0.05290512095331196,0.10806066828798425,0.02125421775150322,0.11794808190171438,0.021706168545522393
1pl,20,1000,0.0,1pl_n20_p1000_rho+0.0,jml,all_returned,5,5,b,estimated,-inf,-1.0,5,101.2,0.08803289007967913,0.02951701646435228,0.48298467553055585,0.024928899557149733,0.6029975790184208,0.03143095628613608
1pl,20,1000,0.0,1pl_n20_p1000_rho+0.0,jml,all_returned,5,5,b,estimated,-1.0,-0.5,5,160.4,0.05285941610653242,0.011652698722940424,0.39926293361553616,0.012415766589069635,0.5060274404289216,0.018638830540445312
1pl,20,1000,0.0,1pl_n20_p1000_rho+0.0,jml,all_returned,5,5,b,estimated,-0.5,0.0,5,242.0,0.00457847089742785,0.014627611441139105,0.4018731959444917,0.00997551585805372,0.5124089782733419,0.011978542072513075
1pl,20,1000,0.0,1pl_n20_p1000_rho+0.0,jml,all_returned,5,5,b,estimated,0.0,0.5,5,230.2,-0.01987091603108957,0.003506423189625146,0.3876079432711865,0.005064658874081284,0.4981844029087213,0.0036514079901498395
1pl,20,1000,0.0,1pl_n20_p1000_rho+0.0,jml,all_returned,5,5,b,estimated,0.5,1.0,5,162.2,-0.026677462015020546,0.01964656315978317,0.39057401207806863,0.008813158071403438,0.4854518457427124,0.004184835083333118
1pl,20,1000,0.0,1pl_n20_p1000_rho+0.0,jml,all_returned,5,5,b,estimated,1.0,inf,5,104.0,-0.09259663533237723,0.011266519913865035,0.44391735815905137,0.013373356548975101,0.5472082725642643,0.01611335024294793
1pl,20,1000,0.0,1pl_n20_p1000_rho+0.0,jml,all_returned,5,5,log_a,fixed,0.0,0.25,5,1000.0,0.0,0.0,0.0,0.0,0.0,0.0
1pl,20,1000,0.0,1pl_n20_p1000_rho+0.0,jml,all_returned,5,5,a,fixed,1.0,1.25,5,1000.0,0.0,0.0,0.0,0.0,0.0,0.0
1pl,20,1000,0.0,1pl_n20_p1000_rho+0.0,jml,rule_stable,5,5,theta,estimated,-inf,-1.5,4,1.75,-0.10059562450359204,0.04267711367632183,0.11346087657769413,0.03706686958269782,0.1304851553303254,0.04189403834751747
1pl,20,1000,0.0,1pl_n20_p1000_rho+0.0,jml,rule_stable,5,5,theta,estimated,-1.5,-0.5,5,3.4,0.0016109114324160984,0.022857830037411403,0.06347904902352244,0.004962280853706396,0.07191081951853238,0.005869887394537838
1pl,20,1000,0.0,1pl_n20_p1000_rho+0.0,jml,rule_stable,5,5,theta,estimated,-0.5,0.5,5,8.2,0.007609580560337298,0.016371243996632426,0.05785861526931209,0.004131868547168816,0.07358730835887763,0.008325327311813511
1pl,20,1000,0.0,1pl_n20_p1000_rho+0.0,jml,rule_stable,5,5,theta,estimated,0.5,1.5,5,5.0,0.014173994791980452,0.00896108059722258,0.059153726178440946,0.00888473964152674,0.07409438848447421,0.010830174556821559
1pl,20,1000,0.0,1pl_n20_p1000_rho+0.0,jml,rule_stable,5,5,theta,estimated,1.5,inf,5,2.0,0.042651951151142196,0.05290512095331196,0.10806066828798425,0.02125421775150322,0.11794808190171438,0.021706168545522393
1pl,20,1000,0.0,1pl_n20_p1000_rho+0.0,jml,rule_stable,5,5,b,estimated,-inf,-1.0,5,101.2,0.08803289007967913,0.02951701646435228,0.48298467553055585,0.024928899557149733,0.6029975790184208,0.03143095628613608
1pl,20,1000,0.0,1pl_n20_p1000_rho+0.0,jml,rule_stable,5,5,b,estimated,-1.0,-0.5,5,160.4,0.05285941610653242,0.011652698722940424,0.39926293361553616,0.012415766589069635,0.5060274404289216,0.018638830540445312
1pl,20,1000,0.0,1pl_n20_p1000_rho+0.0,jml,rule_stable,5,5,b,estimated,-0.5,0.0,5,242.0,0.00457847089742785,0.014627611441139105,0.4018731959444917,0.00997551585805372,0.5124089782733419,0.011978542072513075
1pl,20,1000,0.0,1pl_n20_p1000_rho+0.0,jml,rule_stable,5,5,b,estimated,0.0,0.5,5,230.2,-0.01987091603108957,0.003506423189625146,0.3876079432711865,0.005064658874081284,0.4981844029087213,0.0036514079901498395
1pl,20,1000,0.0,1pl_n20_p1000_rho+0.0,jml,rule_stable,5,5,b,estimated,0.5,1.0,5,162.2,-0.026677462015020546,0.01964656315978317,0.39057401207806863,0.008813158071403438,0.4854518457427124,0.004184835083333118
1pl,20,1000,0.0,1pl_n20_p1000_rho+0.0,jml,rule_stable,5,5,b,estimated,1.0,inf,5,104.0,-0.09259663533237723,0.011266519913865035,0.44391735815905137,0.013373356548975101,0.5472082725642643,0.01611335024294793
1pl,20,1000,0.0,1pl_n20_p1000_rho+0.0,jml,rule_stable,5,5,log_a,fixed,0.0,0.25,5,1000.0,0.0,0.0,0.0,0.0,0.0,0.0
1pl,20,1000,0.0,1pl_n20_p1000_rho+0.0,jml,rule_stable,5,5,a,fixed,1.0,1.25,5,1000.0,0.0,0.0,0.0,0.0,0.0,0.0
1pl,20,1000,0.0,1pl_n20_p1000_rho+0.0,tbaem_d,all_returned,5,5,theta,estimated,-inf,-1.5,4,1.75,-0.04336196663816396,0.04178792453789138,0.06438190039144823,0.033792834227757966,0.0910530295789928,0.033943648328986525
1pl,20,1000,0.0,1pl_n20_p1000_rho+0.0,tbaem_d,all_returned,5,5,theta,estimated,-1.5,-0.5,5,3.4,0.027669580127903142,0.0201332900027822,0.06517859574405835,0.009409998281752728,0.07285241810352468,0.010245685436323685
1pl,20,1000,0.0,1pl_n20_p1000_rho+0.0,tbaem_d,all_returned,5,5,theta,estimated,-0.5,0.5,5,8.2,0.0033040189572625194,0.016833380057060324,0.0560816788907549,0.003475165345323967,0.0724172568003127,0.007091411439142412
1pl,20,1000,0.0,1pl_n20_p1000_rho+0.0,tbaem_d,all_returned,5,5,theta,estimated,0.5,1.5,5,5.0,-0.016506576909783098,0.010532841166362905,0.054791639767251224,0.009253292992861763,0.07042828551706025,0.0096859927571581
1pl,20,1000,0.0,1pl_n20_p1000_rho+0.0,tbaem_d,all_returned,5,5,theta,estimated,1.5,inf,5,2.0,-0.015313861187517302,0.05228472590369722,0.08118185727014049,0.03383338087577147,0.11011311718952577,0.035665698569469696
1pl,20,1000,0.0,1pl_n20_p1000_rho+0.0,tbaem_d,all_returned,5,5,b,estimated,-inf,-1.0,5,101.2,0.4976217528809565,0.033919466484391474,0.5457847143547359,0.021103134180313957,0.6430104136094438,0.02416627673732535
1pl,20,1000,0.0,1pl_n20_p1000_rho+0.0,tbaem_d,all_returned,5,5,b,estimated,-1.0,-0.5,5,160.4,0.23973417155868476,0.011380778505074482,0.3441469545517256,0.005125934568964143,0.4248133222031313,0.007121311578035166
1pl,20,1000,0.0,1pl_n20_p1000_rho+0.0,tbaem_d,all_returned,5,5,b,estimated,-0.5,0.0,5,242.0,0.0697313476460575,0.010598476078131547,0.29855326408844207,0.008064057425390464,0.3752293654471622,0.011280454739761244
1pl,20,1000,0.0,1pl_n20_p1000_rho+0.0,tbaem_d,all_returned,5,5,b,estimated,0.0,0.5,5,230.2,-0.08296117960186766,0.005459282068048862,0.29216523664673266,0.0019646036998838845,0.372040128575649,0.0025248004270273313
1pl,20,1000,0.0,1pl_n20_p1000_rho+0.0,tbaem_d,all_returned,5,5,b,estimated,0.5,1.0,5,162.2,-0.22076129400241343,0.017957560762521023,0.3319705933083351,0.00935700609174098,0.41278164012889634,0.007615054227082591
1pl,20,1000,0.0,1pl_n20_p1000_rho+0.0,tbaem_d,all_returned,5,5,b,estimated,1.0,inf,5,104.0,-0.48894897616109645,0.010161062417621458,0.5192131784803282,0.007807919349985224,0.6230814964542026,0.008363698909389533
1pl,20,1000,0.0,1pl_n20_p1000_rho+0.0,tbaem_d,all_returned,5,5,log_a,fixed,0.0,0.25,5,1000.0,0.0,0.0,0.0,0.0,0.0,0.0
1pl,20,1000,0.0,1pl_n20_p1000_rho+0.0,tbaem_d,all_returned,5,5,a,fixed,1.0,1.25,5,1000.0,0.0,0.0,0.0,0.0,0.0,0.0
1pl,20,1000,0.0,1pl_n20_p1000_rho+0.0,tbaem_d,rule_stable,5,5,theta,estimated,-inf,-1.5,4,1.75,-0.04336196663816396,0.04178792453789138,0.06438190039144823,0.033792834227757966,0.0910530295789928,0.033943648328986525
1pl,20,1000,0.0,1pl_n20_p1000_rho+0.0,tbaem_d,rule_stable,5,5,theta,estimated,-1.5,-0.5,5,3.4,0.027669580127903142,0.0201332900027822,0.06517859574405835,0.009409998281752728,0.07285241810352468,0.010245685436323685
1pl,20,1000,0.0,1pl_n20_p1000_rho+0.0,tbaem_d,rule_stable,5,5,theta,estimated,-0.5,0.5,5,8.2,0.0033040189572625194,0.016833380057060324,0.0560816788907549,0.003475165345323967,0.0724172568003127,0.007091411439142412
1pl,20,1000,0.0,1pl_n20_p1000_rho+0.0,tbaem_d,rule_stable,5,5,theta,estimated,0.5,1.5,5,5.0,-0.016506576909783098,0.010532841166362905,0.054791639767251224,0.009253292992861763,0.07042828551706025,0.0096859927571581
1pl,20,1000,0.0,1pl_n20_p1000_rho+0.0,tbaem_d,rule_stable,5,5,theta,estimated,1.5,inf,5,2.0,-0.015313861187517302,0.05228472590369722,0.08118185727014049,0.03383338087577147,0.11011311718952577,0.035665698569469696
1pl,20,1000,0.0,1pl_n20_p1000_rho+0.0,tbaem_d,rule_stable,5,5,b,estimated,-inf,-1.0,5,101.2,0.4976217528809565,0.033919466484391474,0.5457847143547359,0.021103134180313957,0.6430104136094438,0.02416627673732535
1pl,20,1000,0.0,1pl_n20_p1000_rho+0.0,tbaem_d,rule_stable,5,5,b,estimated,-1.0,-0.5,5,160.4,0.23973417155868476,0.011380778505074482,0.3441469545517256,0.005125934568964143,0.4248133222031313,0.007121311578035166
1pl,20,1000,0.0,1pl_n20_p1000_rho+0.0,tbaem_d,rule_stable,5,5,b,estimated,-0.5,0.0,5,242.0,0.0697313476460575,0.010598476078131547,0.29855326408844207,0.008064057425390464,0.3752293654471622,0.011280454739761244
1pl,20,1000,0.0,1pl_n20_p1000_rho+0.0,tbaem_d,rule_stable,5,5,b,estimated,0.0,0.5,5,230.2,-0.08296117960186766,0.005459282068048862,0.29216523664673266,0.0019646036998838845,0.372040128575649,0.0025248004270273313
1pl,20,1000,0.0,1pl_n20_p1000_rho+0.0,tbaem_d,rule_stable,5,5,b,estimated,0.5,1.0,5,162.2,-0.22076129400241343,0.017957560762521023,0.3319705933083351,0.00935700609174098,0.41278164012889634,0.007615054227082591
1pl,20,1000,0.0,1pl_n20_p1000_rho+0.0,tbaem_d,rule_stable,5,5,b,estimated,1.0,inf,5,104.0,-0.48894897616109645,0.010161062417621458,0.5192131784803282,0.007807919349985224,0.6230814964542026,0.008363698909389533
1pl,20,1000,0.0,1pl_n20_p1000_rho+0.0,tbaem_d,rule_stable,5,5,log_a,fixed,0.0,0.25,5,1000.0,0.0,0.0,0.0,0.0,0.0,0.0
1pl,20,1000,0.0,1pl_n20_p1000_rho+0.0,tbaem_d,rule_stable,5,5,a,fixed,1.0,1.25,5,1000.0,0.0,0.0,0.0,0.0,0.0,0.0
1pl,20,1000,0.0,1pl_n20_p1000_rho+0.0,vi,all_returned,5,5,theta,estimated,-inf,-1.5,4,1.75,-0.17561988426055308,0.04478655440802062,0.17765819755684148,0.04370163381977988,0.19620518504033546,0.046707406674642335
1pl,20,1000,0.0,1pl_n20_p1000_rho+0.0,vi,all_returned,5,5,theta,estimated,-1.5,-0.5,5,3.4,-0.03683604215156643,0.02510869220769016,0.06588438817669222,0.010499070457320785,0.08621550728472985,0.012876189873716703
1pl,20,1000,0.0,1pl_n20_p1000_rho+0.0,vi,all_returned,5,5,theta,estimated,-0.5,0.5,5,8.2,0.00906242803657346,0.0167757497805839,0.06236406283038047,0.005046386085291999,0.07808352184955573,0.008846457587345905
1pl,20,1000,0.0,1pl_n20_p1000_rho+0.0,vi,all_returned,5,5,theta,estimated,0.5,1.5,5,5.0,0.05282683228983291,0.009633982790235395,0.08002421223417591,0.006384508713001526,0.09601875448430568,0.012370822116995306
1pl,20,1000,0.0,1pl_n20_p1000_rho+0.0,vi,all_returned,5,5,theta,estimated,1.5,inf,5,2.0,0.11677809832783319,0.053498639696904486,0.14626495279498852,0.030381349668100962,0.16136751595616006,0.029991697277916556
1pl,20,1000,0.0,1pl_n20_p1000_rho+0.0,vi,all_returned,5,5,b,estimated,-inf,-1.0,5,101.2,0.0668318858991193,0.029165768118944328,0.48300128586166335,0.02542259861378441,0.603659296808153,0.03210203825168828
1pl,20,1000,0.0,1pl_n20_p1000_rho+0.0,vi,all_returned,5,5,b,estimated,-1.0,-0.5,5,160.4,0.03988174945906403,0.011710006900071583,0.40522058947210926,0.012757229342916515,0.513747849561208,0.019083786795370667
1pl,20,1000,0.0,1pl_n20_p1000_rho+0.0,vi,all_returned,5,5,b,estimated,-0.5,0.0,5,242.0,-0.0002779244482508353,0.014887398974062192,0.4093854666885809,0.010175992342656199,0.5218242490256463,0.012050881725311114
1pl,20,1000,0.0,1pl_n20_p1000_rho+0.0,vi,all_returned,5,5,b,estimated,0.0,0.5,5,230.2,-0.016017715632000627,0.003272106631958882,0.39584038798462856,0.005294566075139571,0.5083694166469503,0.0034405422896323467
1pl,20,1000,0.0,1pl_n20_p1000_rho+0.0,vi,all_returned,5,5,b,estimated,0.5,1.0,5,162.2,-0.013034204503830193,0.019358181801619617,0.39696005602343104,0.00958555634761904,0.49344660048758326,0.004965858242237283
1pl,20,1000,0.0,1pl_n20_p1000_rho+0.0,vi,all_returned,5,5,b,estimated,1.0,inf,5,104.0,-0.07048396377250839,0.011638806801221363,0.44446901311065484,0.013644183898373864,0.5484407167463512,0.016350197543322828
1pl,20,1000,0.0,1pl_n20_p1000_rho+0.0,vi,all_returned,5,5,log_a,fixed,0.0,0.25,5,1000.0,0.0,0.0,0.0,0.0,0.0,0.0
1pl,20,1000,0.0,1pl_n20_p1000_rho+0.0,vi,all_returned,5,5,a,fixed,1.0,1.25,5,1000.0,0.0,0.0,0.0,0.0,0.0,0.0
1pl,20,1000,0.0,1pl_n20_p1000_rho+0.0,vi,rule_stable,5,5,theta,estimated,-inf,-1.5,4,1.75,-0.17561988426055308,0.04478655440802062,0.17765819755684148,0.04370163381977988,0.19620518504033546,0.046707406674642335
1pl,20,1000,0.0,1pl_n20_p1000_rho+0.0,vi,rule_stable,5,5,theta,estimated,-1.5,-0.5,5,3.4,-0.03683604215156643,0.02510869220769016,0.06588438817669222,0.010499070457320785,0.08621550728472985,0.012876189873716703
1pl,20,1000,0.0,1pl_n20_p1000_rho+0.0,vi,rule_stable,5,5,theta,estimated,-0.5,0.5,5,8.2,0.00906242803657346,0.0167757497805839,0.06236406283038047,0.005046386085291999,0.07808352184955573,0.008846457587345905
1pl,20,1000,0.0,1pl_n20_p1000_rho+0.0,vi,rule_stable,5,5,theta,estimated,0.5,1.5,5,5.0,0.05282683228983291,0.009633982790235395,0.08002421223417591,0.006384508713001526,0.09601875448430568,0.012370822116995306
1pl,20,1000,0.0,1pl_n20_p1000_rho+0.0,vi,rule_stable,5,5,theta,estimated,1.5,inf,5,2.0,0.11677809832783319,0.053498639696904486,0.14626495279498852,0.030381349668100962,0.16136751595616006,0.029991697277916556
1pl,20,1000,0.0,1pl_n20_p1000_rho+0.0,vi,rule_stable,5,5,b,estimated,-inf,-1.0,5,101.2,0.0668318858991193,0.029165768118944328,0.48300128586166335,0.02542259861378441,0.603659296808153,0.03210203825168828
1pl,20,1000,0.0,1pl_n20_p1000_rho+0.0,vi,rule_stable,5,5,b,estimated,-1.0,-0.5,5,160.4,0.03988174945906403,0.011710006900071583,0.40522058947210926,0.012757229342916515,0.513747849561208,0.019083786795370667
1pl,20,1000,0.0,1pl_n20_p1000_rho+0.0,vi,rule_stable,5,5,b,estimated,-0.5,0.0,5,242.0,-0.0002779244482508353,0.014887398974062192,0.4093854666885809,0.010175992342656199,0.5218242490256463,0.012050881725311114
1pl,20,1000,0.0,1pl_n20_p1000_rho+0.0,vi,rule_stable,5,5,b,estimated,0.0,0.5,5,230.2,-0.016017715632000627,0.003272106631958882,0.39584038798462856,0.005294566075139571,0.5083694166469503,0.0034405422896323467
1pl,20,1000,0.0,1pl_n20_p1000_rho+0.0,vi,rule_stable,5,5,b,estimated,0.5,1.0,5,162.2,-0.013034204503830193,0.019358181801619617,0.39696005602343104,0.00958555634761904,0.49344660048758326,0.004965858242237283
1pl,20,1000,0.0,1pl_n20_p1000_rho+0.0,vi,rule_stable,5,5,b,estimated,1.0,inf,5,104.0,-0.07048396377250839,0.011638806801221363,0.44446901311065484,0.013644183898373864,0.5484407167463512,0.016350197543322828
1pl,20,1000,0.0,1pl_n20_p1000_rho+0.0,vi,rule_stable,5,5,log_a,fixed,0.0,0.25,5,1000.0,0.0,0.0,0.0,0.0,0.0,0.0
1pl,20,1000,0.0,1pl_n20_p1000_rho+0.0,vi,rule_stable,5,5,a,fixed,1.0,1.25,5,1000.0,0.0,0.0,0.0,0.0,0.0,0.0
2pl,100,10000,-0.4,2pl_n100_p10000_rho-0.4,jml,all_returned,4,5,theta,estimated,-inf,-1.5,4,7.0,-0.11551619704594264,0.054395801274750404,0.11671763929586965,0.05387531726370904,0.15370062752229982,0.05766019868018662
2pl,100,10000,-0.4,2pl_n100_p10000_rho-0.4,jml,all_returned,4,5,theta,estimated,-1.5,-0.5,4,19.75,0.006807102821437826,0.003044765602565319,0.017260375335774278,0.0009010698372770004,0.022078731668774675,0.0014382042479654776
2pl,100,10000,-0.4,2pl_n100_p10000_rho-0.4,jml,all_returned,4,5,theta,estimated,-0.5,0.5,4,40.5,0.01774887934255528,0.0023133461935690193,0.022259726340070722,0.0017309596281779615,0.02735769395443384,0.0018343275334146744
2pl,100,10000,-0.4,2pl_n100_p10000_rho-0.4,jml,all_returned,4,5,theta,estimated,0.5,1.5,4,25.25,0.028746130633428214,0.002255927996078626,0.031019982074287508,0.0014170014365924323,0.0365100960047079,0.001308568363400863
2pl,100,10000,-0.4,2pl_n100_p10000_rho-0.4,jml,all_returned,4,5,theta,estimated,1.5,inf,4,7.5,0.06472873010484237,0.010295702916087708,0.06548811765985829,0.010258658895986088,0.07526723662179255,0.011548902998666184
2pl,100,10000,-0.4,2pl_n100_p10000_rho-0.4,jml,all_returned,4,5,b,estimated,-inf,-1.0,4,1061.0,0.030795027075113675,0.0069160388779266465,0.2507158424220649,0.01697765324417939,0.31805107741497846,0.02149435435781108
2pl,100,10000,-0.4,2pl_n100_p10000_rho-0.4,jml,all_returned,4,5,b,estimated,-1.0,-0.5,4,1599.75,-0.001702250730489989,0.001210057290112957,0.2145258488531592,0.008048846300433496,0.2801539926655424,0.00943341040829896
2pl,100,10000,-0.4,2pl_n100_p10000_rho-0.4,jml,all_returned,4,5,b,estimated,-0.5,0.0,4,2343.25,0.004309483010429814,0.003798949422556701,0.19968071746041857,0.00411902237133246,0.2625868042385435,0.00502488049593157
2pl,100,10000,-0.4,2pl_n100_p10000_rho-0.4,jml,all_returned,4,5,b,estimated,0.0,0.5,4,2341.75,0.014681012517558503,0.0020480896539107132,0.20867532794139154,0.0029724294112220824,0.2725524660047411,0.003665378886210841
2pl,100,10000,-0.4,2pl_n100_p10000_rho-0.4,jml,all_returned,4,5,b,estimated,0.5,1.0,4,1586.5,0.013726801247713232,0.005113411060685983,0.23785842127500423,0.003925570520950543,0.31083267160511663,0.005042846450324211
2pl,100,10000,-0.4,2pl_n100_p10000_rho-0.4,jml,all_returned,4,5,b,estimated,1.0,inf,4,1067.75,-0.09015817649494383,0.007866822460864462,0.30618291725334107,0.004297256128588561,0.3895893481046473,0.0058685761747814934
2pl,100,10000,-0.4,2pl_n100_p10000_rho-0.4,jml,all_returned,4,5,log_a,estimated,-inf,-0.5,4,746.5,0.08083181632611902,0.013961892039907903,0.27443155525092106,0.008362955716119393,0.34176718213068835,0.009682135339690853
2pl,100,10000,-0.4,2pl_n100_p10000_rho-0.4,jml,all_returned,4,5,log_a,estimated,-0.5,-0.25,4,1606.5,0.02028408551387387,0.00353922146145156,0.24985247562996127,0.006871781367698312,0.3128728672698446,0.007591012824864245
2pl,100,10000,-0.4,2pl_n100_p10000_rho-0.4,jml,all_returned,4,5,log_a,estimated,-0.25,0.0,4,2653.75,-0.0029366142865061024,0.0016980157218788932,0.2287966601184783,0.009007316201556795,0.2876194056981546,0.011630177681281165
2pl,100,10000,-0.4,2pl_n100_p10000_rho-0.4,jml,all_returned,4,5,log_a,estimated,0.0,0.25,4,2634.75,-0.017326044133930452,0.0008389215408917178,0.20970046880876334,0.006669088779405189,0.26602058743190854,0.00828168714340509
2pl,100,10000,-0.4,2pl_n100_p10000_rho-0.4,jml,all_returned,4,5,log_a,estimated,0.25,0.5,4,1597.5,-0.01873141279430461,0.001898810842403508,0.1970167894813722,0.006457569460502774,0.24880017706883437,0.009970303495201876
2pl,100,10000,-0.4,2pl_n100_p10000_rho-0.4,jml,all_returned,4,5,log_a,estimated,0.5,inf,4,761.0,-0.012337824537397056,0.002848474591174162,0.1950987085382525,0.005201189843102591,0.24727458637055233,0.007207083971677769
2pl,100,10000,-0.4,2pl_n100_p10000_rho-0.4,jml,all_returned,4,5,a,estimated,0.0,0.5,4,230.25,0.08746062577121297,0.01417436530945479,0.15198240406947588,0.010344901928087919,0.2050987731591536,0.015123415527067653
2pl,100,10000,-0.4,2pl_n100_p10000_rho-0.4,jml,all_returned,4,5,a,estimated,0.5,0.8,4,2371.75,0.050918044639727204,0.0014319613529319211,0.17802250805771427,0.004369054639011438,0.23221008154985884,0.005246143362581731
2pl,100,10000,-0.4,2pl_n100_p10000_rho-0.4,jml,all_returned,4,5,a,estimated,0.8,1.0,4,2404.75,0.03335959335219819,0.002930407455673092,0.20791388926746024,0.008789495918178266,0.26916195394887993,0.011827542742623251
2pl,100,10000,-0.4,2pl_n100_p10000_rho-0.4,jml,all_returned,4,5,a,estimated,1.0,1.25,4,2385.5,0.0202966783302065,0.002082249015861107,0.23510313615534267,0.0075341692484542895,0.30476942613287994,0.010711902796482658
2pl,100,10000,-0.4,2pl_n100_p10000_rho-0.4,jml,all_returned,4,5,a,estimated,1.25,2.0,4,2379.0,0.019794700499284175,0.002645105776141407,0.29683843607554555,0.00996989791856048,0.3896511563301449,0.016393032763060988
2pl,100,10000,-0.4,2pl_n100_p10000_rho-0.4,jml,all_returned,4,5,a,estimated,2.0,inf,4,228.75,0.05134537500575171,0.016126022137314882,0.4639450153862242,0.008804964130752895,0.6839762363243217,0.03302090666452197
2pl,100,10000,-0.4,2pl_n100_p10000_rho-0.4,jml,rule_stable,4,5,theta,estimated,-inf,-1.5,4,7.0,-0.11551619704594264,0.054395801274750404,0.11671763929586965,0.05387531726370904,0.15370062752229982,0.05766019868018662
2pl,100,10000,-0.4,2pl_n100_p10000_rho-0.4,jml,rule_stable,4,5,theta,estimated,-1.5,-0.5,4,19.75,0.006807102821437826,0.003044765602565319,0.017260375335774278,0.0009010698372770004,0.022078731668774675,0.0014382042479654776
2pl,100,10000,-0.4,2pl_n100_p10000_rho-0.4,jml,rule_stable,4,5,theta,estimated,-0.5,0.5,4,40.5,0.01774887934255528,0.0023133461935690193,0.022259726340070722,0.0017309596281779615,0.02735769395443384,0.0018343275334146744
2pl,100,10000,-0.4,2pl_n100_p10000_rho-0.4,jml,rule_stable,4,5,theta,estimated,0.5,1.5,4,25.25,0.028746130633428214,0.002255927996078626,0.031019982074287508,0.0014170014365924323,0.0365100960047079,0.001308568363400863
2pl,100,10000,-0.4,2pl_n100_p10000_rho-0.4,jml,rule_stable,4,5,theta,estimated,1.5,inf,4,7.5,0.06472873010484237,0.010295702916087708,0.06548811765985829,0.010258658895986088,0.07526723662179255,0.011548902998666184
2pl,100,10000,-0.4,2pl_n100_p10000_rho-0.4,jml,rule_stable,4,5,b,estimated,-inf,-1.0,4,1061.0,0.030795027075113675,0.0069160388779266465,0.2507158424220649,0.01697765324417939,0.31805107741497846,0.02149435435781108
2pl,100,10000,-0.4,2pl_n100_p10000_rho-0.4,jml,rule_stable,4,5,b,estimated,-1.0,-0.5,4,1599.75,-0.001702250730489989,0.001210057290112957,0.2145258488531592,0.008048846300433496,0.2801539926655424,0.00943341040829896
2pl,100,10000,-0.4,2pl_n100_p10000_rho-0.4,jml,rule_stable,4,5,b,estimated,-0.5,0.0,4,2343.25,0.004309483010429814,0.003798949422556701,0.19968071746041857,0.00411902237133246,0.2625868042385435,0.00502488049593157
2pl,100,10000,-0.4,2pl_n100_p10000_rho-0.4,jml,rule_stable,4,5,b,estimated,0.0,0.5,4,2341.75,0.014681012517558503,0.0020480896539107132,0.20867532794139154,0.0029724294112220824,0.2725524660047411,0.003665378886210841
2pl,100,10000,-0.4,2pl_n100_p10000_rho-0.4,jml,rule_stable,4,5,b,estimated,0.5,1.0,4,1586.5,0.013726801247713232,0.005113411060685983,0.23785842127500423,0.003925570520950543,0.31083267160511663,0.005042846450324211
2pl,100,10000,-0.4,2pl_n100_p10000_rho-0.4,jml,rule_stable,4,5,b,estimated,1.0,inf,4,1067.75,-0.09015817649494383,0.007866822460864462,0.30618291725334107,0.004297256128588561,0.3895893481046473,0.0058685761747814934
2pl,100,10000,-0.4,2pl_n100_p10000_rho-0.4,jml,rule_stable,4,5,log_a,estimated,-inf,-0.5,4,746.5,0.08083181632611902,0.013961892039907903,0.27443155525092106,0.008362955716119393,0.34176718213068835,0.009682135339690853
2pl,100,10000,-0.4,2pl_n100_p10000_rho-0.4,jml,rule_stable,4,5,log_a,estimated,-0.5,-0.25,4,1606.5,0.02028408551387387,0.00353922146145156,0.24985247562996127,0.006871781367698312,0.3128728672698446,0.007591012824864245
2pl,100,10000,-0.4,2pl_n100_p10000_rho-0.4,jml,rule_stable,4,5,log_a,estimated,-0.25,0.0,4,2653.75,-0.0029366142865061024,0.0016980157218788932,0.2287966601184783,0.009007316201556795,0.2876194056981546,0.011630177681281165
2pl,100,10000,-0.4,2pl_n100_p10000_rho-0.4,jml,rule_stable,4,5,log_a,estimated,0.0,0.25,4,2634.75,-0.017326044133930452,0.0008389215408917178,0.20970046880876334,0.006669088779405189,0.26602058743190854,0.00828168714340509
2pl,100,10000,-0.4,2pl_n100_p10000_rho-0.4,jml,rule_stable,4,5,log_a,estimated,0.25,0.5,4,1597.5,-0.01873141279430461,0.001898810842403508,0.1970167894813722,0.006457569460502774,0.24880017706883437,0.009970303495201876
2pl,100,10000,-0.4,2pl_n100_p10000_rho-0.4,jml,rule_stable,4,5,log_a,estimated,0.5,inf,4,761.0,-0.012337824537397056,0.002848474591174162,0.1950987085382525,0.005201189843102591,0.24727458637055233,0.007207083971677769
2pl,100,10000,-0.4,2pl_n100_p10000_rho-0.4,jml,rule_stable,4,5,a,estimated,0.0,0.5,4,230.25,0.08746062577121297,0.01417436530945479,0.15198240406947588,0.010344901928087919,0.2050987731591536,0.015123415527067653
2pl,100,10000,-0.4,2pl_n100_p10000_rho-0.4,jml,rule_stable,4,5,a,estimated,0.5,0.8,4,2371.75,0.050918044639727204,0.0014319613529319211,0.17802250805771427,0.004369054639011438,0.23221008154985884,0.005246143362581731
2pl,100,10000,-0.4,2pl_n100_p10000_rho-0.4,jml,rule_stable,4,5,a,estimated,0.8,1.0,4,2404.75,0.03335959335219819,0.002930407455673092,0.20791388926746024,0.008789495918178266,0.26916195394887993,0.011827542742623251
2pl,100,10000,-0.4,2pl_n100_p10000_rho-0.4,jml,rule_stable,4,5,a,estimated,1.0,1.25,4,2385.5,0.0202966783302065,0.002082249015861107,0.23510313615534267,0.0075341692484542895,0.30476942613287994,0.010711902796482658
2pl,100,10000,-0.4,2pl_n100_p10000_rho-0.4,jml,rule_stable,4,5,a,estimated,1.25,2.0,4,2379.0,0.019794700499284175,0.002645105776141407,0.29683843607554555,0.00996989791856048,0.3896511563301449,0.016393032763060988
2pl,100,10000,-0.4,2pl_n100_p10000_rho-0.4,jml,rule_stable,4,5,a,estimated,2.0,inf,4,228.75,0.05134537500575171,0.016126022137314882,0.4639450153862242,0.008804964130752895,0.6839762363243217,0.03302090666452197
2pl,100,10000,-0.4,2pl_n100_p10000_rho-0.4,tbaem_c,all_returned,4,5,theta,estimated,-inf,-1.5,4,7.0,-0.12033542033289961,0.011834940011914336,0.12033542033289961,0.011834940011914336,0.12538650825253642,0.010623588751133211
2pl,100,10000,-0.4,2pl_n100_p10000_rho-0.4,tbaem_c,all_returned,4,5,theta,estimated,-1.5,-0.5,4,19.75,-0.035365948598772276,0.002041947182480574,0.03888891867427016,0.0021601016991329844,0.044559604351372094,0.0022015938480394455
2pl,100,10000,-0.4,2pl_n100_p10000_rho-0.4,tbaem_c,all_returned,4,5,theta,estimated,-0.5,0.5,4,40.5,0.025016322005817156,0.003870182735216612,0.03131535590390577,0.0024801601726064195,0.0382361479273693,0.0026408078234672777
2pl,100,10000,-0.4,2pl_n100_p10000_rho-0.4,tbaem_c,all_returned,4,5,theta,estimated,0.5,1.5,4,25.25,0.07598732564444778,0.001952393178812172,0.07598732564444778,0.001952393178812172,0.0805076296801685,0.0014928945571470661
2pl,100,10000,-0.4,2pl_n100_p10000_rho-0.4,tbaem_c,all_returned,4,5,theta,estimated,1.5,inf,4,7.5,0.10908966241143372,0.0040291247298745595,0.10908966241143372,0.0040291247298745595,0.11564613574977314,0.005532045020799098
2pl,100,10000,-0.4,2pl_n100_p10000_rho-0.4,tbaem_c,all_returned,4,5,b,estimated,-inf,-1.0,4,1061.0,0.09088025566505833,0.0028292620846468585,0.21771259425948064,0.005748993869420587,0.27633032473560193,0.006663533058796158
2pl,100,10000,-0.4,2pl_n100_p10000_rho-0.4,tbaem_c,all_returned,4,5,b,estimated,-1.0,-0.5,4,1599.75,0.043257459632236636,0.0010155653707023529,0.1886385977066613,0.005033231803929064,0.24145884747809365,0.00588779987363654
2pl,100,10000,-0.4,2pl_n100_p10000_rho-0.4,tbaem_c,all_returned,4,5,b,estimated,-0.5,0.0,4,2343.25,0.029399683089333654,0.003501730709745716,0.17966382988809593,0.001495168759217618,0.22888090994582913,0.001957734767056547
2pl,100,10000,-0.4,2pl_n100_p10000_rho-0.4,tbaem_c,all_returned,4,5,b,estimated,0.0,0.5,4,2341.75,0.01243811833693707,0.0012280881046387911,0.1885266229516333,0.0031788407403611028,0.23786699688329735,0.003977821010955282
2pl,100,10000,-0.4,2pl_n100_p10000_rho-0.4,tbaem_c,all_returned,4,5,b,estimated,0.5,1.0,4,1586.5,-0.030432176607548714,0.0036182242952431283,0.21011698184992045,0.0038763539962764194,0.2665672884757454,0.0046428105428300325
2pl,100,10000,-0.4,2pl_n100_p10000_rho-0.4,tbaem_c,all_returned,4,5,b,estimated,1.0,inf,4,1067.75,-0.20171334600208848,0.008733848273581665,0.30616592707726187,0.006426143789161368,0.39148662091925046,0.006546200575215989
2pl,100,10000,-0.4,2pl_n100_p10000_rho-0.4,tbaem_c,all_returned,4,5,log_a,estimated,-inf,-0.5,4,746.5,0.3352193114704063,0.012980921120481392,0.33724487345046483,0.012626410081316541,0.37981482811451134,0.012580935273938816
2pl,100,10000,-0.4,2pl_n100_p10000_rho-0.4,tbaem_c,all_returned,4,5,log_a,estimated,-0.5,-0.25,4,1606.5,0.15627319730863043,0.003183001100224211,0.18304640010161521,0.0018429944081533461,0.22387018318437005,0.002787198536637612
2pl,100,10000,-0.4,2pl_n100_p10000_rho-0.4,tbaem_c,all_returned,4,5,log_a,estimated,-0.25,0.0,4,2653.75,0.03740144886791037,0.002301291748455991,0.130461643949763,0.0017198653854213284,0.16392975188974973,0.0023234522614722915
2pl,100,10000,-0.4,2pl_n100_p10000_rho-0.4,tbaem_c,all_returned,4,5,log_a,estimated,0.0,0.25,4,2634.75,-0.0651322789672054,0.0015579401621100188,0.13840488863011055,0.0010935320122830007,0.172483818803994,0.0012636830260169655
2pl,100,10000,-0.4,2pl_n100_p10000_rho-0.4,tbaem_c,all_returned,4,5,log_a,estimated,0.25,0.5,4,1597.5,-0.1493541250413806,0.005039462342371292,0.17875375739478705,0.003906887518272835,0.21643572563689373,0.004529053600578958
2pl,100,10000,-0.4,2pl_n100_p10000_rho-0.4,tbaem_c,all_returned,4,5,log_a,estimated,0.5,inf,4,761.0,-0.24992849791864807,0.008444405258829888,0.2561887787359409,0.007687508597233158,0.2934320744977448,0.0073640722226093
2pl,100,10000,-0.4,2pl_n100_p10000_rho-0.4,tbaem_c,all_returned,4,5,a,estimated,0.0,0.5,4,230.25,0.2506794884810657,0.012785560487671072,0.2507565237700178,0.01275729814106033,0.2745005091739548,0.013122421963676105
2pl,100,10000,-0.4,2pl_n100_p10000_rho-0.4,tbaem_c,all_returned,4,5,a,estimated,0.5,0.8,4,2371.75,0.136632460196179,0.0035367558270210046,0.15332962521853577,0.0023363430814511495,0.19121168216526374,0.0027603716796417697
2pl,100,10000,-0.4,2pl_n100_p10000_rho-0.4,tbaem_c,all_returned,4,5,a,estimated,0.8,1.0,4,2404.75,0.03924053307597564,0.0018963726096534418,0.12083195222332069,0.0018549742795583174,0.15625182123953774,0.002776668002002198
2pl,100,10000,-0.4,2pl_n100_p10000_rho-0.4,tbaem_c,all_returned,4,5,a,estimated,1.0,1.25,4,2385.5,-0.053480225097278025,0.002093794691733924,0.1457687918056128,0.0009885530266386781,0.18029850393081012,0.001233214691772668
2pl,100,10000,-0.4,2pl_n100_p10000_rho-0.4,tbaem_c,all_returned,4,5,a,estimated,1.25,2.0,4,2379.0,-0.21447065368102913,0.006653250824015552,0.2542204636193698,0.004926982724744863,0.3042059702453276,0.005806207685887829
2pl,100,10000,-0.4,2pl_n100_p10000_rho-0.4,tbaem_c,all_returned,4,5,a,estimated,2.0,inf,4,228.75,-0.6080827806416278,0.009559633920152947,0.609338413714298,0.009920927163959729,0.6711711608550324,0.0078780913162308
2pl,100,10000,-0.4,2pl_n100_p10000_rho-0.4,tbaem_c,rule_stable,4,5,theta,estimated,-inf,-1.5,4,7.0,-0.12033542033289961,0.011834940011914336,0.12033542033289961,0.011834940011914336,0.12538650825253642,0.010623588751133211
2pl,100,10000,-0.4,2pl_n100_p10000_rho-0.4,tbaem_c,rule_stable,4,5,theta,estimated,-1.5,-0.5,4,19.75,-0.035365948598772276,0.002041947182480574,0.03888891867427016,0.0021601016991329844,0.044559604351372094,0.0022015938480394455
2pl,100,10000,-0.4,2pl_n100_p10000_rho-0.4,tbaem_c,rule_stable,4,5,theta,estimated,-0.5,0.5,4,40.5,0.025016322005817156,0.003870182735216612,0.03131535590390577,0.0024801601726064195,0.0382361479273693,0.0026408078234672777
2pl,100,10000,-0.4,2pl_n100_p10000_rho-0.4,tbaem_c,rule_stable,4,5,theta,estimated,0.5,1.5,4,25.25,0.07598732564444778,0.001952393178812172,0.07598732564444778,0.001952393178812172,0.0805076296801685,0.0014928945571470661
2pl,100,10000,-0.4,2pl_n100_p10000_rho-0.4,tbaem_c,rule_stable,4,5,theta,estimated,1.5,inf,4,7.5,0.10908966241143372,0.0040291247298745595,0.10908966241143372,0.0040291247298745595,0.11564613574977314,0.005532045020799098
2pl,100,10000,-0.4,2pl_n100_p10000_rho-0.4,tbaem_c,rule_stable,4,5,b,estimated,-inf,-1.0,4,1061.0,0.09088025566505833,0.0028292620846468585,0.21771259425948064,0.005748993869420587,0.27633032473560193,0.006663533058796158
2pl,100,10000,-0.4,2pl_n100_p10000_rho-0.4,tbaem_c,rule_stable,4,5,b,estimated,-1.0,-0.5,4,1599.75,0.043257459632236636,0.0010155653707023529,0.1886385977066613,0.005033231803929064,0.24145884747809365,0.00588779987363654
2pl,100,10000,-0.4,2pl_n100_p10000_rho-0.4,tbaem_c,rule_stable,4,5,b,estimated,-0.5,0.0,4,2343.25,0.029399683089333654,0.003501730709745716,0.17966382988809593,0.001495168759217618,0.22888090994582913,0.001957734767056547
2pl,100,10000,-0.4,2pl_n100_p10000_rho-0.4,tbaem_c,rule_stable,4,5,b,estimated,0.0,0.5,4,2341.75,0.01243811833693707,0.0012280881046387911,0.1885266229516333,0.0031788407403611028,0.23786699688329735,0.003977821010955282
2pl,100,10000,-0.4,2pl_n100_p10000_rho-0.4,tbaem_c,rule_stable,4,5,b,estimated,0.5,1.0,4,1586.5,-0.030432176607548714,0.0036182242952431283,0.21011698184992045,0.0038763539962764194,0.2665672884757454,0.0046428105428300325
2pl,100,10000,-0.4,2pl_n100_p10000_rho-0.4,tbaem_c,rule_stable,4,5,b,estimated,1.0,inf,4,1067.75,-0.20171334600208848,0.008733848273581665,0.30616592707726187,0.006426143789161368,0.39148662091925046,0.006546200575215989
2pl,100,10000,-0.4,2pl_n100_p10000_rho-0.4,tbaem_c,rule_stable,4,5,log_a,estimated,-inf,-0.5,4,746.5,0.3352193114704063,0.012980921120481392,0.33724487345046483,0.012626410081316541,0.37981482811451134,0.012580935273938816
2pl,100,10000,-0.4,2pl_n100_p10000_rho-0.4,tbaem_c,rule_stable,4,5,log_a,estimated,-0.5,-0.25,4,1606.5,0.15627319730863043,0.003183001100224211,0.18304640010161521,0.0018429944081533461,0.22387018318437005,0.002787198536637612
2pl,100,10000,-0.4,2pl_n100_p10000_rho-0.4,tbaem_c,rule_stable,4,5,log_a,estimated,-0.25,0.0,4,2653.75,0.03740144886791037,0.002301291748455991,0.130461643949763,0.0017198653854213284,0.16392975188974973,0.0023234522614722915
2pl,100,10000,-0.4,2pl_n100_p10000_rho-0.4,tbaem_c,rule_stable,4,5,log_a,estimated,0.0,0.25,4,2634.75,-0.0651322789672054,0.0015579401621100188,0.13840488863011055,0.0010935320122830007,0.172483818803994,0.0012636830260169655
2pl,100,10000,-0.4,2pl_n100_p10000_rho-0.4,tbaem_c,rule_stable,4,5,log_a,estimated,0.25,0.5,4,1597.5,-0.1493541250413806,0.005039462342371292,0.17875375739478705,0.003906887518272835,0.21643572563689373,0.004529053600578958
2pl,100,10000,-0.4,2pl_n100_p10000_rho-0.4,tbaem_c,rule_stable,4,5,log_a,estimated,0.5,inf,4,761.0,-0.24992849791864807,0.008444405258829888,0.2561887787359409,0.007687508597233158,0.2934320744977448,0.0073640722226093
2pl,100,10000,-0.4,2pl_n100_p10000_rho-0.4,tbaem_c,rule_stable,4,5,a,estimated,0.0,0.5,4,230.25,0.2506794884810657,0.012785560487671072,0.2507565237700178,0.01275729814106033,0.2745005091739548,0.013122421963676105
2pl,100,10000,-0.4,2pl_n100_p10000_rho-0.4,tbaem_c,rule_stable,4,5,a,estimated,0.5,0.8,4,2371.75,0.136632460196179,0.0035367558270210046,0.15332962521853577,0.0023363430814511495,0.19121168216526374,0.0027603716796417697
2pl,100,10000,-0.4,2pl_n100_p10000_rho-0.4,tbaem_c,rule_stable,4,5,a,estimated,0.8,1.0,4,2404.75,0.03924053307597564,0.0018963726096534418,0.12083195222332069,0.0018549742795583174,0.15625182123953774,0.002776668002002198
2pl,100,10000,-0.4,2pl_n100_p10000_rho-0.4,tbaem_c,rule_stable,4,5,a,estimated,1.0,1.25,4,2385.5,-0.053480225097278025,0.002093794691733924,0.1457687918056128,0.0009885530266386781,0.18029850393081012,0.001233214691772668
2pl,100,10000,-0.4,2pl_n100_p10000_rho-0.4,tbaem_c,rule_stable,4,5,a,estimated,1.25,2.0,4,2379.0,-0.21447065368102913,0.006653250824015552,0.2542204636193698,0.004926982724744863,0.3042059702453276,0.005806207685887829
2pl,100,10000,-0.4,2pl_n100_p10000_rho-0.4,tbaem_c,rule_stable,4,5,a,estimated,2.0,inf,4,228.75,-0.6080827806416278,0.009559633920152947,0.609338413714298,0.009920927163959729,0.6711711608550324,0.0078780913162308
2pl,100,10000,-0.4,2pl_n100_p10000_rho-0.4,tbaem_d,all_returned,4,5,theta,estimated,-inf,-1.5,4,7.0,-0.1687794256630236,0.03466277752641216,0.1687794256630236,0.03466277752641216,0.18402712220654044,0.03577947834362861
2pl,100,10000,-0.4,2pl_n100_p10000_rho-0.4,tbaem_d,all_returned,4,5,theta,estimated,-1.5,-0.5,4,19.75,-0.018858508233159852,0.0035064868308555728,0.031098859817377242,0.0026897000780909007,0.0379696101278649,0.002828808777015832
2pl,100,10000,-0.4,2pl_n100_p10000_rho-0.4,tbaem_d,all_returned,4,5,theta,estimated,-0.5,0.5,4,40.5,0.05439870991914308,0.0040971108306824214,0.05535925551474793,0.003686224092592774,0.06169996516052329,0.0036172322753774285
2pl,100,10000,-0.4,2pl_n100_p10000_rho-0.4,tbaem_d,all_returned,4,5,theta,estimated,0.5,1.5,4,25.25,0.09614580057834904,0.0017282175623901117,0.09614580057834904,0.0017282175623901117,0.09902113582589923,0.001359693444412599
2pl,100,10000,-0.4,2pl_n100_p10000_rho-0.4,tbaem_d,all_returned,4,5,theta,estimated,1.5,inf,4,7.5,0.10407525532085994,0.005611397729937555,0.10416939575888648,0.005659664013930816,0.11242884930972383,0.007042965586145418
2pl,100,10000,-0.4,2pl_n100_p10000_rho-0.4,tbaem_d,all_returned,4,5,b,estimated,-inf,-1.0,4,1061.0,0.06289540543487038,0.00310078685541232,0.21920998706072609,0.006280186582651686,0.2770388678590545,0.007128388277257933
2pl,100,10000,-0.4,2pl_n100_p10000_rho-0.4,tbaem_d,all_returned,4,5,b,estimated,-1.0,-0.5,4,1599.75,0.04142056147970156,0.0029181793827249337,0.195955718795705,0.0054287140482085095,0.24990495289051431,0.0062496557983554085
2pl,100,10000,-0.4,2pl_n100_p10000_rho-0.4,tbaem_d,all_returned,4,5,b,estimated,-0.5,0.0,4,2343.25,0.04083425682133532,0.0038317948182352724,0.18554167368484098,0.0015933286396885352,0.23529501568629682,0.0017511632029998051
2pl,100,10000,-0.4,2pl_n100_p10000_rho-0.4,tbaem_d,all_returned,4,5,b,estimated,0.0,0.5,4,2341.75,0.024009546408808712,0.0008701058252285345,0.18918691159863305,0.00301945015488942,0.23839558610483086,0.0037352965491217575
2pl,100,10000,-0.4,2pl_n100_p10000_rho-0.4,tbaem_d,all_returned,4,5,b,estimated,0.5,1.0,4,1586.5,-0.029761556417224576,0.0035797614531939935,0.2055007136547455,0.0037720196343331066,0.26153481134967665,0.0046188332416357445
2pl,100,10000,-0.4,2pl_n100_p10000_rho-0.4,tbaem_d,all_returned,4,5,b,estimated,1.0,inf,4,1067.75,-0.22266023003211516,0.010621316650011389,0.3108426591210968,0.007928955170036856,0.3990890264389552,0.008123793029086262
2pl,100,10000,-0.4,2pl_n100_p10000_rho-0.4,tbaem_d,all_returned,4,5,log_a,estimated,-inf,-0.5,4,746.5,0.34753134884620235,0.01291428921812918,0.3497723600273104,0.012450570001735831,0.3933928120227889,0.012811267632013854
2pl,100,10000,-0.4,2pl_n100_p10000_rho-0.4,tbaem_d,all_returned,4,5,log_a,estimated,-0.5,-0.25,4,1606.5,0.16466894414752622,0.0031316132901573366,0.19098968135881006,0.002043909146352127,0.2337905511182474,0.003032440871800174
2pl,100,10000,-0.4,2pl_n100_p10000_rho-0.4,tbaem_d,all_returned,4,5,log_a,estimated,-0.25,0.0,4,2653.75,0.040456229095425664,0.002652544651760058,0.13501181839499618,0.002273520853654073,0.16963207331254282,0.002806153587244983
2pl,100,10000,-0.4,2pl_n100_p10000_rho-0.4,tbaem_d,all_returned,4,5,log_a,estimated,0.0,0.25,4,2634.75,-0.06755419272563813,0.0015938999808931115,0.14207515235545579,0.0017630282507654469,0.1763653534846267,0.0018879385815937684
2pl,100,10000,-0.4,2pl_n100_p10000_rho-0.4,tbaem_d,all_returned,4,5,log_a,estimated,0.25,0.5,4,1597.5,-0.15750754421314345,0.00473263216216994,0.18554698695381136,0.003743318246108309,0.22322944144508924,0.0045557153390217
2pl,100,10000,-0.4,2pl_n100_p10000_rho-0.4,tbaem_d,all_returned,4,5,log_a,estimated,0.5,inf,4,761.0,-0.26482535763920495,0.008326938919439903,0.27039306461764734,0.007785753380805032,0.3075209506729092,0.007218572587001396
2pl,100,10000,-0.4,2pl_n100_p10000_rho-0.4,tbaem_d,all_returned,4,5,a,estimated,0.0,0.5,4,230.25,0.2622140925722537,0.013078734455848865,0.2623488928157264,0.013072706547883034,0.28762772493731076,0.013649513877136357
2pl,100,10000,-0.4,2pl_n100_p10000_rho-0.4,tbaem_d,all_returned,4,5,a,estimated,0.5,0.8,4,2371.75,0.14424078809315166,0.0035855972615073707,0.16078771548505394,0.0024347717808210854,0.20083497803453942,0.0029268649107786664
2pl,100,10000,-0.4,2pl_n100_p10000_rho-0.4,tbaem_d,all_returned,4,5,a,estimated,0.8,1.0,4,2404.75,0.042616376047350024,0.002150309378913776,0.1255117799660825,0.0022941206661036555,0.16274092037259658,0.003038373209542959
2pl,100,10000,-0.4,2pl_n100_p10000_rho-0.4,tbaem_d,all_returned,4,5,a,estimated,1.0,1.25,4,2385.5,-0.055423652538077246,0.001494026147816606,0.14918808061820338,0.0016782082466220679,0.18399462791738302,0.0020051645565487873
2pl,100,10000,-0.4,2pl_n100_p10000_rho-0.4,tbaem_d,all_returned,4,5,a,estimated,1.25,2.0,4,2379.0,-0.22569444417378057,0.006523733398262856,0.26391932933816176,0.005048539984060854,0.31398644370437956,0.0057266701656768
2pl,100,10000,-0.4,2pl_n100_p10000_rho-0.4,tbaem_d,all_returned,4,5,a,estimated,2.0,inf,4,228.75,-0.6413353506297685,0.008030125193093792,0.6431025931463479,0.008440513687004094,0.70362534070883,0.0068537572180922745
2pl,100,10000,-0.4,2pl_n100_p10000_rho-0.4,tbaem_d,rule_stable,4,5,theta,estimated,-inf,-1.5,4,7.0,-0.1687794256630236,0.03466277752641216,0.1687794256630236,0.03466277752641216,0.18402712220654044,0.03577947834362861
2pl,100,10000,-0.4,2pl_n100_p10000_rho-0.4,tbaem_d,rule_stable,4,5,theta,estimated,-1.5,-0.5,4,19.75,-0.018858508233159852,0.0035064868308555728,0.031098859817377242,0.0026897000780909007,0.0379696101278649,0.002828808777015832
2pl,100,10000,-0.4,2pl_n100_p10000_rho-0.4,tbaem_d,rule_stable,4,5,theta,estimated,-0.5,0.5,4,40.5,0.05439870991914308,0.0040971108306824214,0.05535925551474793,0.003686224092592774,0.06169996516052329,0.0036172322753774285
2pl,100,10000,-0.4,2pl_n100_p10000_rho-0.4,tbaem_d,rule_stable,4,5,theta,estimated,0.5,1.5,4,25.25,0.09614580057834904,0.0017282175623901117,0.09614580057834904,0.0017282175623901117,0.09902113582589923,0.001359693444412599
2pl,100,10000,-0.4,2pl_n100_p10000_rho-0.4,tbaem_d,rule_stable,4,5,theta,estimated,1.5,inf,4,7.5,0.10407525532085994,0.005611397729937555,0.10416939575888648,0.005659664013930816,0.11242884930972383,0.007042965586145418
2pl,100,10000,-0.4,2pl_n100_p10000_rho-0.4,tbaem_d,rule_stable,4,5,b,estimated,-inf,-1.0,4,1061.0,0.06289540543487038,0.00310078685541232,0.21920998706072609,0.006280186582651686,0.2770388678590545,0.007128388277257933
2pl,100,10000,-0.4,2pl_n100_p10000_rho-0.4,tbaem_d,rule_stable,4,5,b,estimated,-1.0,-0.5,4,1599.75,0.04142056147970156,0.0029181793827249337,0.195955718795705,0.0054287140482085095,0.24990495289051431,0.0062496557983554085
2pl,100,10000,-0.4,2pl_n100_p10000_rho-0.4,tbaem_d,rule_stable,4,5,b,estimated,-0.5,0.0,4,2343.25,0.04083425682133532,0.0038317948182352724,0.18554167368484098,0.0015933286396885352,0.23529501568629682,0.0017511632029998051
2pl,100,10000,-0.4,2pl_n100_p10000_rho-0.4,tbaem_d,rule_stable,4,5,b,estimated,0.0,0.5,4,2341.75,0.024009546408808712,0.0008701058252285345,0.18918691159863305,0.00301945015488942,0.23839558610483086,0.0037352965491217575
2pl,100,10000,-0.4,2pl_n100_p10000_rho-0.4,tbaem_d,rule_stable,4,5,b,estimated,0.5,1.0,4,1586.5,-0.029761556417224576,0.0035797614531939935,0.2055007136547455,0.0037720196343331066,0.26153481134967665,0.0046188332416357445
2pl,100,10000,-0.4,2pl_n100_p10000_rho-0.4,tbaem_d,rule_stable,4,5,b,estimated,1.0,inf,4,1067.75,-0.22266023003211516,0.010621316650011389,0.3108426591210968,0.007928955170036856,0.3990890264389552,0.008123793029086262
2pl,100,10000,-0.4,2pl_n100_p10000_rho-0.4,tbaem_d,rule_stable,4,5,log_a,estimated,-inf,-0.5,4,746.5,0.34753134884620235,0.01291428921812918,0.3497723600273104,0.012450570001735831,0.3933928120227889,0.012811267632013854
2pl,100,10000,-0.4,2pl_n100_p10000_rho-0.4,tbaem_d,rule_stable,4,5,log_a,estimated,-0.5,-0.25,4,1606.5,0.16466894414752622,0.0031316132901573366,0.19098968135881006,0.002043909146352127,0.2337905511182474,0.003032440871800174
2pl,100,10000,-0.4,2pl_n100_p10000_rho-0.4,tbaem_d,rule_stable,4,5,log_a,estimated,-0.25,0.0,4,2653.75,0.040456229095425664,0.002652544651760058,0.13501181839499618,0.002273520853654073,0.16963207331254282,0.002806153587244983
2pl,100,10000,-0.4,2pl_n100_p10000_rho-0.4,tbaem_d,rule_stable,4,5,log_a,estimated,0.0,0.25,4,2634.75,-0.06755419272563813,0.0015938999808931115,0.14207515235545579,0.0017630282507654469,0.1763653534846267,0.0018879385815937684
2pl,100,10000,-0.4,2pl_n100_p10000_rho-0.4,tbaem_d,rule_stable,4,5,log_a,estimated,0.25,0.5,4,1597.5,-0.15750754421314345,0.00473263216216994,0.18554698695381136,0.003743318246108309,0.22322944144508924,0.0045557153390217
2pl,100,10000,-0.4,2pl_n100_p10000_rho-0.4,tbaem_d,rule_stable,4,5,log_a,estimated,0.5,inf,4,761.0,-0.26482535763920495,0.008326938919439903,0.27039306461764734,0.007785753380805032,0.3075209506729092,0.007218572587001396
2pl,100,10000,-0.4,2pl_n100_p10000_rho-0.4,tbaem_d,rule_stable,4,5,a,estimated,0.0,0.5,4,230.25,0.2622140925722537,0.013078734455848865,0.2623488928157264,0.013072706547883034,0.28762772493731076,0.013649513877136357
2pl,100,10000,-0.4,2pl_n100_p10000_rho-0.4,tbaem_d,rule_stable,4,5,a,estimated,0.5,0.8,4,2371.75,0.14424078809315166,0.0035855972615073707,0.16078771548505394,0.0024347717808210854,0.20083497803453942,0.0029268649107786664
2pl,100,10000,-0.4,2pl_n100_p10000_rho-0.4,tbaem_d,rule_stable,4,5,a,estimated,0.8,1.0,4,2404.75,0.042616376047350024,0.002150309378913776,0.1255117799660825,0.0022941206661036555,0.16274092037259658,0.003038373209542959
2pl,100,10000,-0.4,2pl_n100_p10000_rho-0.4,tbaem_d,rule_stable,4,5,a,estimated,1.0,1.25,4,2385.5,-0.055423652538077246,0.001494026147816606,0.14918808061820338,0.0016782082466220679,0.18399462791738302,0.0020051645565487873
2pl,100,10000,-0.4,2pl_n100_p10000_rho-0.4,tbaem_d,rule_stable,4,5,a,estimated,1.25,2.0,4,2379.0,-0.22569444417378057,0.006523733398262856,0.26391932933816176,0.005048539984060854,0.31398644370437956,0.0057266701656768
2pl,100,10000,-0.4,2pl_n100_p10000_rho-0.4,tbaem_d,rule_stable,4,5,a,estimated,2.0,inf,4,228.75,-0.6413353506297685,0.008030125193093792,0.6431025931463479,0.008440513687004094,0.70362534070883,0.0068537572180922745
2pl,100,10000,-0.4,2pl_n100_p10000_rho-0.4,vi,all_returned,4,5,theta,estimated,-inf,-1.5,4,7.0,-0.06086700521044843,0.023582118559140944,0.06631509252732859,0.021226687803887496,0.08015682079930499,0.02144211822322081
2pl,100,10000,-0.4,2pl_n100_p10000_rho-0.4,vi,all_returned,4,5,theta,estimated,-1.5,-0.5,4,19.75,0.024051340912388586,0.0011853460911805899,0.02655186401440038,0.0008161368931896097,0.03204171773712811,0.001290852836442239
2pl,100,10000,-0.4,2pl_n100_p10000_rho-0.4,vi,all_returned,4,5,theta,estimated,-0.5,0.5,4,40.5,0.03673401192398663,0.002825167454875104,0.03718694272102074,0.002594765829830646,0.04240026579768584,0.0029022311762750635
2pl,100,10000,-0.4,2pl_n100_p10000_rho-0.4,vi,all_returned,4,5,theta,estimated,0.5,1.5,4,25.25,0.03290848141306162,0.0014902593425764373,0.03391748412287855,0.0015758970399875462,0.03893686251326542,0.0009600114414951416
2pl,100,10000,-0.4,2pl_n100_p10000_rho-0.4,vi,all_returned,4,5,theta,estimated,1.5,inf,4,7.5,0.024345501618182174,0.005986127069569484,0.03916655633521553,0.0053772443218987305,0.04742008578338253,0.00777896792528854
2pl,100,10000,-0.4,2pl_n100_p10000_rho-0.4,vi,all_returned,4,5,b,estimated,-inf,-1.0,4,1061.0,0.04654329365971527,0.003699171957638731,0.23555289815253302,0.01160081723873317,0.29715012416909226,0.014275773676341953
2pl,100,10000,-0.4,2pl_n100_p10000_rho-0.4,vi,all_returned,4,5,b,estimated,-1.0,-0.5,4,1599.75,0.03233880605147485,0.0014240161694521365,0.20232283993732025,0.006066867748429479,0.25950400497332504,0.00690110787286223
2pl,100,10000,-0.4,2pl_n100_p10000_rho-0.4,vi,all_returned,4,5,b,estimated,-0.5,0.0,4,2343.25,0.030307610680096922,0.0034310574562245073,0.18843350033371664,0.0020162123547971633,0.2416940136923894,0.002032355481664661
2pl,100,10000,-0.4,2pl_n100_p10000_rho-0.4,vi,all_returned,4,5,b,estimated,0.0,0.5,4,2341.75,0.01707519042172948,0.0011551720410008166,0.19343036562020016,0.0036177735255469557,0.24696963210233147,0.004492178326705983
2pl,100,10000,-0.4,2pl_n100_p10000_rho-0.4,vi,all_returned,4,5,b,estimated,0.5,1.0,4,1586.5,-0.01974242406132303,0.0044700548221928114,0.21495856449958925,0.004265662908684234,0.27604354979671714,0.005302709959379783
2pl,100,10000,-0.4,2pl_n100_p10000_rho-0.4,vi,all_returned,4,5,b,estimated,1.0,inf,4,1067.75,-0.16934834846519287,0.007780450065504016,0.30229443878837664,0.005587623260239068,0.3851593959260708,0.0062691638122140255
2pl,100,10000,-0.4,2pl_n100_p10000_rho-0.4,vi,all_returned,4,5,log_a,estimated,-inf,-0.5,4,746.5,0.22185621637203845,0.014822295238828248,0.2601001898926863,0.010879902950813558,0.32277908895681684,0.012733635516159393
2pl,100,10000,-0.4,2pl_n100_p10000_rho-0.4,vi,all_returned,4,5,log_a,estimated,-0.5,-0.25,4,1606.5,0.08861885325199682,0.0023736996017725623,0.19543500290199686,0.0030474448681549753,0.2448580733382397,0.0035650194689354478
2pl,100,10000,-0.4,2pl_n100_p10000_rho-0.4,vi,all_returned,4,5,log_a,estimated,-0.25,0.0,4,2653.75,0.011957836555888298,0.0024296492418808247,0.18062310611251153,0.004070241654787428,0.22559537416628464,0.00511857591176095
2pl,100,10000,-0.4,2pl_n100_p10000_rho-0.4,vi,all_returned,4,5,log_a,estimated,0.0,0.25,4,2634.75,-0.04513117087957326,0.0017857569940194183,0.17941511836747182,0.003390694983634143,0.2249430862444816,0.003768617854677636
2pl,100,10000,-0.4,2pl_n100_p10000_rho-0.4,vi,all_returned,4,5,log_a,estimated,0.25,0.5,4,1597.5,-0.08135770920122401,0.004024476059174845,0.1828103324454906,0.003992196436698905,0.22760549729373303,0.006022453909008512
2pl,100,10000,-0.4,2pl_n100_p10000_rho-0.4,vi,all_returned,4,5,log_a,estimated,0.5,inf,4,761.0,-0.11906745279488665,0.007601400912884637,0.19253845772917913,0.004807362415537174,0.23724033436701644,0.005803234052345011
2pl,100,10000,-0.4,2pl_n100_p10000_rho-0.4,vi,all_returned,4,5,a,estimated,0.0,0.5,4,230.25,0.172338338561769,0.014254229172346295,0.1795213228207417,0.013211024263322694,0.22533337777785842,0.01499506449200087
2pl,100,10000,-0.4,2pl_n100_p10000_rho-0.4,vi,all_returned,4,5,a,estimated,0.5,0.8,4,2371.75,0.09010788531793562,0.0030710421872847393,0.15166185953912736,0.0023149369311003666,0.20121418964447865,0.003079816082455204
2pl,100,10000,-0.4,2pl_n100_p10000_rho-0.4,vi,all_returned,4,5,a,estimated,0.8,1.0,4,2404.75,0.030299775485297095,0.0022928499271547696,0.16681691248708688,0.004297911585320356,0.21652981655916978,0.005908049029208216
2pl,100,10000,-0.4,2pl_n100_p10000_rho-0.4,vi,all_returned,4,5,a,estimated,1.0,1.25,4,2385.5,-0.02116666249899981,0.0015570277061712641,0.1951523044418212,0.0034818358213679506,0.24713435076825263,0.004775988681026658
2pl,100,10000,-0.4,2pl_n100_p10000_rho-0.4,vi,all_returned,4,5,a,estimated,1.25,2.0,4,2379.0,-0.09467871806275303,0.0052906397275223,0.2588868520801782,0.0048537788154319065,0.32008213276911585,0.006203937861458525
2pl,100,10000,-0.4,2pl_n100_p10000_rho-0.4,vi,all_returned,4,5,a,estimated,2.0,inf,4,228.75,-0.2806121365566748,0.012904058051117592,0.41262592771908047,0.0069885856434098725,0.4995410279380808,0.0062308178105751864
2pl,100,10000,-0.4,2pl_n100_p10000_rho-0.4,vi,rule_stable,4,5,theta,estimated,-inf,-1.5,4,7.0,-0.06086700521044843,0.023582118559140944,0.06631509252732859,0.021226687803887496,0.08015682079930499,0.02144211822322081
2pl,100,10000,-0.4,2pl_n100_p10000_rho-0.4,vi,rule_stable,4,5,theta,estimated,-1.5,-0.5,4,19.75,0.024051340912388586,0.0011853460911805899,0.02655186401440038,0.0008161368931896097,0.03204171773712811,0.001290852836442239
2pl,100,10000,-0.4,2pl_n100_p10000_rho-0.4,vi,rule_stable,4,5,theta,estimated,-0.5,0.5,4,40.5,0.03673401192398663,0.002825167454875104,0.03718694272102074,0.002594765829830646,0.04240026579768584,0.0029022311762750635
2pl,100,10000,-0.4,2pl_n100_p10000_rho-0.4,vi,rule_stable,4,5,theta,estimated,0.5,1.5,4,25.25,0.03290848141306162,0.0014902593425764373,0.03391748412287855,0.0015758970399875462,0.03893686251326542,0.0009600114414951416
2pl,100,10000,-0.4,2pl_n100_p10000_rho-0.4,vi,rule_stable,4,5,theta,estimated,1.5,inf,4,7.5,0.024345501618182174,0.005986127069569484,0.03916655633521553,0.0053772443218987305,0.04742008578338253,0.00777896792528854
2pl,100,10000,-0.4,2pl_n100_p10000_rho-0.4,vi,rule_stable,4,5,b,estimated,-inf,-1.0,4,1061.0,0.04654329365971527,0.003699171957638731,0.23555289815253302,0.01160081723873317,0.29715012416909226,0.014275773676341953
2pl,100,10000,-0.4,2pl_n100_p10000_rho-0.4,vi,rule_stable,4,5,b,estimated,-1.0,-0.5,4,1599.75,0.03233880605147485,0.0014240161694521365,0.20232283993732025,0.006066867748429479,0.25950400497332504,0.00690110787286223
2pl,100,10000,-0.4,2pl_n100_p10000_rho-0.4,vi,rule_stable,4,5,b,estimated,-0.5,0.0,4,2343.25,0.030307610680096922,0.0034310574562245073,0.18843350033371664,0.0020162123547971633,0.2416940136923894,0.002032355481664661
2pl,100,10000,-0.4,2pl_n100_p10000_rho-0.4,vi,rule_stable,4,5,b,estimated,0.0,0.5,4,2341.75,0.01707519042172948,0.0011551720410008166,0.19343036562020016,0.0036177735255469557,0.24696963210233147,0.004492178326705983
2pl,100,10000,-0.4,2pl_n100_p10000_rho-0.4,vi,rule_stable,4,5,b,estimated,0.5,1.0,4,1586.5,-0.01974242406132303,0.0044700548221928114,0.21495856449958925,0.004265662908684234,0.27604354979671714,0.005302709959379783
2pl,100,10000,-0.4,2pl_n100_p10000_rho-0.4,vi,rule_stable,4,5,b,estimated,1.0,inf,4,1067.75,-0.16934834846519287,0.007780450065504016,0.30229443878837664,0.005587623260239068,0.3851593959260708,0.0062691638122140255
2pl,100,10000,-0.4,2pl_n100_p10000_rho-0.4,vi,rule_stable,4,5,log_a,estimated,-inf,-0.5,4,746.5,0.22185621637203845,0.014822295238828248,0.2601001898926863,0.010879902950813558,0.32277908895681684,0.012733635516159393
2pl,100,10000,-0.4,2pl_n100_p10000_rho-0.4,vi,rule_stable,4,5,log_a,estimated,-0.5,-0.25,4,1606.5,0.08861885325199682,0.0023736996017725623,0.19543500290199686,0.0030474448681549753,0.2448580733382397,0.0035650194689354478
2pl,100,10000,-0.4,2pl_n100_p10000_rho-0.4,vi,rule_stable,4,5,log_a,estimated,-0.25,0.0,4,2653.75,0.011957836555888298,0.0024296492418808247,0.18062310611251153,0.004070241654787428,0.22559537416628464,0.00511857591176095
2pl,100,10000,-0.4,2pl_n100_p10000_rho-0.4,vi,rule_stable,4,5,log_a,estimated,0.0,0.25,4,2634.75,-0.04513117087957326,0.0017857569940194183,0.17941511836747182,0.003390694983634143,0.2249430862444816,0.003768617854677636
2pl,100,10000,-0.4,2pl_n100_p10000_rho-0.4,vi,rule_stable,4,5,log_a,estimated,0.25,0.5,4,1597.5,-0.08135770920122401,0.004024476059174845,0.1828103324454906,0.003992196436698905,0.22760549729373303,0.006022453909008512
2pl,100,10000,-0.4,2pl_n100_p10000_rho-0.4,vi,rule_stable,4,5,log_a,estimated,0.5,inf,4,761.0,-0.11906745279488665,0.007601400912884637,0.19253845772917913,0.004807362415537174,0.23724033436701644,0.005803234052345011
2pl,100,10000,-0.4,2pl_n100_p10000_rho-0.4,vi,rule_stable,4,5,a,estimated,0.0,0.5,4,230.25,0.172338338561769,0.014254229172346295,0.1795213228207417,0.013211024263322694,0.22533337777785842,0.01499506449200087
2pl,100,10000,-0.4,2pl_n100_p10000_rho-0.4,vi,rule_stable,4,5,a,estimated,0.5,0.8,4,2371.75,0.09010788531793562,0.0030710421872847393,0.15166185953912736,0.0023149369311003666,0.20121418964447865,0.003079816082455204
2pl,100,10000,-0.4,2pl_n100_p10000_rho-0.4,vi,rule_stable,4,5,a,estimated,0.8,1.0,4,2404.75,0.030299775485297095,0.0022928499271547696,0.16681691248708688,0.004297911585320356,0.21652981655916978,0.005908049029208216
2pl,100,10000,-0.4,2pl_n100_p10000_rho-0.4,vi,rule_stable,4,5,a,estimated,1.0,1.25,4,2385.5,-0.02116666249899981,0.0015570277061712641,0.1951523044418212,0.0034818358213679506,0.24713435076825263,0.004775988681026658
2pl,100,10000,-0.4,2pl_n100_p10000_rho-0.4,vi,rule_stable,4,5,a,estimated,1.25,2.0,4,2379.0,-0.09467871806275303,0.0052906397275223,0.2588868520801782,0.0048537788154319065,0.32008213276911585,0.006203937861458525
2pl,100,10000,-0.4,2pl_n100_p10000_rho-0.4,vi,rule_stable,4,5,a,estimated,2.0,inf,4,228.75,-0.2806121365566748,0.012904058051117592,0.41262592771908047,0.0069885856434098725,0.4995410279380808,0.0062308178105751864
2pl,100,1000,0.0,2pl_n100_p1000_rho+0.0,jml,all_returned,5,5,theta,estimated,-inf,-1.5,5,8.6,-0.06754063432714286,0.015121432310855583,0.10636750757287614,0.013705645977630262,0.13537652470310796,0.01779336846965739
2pl,100,1000,0.0,2pl_n100_p1000_rho+0.0,jml,all_returned,5,5,theta,estimated,-1.5,-0.5,5,27.2,-0.00997007082838766,0.008280537294721458,0.06058631228019708,0.0019660518349993,0.07807782720011279,0.001191326763294241
2pl,100,1000,0.0,2pl_n100_p1000_rho+0.0,jml,all_returned,5,5,theta,estimated,-0.5,0.5,5,37.2,-0.002724367901391855,0.009162811709415406,0.06262223207246005,0.005593808402977689,0.07636117466908861,0.006813650148595086
2pl,100,1000,0.0,2pl_n100_p1000_rho+0.0,jml,all_returned,5,5,theta,estimated,0.5,1.5,5,17.8,0.007929766188729785,0.010091651823029917,0.06325618287350346,0.006832536132423471,0.07836857540213779,0.00737757710889969
2pl,100,1000,0.0,2pl_n100_p1000_rho+0.0,jml,all_returned,5,5,theta,estimated,1.5,inf,5,9.2,0.059076937324763726,0.013708472662573926,0.10122935302064529,0.010402430462937167,0.13694767318473872,0.015811960546576877
2pl,100,1000,0.0,2pl_n100_p1000_rho+0.0,jml,all_returned,5,5,b,estimated,-inf,-1.0,5,110.2,0.019669647532338075,0.019088733991614783,0.26359669352785525,0.00828816368120218,0.337269188456572,0.007981356917599674
2pl,100,1000,0.0,2pl_n100_p1000_rho+0.0,jml,all_returned,5,5,b,estimated,-1.0,-0.5,5,162.2,-0.014069857923404922,0.009619130106650275,0.22048636836108707,0.008589168934748532,0.29080947370928173,0.01272455259860244
2pl,100,1000,0.0,2pl_n100_p1000_rho+0.0,jml,all_returned,5,5,b,estimated,-0.5,0.0,5,224.4,-0.002056181995590351,0.008255538958490382,0.19730722901098888,0.004393576166841271,0.2560247686690846,0.007447426483586513
2pl,100,1000,0.0,2pl_n100_p1000_rho+0.0,jml,all_returned,5,5,b,estimated,0.0,0.5,5,234.2,0.010002033358951725,0.008143901969748032,0.20039225551750217,0.005791886234130434,0.2649288970227735,0.008993396191381453
2pl,100,1000,0.0,2pl_n100_p1000_rho+0.0,jml,all_returned,5,5,b,estimated,0.5,1.0,5,159.6,0.001636217588011596,0.011736301510881276,0.23803006547582245,0.005494536947001029,0.31081070149809886,0.007272083148733523
2pl,100,1000,0.0,2pl_n100_p1000_rho+0.0,jml,all_returned,5,5,b,estimated,1.0,inf,5,109.4,-0.01374343627271175,0.01650333043521299,0.27487964942464005,0.008641229416725195,0.3460172164509344,0.010569030946652281
2pl,100,1000,0.0,2pl_n100_p1000_rho+0.0,jml,all_returned,5,5,log_a,estimated,-inf,-0.5,5,72.2,0.0689572916317914,0.01848057594885984,0.26028010864384427,0.00783530012678106,0.322357696993922,0.0102226951883613
2pl,100,1000,0.0,2pl_n100_p1000_rho+0.0,jml,all_returned,5,5,log_a,estimated,-0.5,-0.25,5,154.4,0.013093967141687504,0.00767129291507331,0.23431132668067373,0.011225638618251144,0.2942267676309925,0.012900751061099953
2pl,100,1000,0.0,2pl_n100_p1000_rho+0.0,jml,all_returned,5,5,log_a,estimated,-0.25,0.0,5,277.6,-0.00293813397485132,0.006213628050186274,0.22968477990480535,0.004698664857087619,0.28657690253893886,0.00580456895057477
2pl,100,1000,0.0,2pl_n100_p1000_rho+0.0,jml,all_returned,5,5,log_a,estimated,0.0,0.25,5,257.2,-0.008172307126806675,0.002543075098078384,0.20407728959489427,0.004757125335002889,0.25953373514083417,0.005612788173969602
2pl,100,1000,0.0,2pl_n100_p1000_rho+0.0,jml,all_returned,5,5,log_a,estimated,0.25,0.5,5,164.2,-0.015848873797101377,0.008044235179073576,0.19422718928212598,0.006817166316170179,0.24441033647060967,0.009178886641678782
2pl,100,1000,0.0,2pl_n100_p1000_rho+0.0,jml,all_returned,5,5,log_a,estimated,0.5,inf,5,74.4,-0.02259120165598885,0.01162583521636068,0.18501365482026982,0.0031160697647895533,0.2306262757425309,0.002753306151177506
2pl,100,1000,0.0,2pl_n100_p1000_rho+0.0,jml,all_returned,5,5,a,estimated,0.0,0.5,5,23.0,0.06801884382596468,0.020568594899255336,0.13506234435390613,0.011078363370092973,0.1798323475159097,0.01907626263243151
2pl,100,1000,0.0,2pl_n100_p1000_rho+0.0,jml,all_returned,5,5,a,estimated,0.5,0.8,5,231.2,0.044969497139063876,0.0050667991693811145,0.1709399774943819,0.006493605894384532,0.2272027804712122,0.009202324301255196
2pl,100,1000,0.0,2pl_n100_p1000_rho+0.0,jml,all_returned,5,5,a,estimated,0.8,1.0,5,250.0,0.031526157383651755,0.003551975305665604,0.2071574050144525,0.004075587045377006,0.2664781140421116,0.005032882175990326
2pl,100,1000,0.0,2pl_n100_p1000_rho+0.0,jml,all_returned,5,5,a,estimated,1.0,1.25,5,234.8,0.02842446163583634,0.003452663923683926,0.23217586071028062,0.00605010702602472,0.30691180641812005,0.009792402208141314
2pl,100,1000,0.0,2pl_n100_p1000_rho+0.0,jml,all_returned,5,5,a,estimated,1.25,2.0,5,238.8,0.023089586015611615,0.007420145859174001,0.28830743220031624,0.010213583977126245,0.3823855650610966,0.016386741440444396
2pl,100,1000,0.0,2pl_n100_p1000_rho+0.0,jml,all_returned,5,5,a,estimated,2.0,inf,5,22.2,-0.046902638567419705,0.05631114128839458,0.44030108208532487,0.014785793917994968,0.596781407365664,0.02768484987407538
2pl,100,1000,0.0,2pl_n100_p1000_rho+0.0,jml,rule_stable,5,5,theta,estimated,-inf,-1.5,5,8.6,-0.06754063432714286,0.015121432310855583,0.10636750757287614,0.013705645977630262,0.13537652470310796,0.01779336846965739
2pl,100,1000,0.0,2pl_n100_p1000_rho+0.0,jml,rule_stable,5,5,theta,estimated,-1.5,-0.5,5,27.2,-0.00997007082838766,0.008280537294721458,0.06058631228019708,0.0019660518349993,0.07807782720011279,0.001191326763294241
2pl,100,1000,0.0,2pl_n100_p1000_rho+0.0,jml,rule_stable,5,5,theta,estimated,-0.5,0.5,5,37.2,-0.002724367901391855,0.009162811709415406,0.06262223207246005,0.005593808402977689,0.07636117466908861,0.006813650148595086
2pl,100,1000,0.0,2pl_n100_p1000_rho+0.0,jml,rule_stable,5,5,theta,estimated,0.5,1.5,5,17.8,0.007929766188729785,0.010091651823029917,0.06325618287350346,0.006832536132423471,0.07836857540213779,0.00737757710889969
2pl,100,1000,0.0,2pl_n100_p1000_rho+0.0,jml,rule_stable,5,5,theta,estimated,1.5,inf,5,9.2,0.059076937324763726,0.013708472662573926,0.10122935302064529,0.010402430462937167,0.13694767318473872,0.015811960546576877
2pl,100,1000,0.0,2pl_n100_p1000_rho+0.0,jml,rule_stable,5,5,b,estimated,-inf,-1.0,5,110.2,0.019669647532338075,0.019088733991614783,0.26359669352785525,0.00828816368120218,0.337269188456572,0.007981356917599674
2pl,100,1000,0.0,2pl_n100_p1000_rho+0.0,jml,rule_stable,5,5,b,estimated,-1.0,-0.5,5,162.2,-0.014069857923404922,0.009619130106650275,0.22048636836108707,0.008589168934748532,0.29080947370928173,0.01272455259860244
2pl,100,1000,0.0,2pl_n100_p1000_rho+0.0,jml,rule_stable,5,5,b,estimated,-0.5,0.0,5,224.4,-0.002056181995590351,0.008255538958490382,0.19730722901098888,0.004393576166841271,0.2560247686690846,0.007447426483586513
2pl,100,1000,0.0,2pl_n100_p1000_rho+0.0,jml,rule_stable,5,5,b,estimated,0.0,0.5,5,234.2,0.010002033358951725,0.008143901969748032,0.20039225551750217,0.005791886234130434,0.2649288970227735,0.008993396191381453
2pl,100,1000,0.0,2pl_n100_p1000_rho+0.0,jml,rule_stable,5,5,b,estimated,0.5,1.0,5,159.6,0.001636217588011596,0.011736301510881276,0.23803006547582245,0.005494536947001029,0.31081070149809886,0.007272083148733523
2pl,100,1000,0.0,2pl_n100_p1000_rho+0.0,jml,rule_stable,5,5,b,estimated,1.0,inf,5,109.4,-0.01374343627271175,0.01650333043521299,0.27487964942464005,0.008641229416725195,0.3460172164509344,0.010569030946652281
2pl,100,1000,0.0,2pl_n100_p1000_rho+0.0,jml,rule_stable,5,5,log_a,estimated,-inf,-0.5,5,72.2,0.0689572916317914,0.01848057594885984,0.26028010864384427,0.00783530012678106,0.322357696993922,0.0102226951883613
2pl,100,1000,0.0,2pl_n100_p1000_rho+0.0,jml,rule_stable,5,5,log_a,estimated,-0.5,-0.25,5,154.4,0.013093967141687504,0.00767129291507331,0.23431132668067373,0.011225638618251144,0.2942267676309925,0.012900751061099953
2pl,100,1000,0.0,2pl_n100_p1000_rho+0.0,jml,rule_stable,5,5,log_a,estimated,-0.25,0.0,5,277.6,-0.00293813397485132,0.006213628050186274,0.22968477990480535,0.004698664857087619,0.28657690253893886,0.00580456895057477
2pl,100,1000,0.0,2pl_n100_p1000_rho+0.0,jml,rule_stable,5,5,log_a,estimated,0.0,0.25,5,257.2,-0.008172307126806675,0.002543075098078384,0.20407728959489427,0.004757125335002889,0.25953373514083417,0.005612788173969602
2pl,100,1000,0.0,2pl_n100_p1000_rho+0.0,jml,rule_stable,5,5,log_a,estimated,0.25,0.5,5,164.2,-0.015848873797101377,0.008044235179073576,0.19422718928212598,0.006817166316170179,0.24441033647060967,0.009178886641678782
2pl,100,1000,0.0,2pl_n100_p1000_rho+0.0,jml,rule_stable,5,5,log_a,estimated,0.5,inf,5,74.4,-0.02259120165598885,0.01162583521636068,0.18501365482026982,0.0031160697647895533,0.2306262757425309,0.002753306151177506
2pl,100,1000,0.0,2pl_n100_p1000_rho+0.0,jml,rule_stable,5,5,a,estimated,0.0,0.5,5,23.0,0.06801884382596468,0.020568594899255336,0.13506234435390613,0.011078363370092973,0.1798323475159097,0.01907626263243151
2pl,100,1000,0.0,2pl_n100_p1000_rho+0.0,jml,rule_stable,5,5,a,estimated,0.5,0.8,5,231.2,0.044969497139063876,0.0050667991693811145,0.1709399774943819,0.006493605894384532,0.2272027804712122,0.009202324301255196
2pl,100,1000,0.0,2pl_n100_p1000_rho+0.0,jml,rule_stable,5,5,a,estimated,0.8,1.0,5,250.0,0.031526157383651755,0.003551975305665604,0.2071574050144525,0.004075587045377006,0.2664781140421116,0.005032882175990326
2pl,100,1000,0.0,2pl_n100_p1000_rho+0.0,jml,rule_stable,5,5,a,estimated,1.0,1.25,5,234.8,0.02842446163583634,0.003452663923683926,0.23217586071028062,0.00605010702602472,0.30691180641812005,0.009792402208141314
2pl,100,1000,0.0,2pl_n100_p1000_rho+0.0,jml,rule_stable,5,5,a,estimated,1.25,2.0,5,238.8,0.023089586015611615,0.007420145859174001,0.28830743220031624,0.010213583977126245,0.3823855650610966,0.016386741440444396
2pl,100,1000,0.0,2pl_n100_p1000_rho+0.0,jml,rule_stable,5,5,a,estimated,2.0,inf,5,22.2,-0.046902638567419705,0.05631114128839458,0.44030108208532487,0.014785793917994968,0.596781407365664,0.02768484987407538
2pl,100,1000,0.0,2pl_n100_p1000_rho+0.0,tbaem_c,all_returned,5,5,theta,estimated,-inf,-1.5,5,8.6,-0.13169365217610066,0.013651078595850373,0.14572950235626494,0.012627918697457604,0.17088832921170719,0.01370262344140759
2pl,100,1000,0.0,2pl_n100_p1000_rho+0.0,tbaem_c,all_returned,5,5,theta,estimated,-1.5,-0.5,5,27.2,-0.05463585214227149,0.009009148339079504,0.07490134924112123,0.0038094797619286345,0.09807603578222224,0.005619763179897717
2pl,100,1000,0.0,2pl_n100_p1000_rho+0.0,tbaem_c,all_returned,5,5,theta,estimated,-0.5,0.5,5,37.2,0.002352796964467366,0.010195006958728858,0.06560238520046126,0.007052905013438262,0.07966121556190482,0.008524251744500362
2pl,100,1000,0.0,2pl_n100_p1000_rho+0.0,tbaem_c,all_returned,5,5,theta,estimated,0.5,1.5,5,17.8,0.06133421451983634,0.012123820041569726,0.08365085884867815,0.007263928727932046,0.10119022374478533,0.00801674699375133
2pl,100,1000,0.0,2pl_n100_p1000_rho+0.0,tbaem_c,all_returned,5,5,theta,estimated,1.5,inf,5,9.2,0.1261208923875124,0.015306452680736738,0.13569203566054747,0.011660986241856432,0.1730542082753013,0.015069774074422015
2pl,100,1000,0.0,2pl_n100_p1000_rho+0.0,tbaem_c,all_returned,5,5,b,estimated,-inf,-1.0,5,110.2,0.1159228662764377,0.016528842821649625,0.24338650251571003,0.009148326392519945,0.3138779571651507,0.011814865150870477
2pl,100,1000,0.0,2pl_n100_p1000_rho+0.0,tbaem_c,all_returned,5,5,b,estimated,-1.0,-0.5,5,162.2,0.03662324844948106,0.009947732777677808,0.1977240775389789,0.00695930544767597,0.2508497228896081,0.008758346441671944
2pl,100,1000,0.0,2pl_n100_p1000_rho+0.0,tbaem_c,all_returned,5,5,b,estimated,-0.5,0.0,5,224.4,0.011311288675729324,0.0056920268015231016,0.18194546199571698,0.002302857110306294,0.22936062595859763,0.003154847564557965
2pl,100,1000,0.0,2pl_n100_p1000_rho+0.0,tbaem_c,all_returned,5,5,b,estimated,0.0,0.5,5,234.2,-0.003341531772042293,0.007889112462251035,0.17951105337057288,0.005707967731953425,0.2288841594422186,0.007355715854050408
2pl,100,1000,0.0,2pl_n100_p1000_rho+0.0,tbaem_c,all_returned,5,5,b,estimated,0.5,1.0,5,159.6,-0.04854386197495104,0.013638156442040398,0.21469327924983625,0.004410753595490688,0.27370896542742307,0.006864460975582672
2pl,100,1000,0.0,2pl_n100_p1000_rho+0.0,tbaem_c,all_returned,5,5,b,estimated,1.0,inf,5,109.4,-0.10937550321315981,0.017256168487362555,0.243622066843532,0.009010372694838516,0.3161592098042669,0.00985132622911403
2pl,100,1000,0.0,2pl_n100_p1000_rho+0.0,tbaem_c,all_returned,5,5,log_a,estimated,-inf,-0.5,5,72.2,0.33971719260251737,0.016632512412719475,0.3415663713687117,0.016011981785969815,0.3808141852508577,0.017395833792931675
2pl,100,1000,0.0,2pl_n100_p1000_rho+0.0,tbaem_c,all_returned,5,5,log_a,estimated,-0.5,-0.25,5,154.4,0.1555183622304668,0.007032814054774562,0.17919648551746672,0.00648163614055438,0.22150141512872626,0.006704247271078207
2pl,100,1000,0.0,2pl_n100_p1000_rho+0.0,tbaem_c,all_returned,5,5,log_a,estimated,-0.25,0.0,5,277.6,0.040770526137817766,0.003384886920458741,0.13601889550516663,0.0019376929032110714,0.17133869757935288,0.002095379930584041
2pl,100,1000,0.0,2pl_n100_p1000_rho+0.0,tbaem_c,all_returned,5,5,log_a,estimated,0.0,0.25,5,257.2,-0.060297104952049686,0.0025261771098197125,0.1393039788474592,0.0032375087794122887,0.17282630732679327,0.004362050170967995
2pl,100,1000,0.0,2pl_n100_p1000_rho+0.0,tbaem_c,all_returned,5,5,log_a,estimated,0.25,0.5,5,164.2,-0.15086234440156063,0.008073414281119367,0.1806021703890473,0.005086373843038228,0.21701036453887013,0.00686703536309856
2pl,100,1000,0.0,2pl_n100_p1000_rho+0.0,tbaem_c,all_returned,5,5,log_a,estimated,0.5,inf,5,74.4,-0.26367054830963604,0.010398164109999752,0.2708013194887232,0.00801281427781615,0.30700869162742783,0.009024702040588155
2pl,100,1000,0.0,2pl_n100_p1000_rho+0.0,tbaem_c,all_returned,5,5,a,estimated,0.0,0.5,5,23.0,0.24742800756583488,0.014854867068564615,0.24742800756583488,0.014854867068564615,0.2681291640017691,0.015580514581758355
2pl,100,1000,0.0,2pl_n100_p1000_rho+0.0,tbaem_c,all_returned,5,5,a,estimated,0.5,0.8,5,231.2,0.1363621238706513,0.005216440192760517,0.15252697386204223,0.0037282411773555957,0.19210694152663918,0.004769607406403027
2pl,100,1000,0.0,2pl_n100_p1000_rho+0.0,tbaem_c,all_returned,5,5,a,estimated,0.8,1.0,5,250.0,0.042274256743619974,0.002057991942475928,0.12564955012472673,0.0019421403898550213,0.16252299698605122,0.001845974320059098
2pl,100,1000,0.0,2pl_n100_p1000_rho+0.0,tbaem_c,all_returned,5,5,a,estimated,1.0,1.25,5,234.8,-0.04892645782378765,0.003627344850302027,0.14848591757957533,0.003840541718939058,0.18393228687565769,0.006146752788212872
2pl,100,1000,0.0,2pl_n100_p1000_rho+0.0,tbaem_c,all_returned,5,5,a,estimated,1.25,2.0,5,238.8,-0.2150722366695416,0.00947284128190801,0.2559629585371498,0.005983584056562046,0.3041440444825455,0.007120426645788324
2pl,100,1000,0.0,2pl_n100_p1000_rho+0.0,tbaem_c,all_returned,5,5,a,estimated,2.0,inf,5,22.2,-0.6720036535620513,0.042330331618614,0.6792491237400109,0.042060390740598745,0.736953044721069,0.03935068329859289
2pl,100,1000,0.0,2pl_n100_p1000_rho+0.0,tbaem_c,rule_stable,5,5,theta,estimated,-inf,-1.5,5,8.6,-0.13169365217610066,0.013651078595850373,0.14572950235626494,0.012627918697457604,0.17088832921170719,0.01370262344140759
2pl,100,1000,0.0,2pl_n100_p1000_rho+0.0,tbaem_c,rule_stable,5,5,theta,estimated,-1.5,-0.5,5,27.2,-0.05463585214227149,0.009009148339079504,0.07490134924112123,0.0038094797619286345,0.09807603578222224,0.005619763179897717
2pl,100,1000,0.0,2pl_n100_p1000_rho+0.0,tbaem_c,rule_stable,5,5,theta,estimated,-0.5,0.5,5,37.2,0.002352796964467366,0.010195006958728858,0.06560238520046126,0.007052905013438262,0.07966121556190482,0.008524251744500362
2pl,100,1000,0.0,2pl_n100_p1000_rho+0.0,tbaem_c,rule_stable,5,5,theta,estimated,0.5,1.5,5,17.8,0.06133421451983634,0.012123820041569726,0.08365085884867815,0.007263928727932046,0.10119022374478533,0.00801674699375133
2pl,100,1000,0.0,2pl_n100_p1000_rho+0.0,tbaem_c,rule_stable,5,5,theta,estimated,1.5,inf,5,9.2,0.1261208923875124,0.015306452680736738,0.13569203566054747,0.011660986241856432,0.1730542082753013,0.015069774074422015
2pl,100,1000,0.0,2pl_n100_p1000_rho+0.0,tbaem_c,rule_stable,5,5,b,estimated,-inf,-1.0,5,110.2,0.1159228662764377,0.016528842821649625,0.24338650251571003,0.009148326392519945,0.3138779571651507,0.011814865150870477
2pl,100,1000,0.0,2pl_n100_p1000_rho+0.0,tbaem_c,rule_stable,5,5,b,estimated,-1.0,-0.5,5,162.2,0.03662324844948106,0.009947732777677808,0.1977240775389789,0.00695930544767597,0.2508497228896081,0.008758346441671944
2pl,100,1000,0.0,2pl_n100_p1000_rho+0.0,tbaem_c,rule_stable,5,5,b,estimated,-0.5,0.0,5,224.4,0.011311288675729324,0.0056920268015231016,0.18194546199571698,0.002302857110306294,0.22936062595859763,0.003154847564557965
2pl,100,1000,0.0,2pl_n100_p1000_rho+0.0,tbaem_c,rule_stable,5,5,b,estimated,0.0,0.5,5,234.2,-0.003341531772042293,0.007889112462251035,0.17951105337057288,0.005707967731953425,0.2288841594422186,0.007355715854050408
2pl,100,1000,0.0,2pl_n100_p1000_rho+0.0,tbaem_c,rule_stable,5,5,b,estimated,0.5,1.0,5,159.6,-0.04854386197495104,0.013638156442040398,0.21469327924983625,0.004410753595490688,0.27370896542742307,0.006864460975582672
2pl,100,1000,0.0,2pl_n100_p1000_rho+0.0,tbaem_c,rule_stable,5,5,b,estimated,1.0,inf,5,109.4,-0.10937550321315981,0.017256168487362555,0.243622066843532,0.009010372694838516,0.3161592098042669,0.00985132622911403
2pl,100,1000,0.0,2pl_n100_p1000_rho+0.0,tbaem_c,rule_stable,5,5,log_a,estimated,-inf,-0.5,5,72.2,0.33971719260251737,0.016632512412719475,0.3415663713687117,0.016011981785969815,0.3808141852508577,0.017395833792931675
2pl,100,1000,0.0,2pl_n100_p1000_rho+0.0,tbaem_c,rule_stable,5,5,log_a,estimated,-0.5,-0.25,5,154.4,0.1555183622304668,0.007032814054774562,0.17919648551746672,0.00648163614055438,0.22150141512872626,0.006704247271078207
2pl,100,1000,0.0,2pl_n100_p1000_rho+0.0,tbaem_c,rule_stable,5,5,log_a,estimated,-0.25,0.0,5,277.6,0.040770526137817766,0.003384886920458741,0.13601889550516663,0.0019376929032110714,0.17133869757935288,0.002095379930584041
2pl,100,1000,0.0,2pl_n100_p1000_rho+0.0,tbaem_c,rule_stable,5,5,log_a,estimated,0.0,0.25,5,257.2,-0.060297104952049686,0.0025261771098197125,0.1393039788474592,0.0032375087794122887,0.17282630732679327,0.004362050170967995
2pl,100,1000,0.0,2pl_n100_p1000_rho+0.0,tbaem_c,rule_stable,5,5,log_a,estimated,0.25,0.5,5,164.2,-0.15086234440156063,0.008073414281119367,0.1806021703890473,0.005086373843038228,0.21701036453887013,0.00686703536309856
2pl,100,1000,0.0,2pl_n100_p1000_rho+0.0,tbaem_c,rule_stable,5,5,log_a,estimated,0.5,inf,5,74.4,-0.26367054830963604,0.010398164109999752,0.2708013194887232,0.00801281427781615,0.30700869162742783,0.009024702040588155
2pl,100,1000,0.0,2pl_n100_p1000_rho+0.0,tbaem_c,rule_stable,5,5,a,estimated,0.0,0.5,5,23.0,0.24742800756583488,0.014854867068564615,0.24742800756583488,0.014854867068564615,0.2681291640017691,0.015580514581758355
2pl,100,1000,0.0,2pl_n100_p1000_rho+0.0,tbaem_c,rule_stable,5,5,a,estimated,0.5,0.8,5,231.2,0.1363621238706513,0.005216440192760517,0.15252697386204223,0.0037282411773555957,0.19210694152663918,0.004769607406403027
2pl,100,1000,0.0,2pl_n100_p1000_rho+0.0,tbaem_c,rule_stable,5,5,a,estimated,0.8,1.0,5,250.0,0.042274256743619974,0.002057991942475928,0.12564955012472673,0.0019421403898550213,0.16252299698605122,0.001845974320059098
2pl,100,1000,0.0,2pl_n100_p1000_rho+0.0,tbaem_c,rule_stable,5,5,a,estimated,1.0,1.25,5,234.8,-0.04892645782378765,0.003627344850302027,0.14848591757957533,0.003840541718939058,0.18393228687565769,0.006146752788212872
2pl,100,1000,0.0,2pl_n100_p1000_rho+0.0,tbaem_c,rule_stable,5,5,a,estimated,1.25,2.0,5,238.8,-0.2150722366695416,0.00947284128190801,0.2559629585371498,0.005983584056562046,0.3041440444825455,0.007120426645788324
2pl,100,1000,0.0,2pl_n100_p1000_rho+0.0,tbaem_c,rule_stable,5,5,a,estimated,2.0,inf,5,22.2,-0.6720036535620513,0.042330331618614,0.6792491237400109,0.042060390740598745,0.736953044721069,0.03935068329859289
2pl,100,1000,0.0,2pl_n100_p1000_rho+0.0,tbaem_d,all_returned,5,5,theta,estimated,-inf,-1.5,5,8.6,-0.13243161429935688,0.014046743919790342,0.14624638574664373,0.013143781113591735,0.17212081280752936,0.01469684413232949
2pl,100,1000,0.0,2pl_n100_p1000_rho+0.0,tbaem_d,all_returned,5,5,theta,estimated,-1.5,-0.5,5,27.2,-0.05440920474947595,0.007969061205274438,0.07429445039900798,0.0037839063775368716,0.09763356354246747,0.005524730666510918
2pl,100,1000,0.0,2pl_n100_p1000_rho+0.0,tbaem_d,all_returned,5,5,theta,estimated,-0.5,0.5,5,37.2,0.0027354856550363582,0.008391927993192447,0.06504377392434779,0.0066439659192545865,0.07884447204968412,0.00816609277642783
2pl,100,1000,0.0,2pl_n100_p1000_rho+0.0,tbaem_d,all_returned,5,5,theta,estimated,0.5,1.5,5,17.8,0.061650412258010864,0.011698590394580764,0.08311739888977458,0.007625318592411394,0.1011965374858733,0.007986010920809706
2pl,100,1000,0.0,2pl_n100_p1000_rho+0.0,tbaem_d,all_returned,5,5,theta,estimated,1.5,inf,5,9.2,0.12653715986225944,0.0165249375535098,0.13611531819106626,0.013028708424549203,0.17397349830830586,0.016801207298197996
2pl,100,1000,0.0,2pl_n100_p1000_rho+0.0,tbaem_d,all_returned,5,5,b,estimated,-inf,-1.0,5,110.2,0.11566330585685883,0.01594636801883601,0.24349386512167648,0.0092260352456231,0.31389230485484476,0.01174524650439795
2pl,100,1000,0.0,2pl_n100_p1000_rho+0.0,tbaem_d,all_returned,5,5,b,estimated,-1.0,-0.5,5,162.2,0.03643497568234916,0.009892732475717722,0.19794149309881398,0.007106020442688522,0.2510935806790883,0.008949465208888367
2pl,100,1000,0.0,2pl_n100_p1000_rho+0.0,tbaem_d,all_returned,5,5,b,estimated,-0.5,0.0,5,224.4,0.011500800263069226,0.005089136099495101,0.18209172559882586,0.002380565159440468,0.22955709398108354,0.003256049713386656
2pl,100,1000,0.0,2pl_n100_p1000_rho+0.0,tbaem_d,all_returned,5,5,b,estimated,0.0,0.5,5,234.2,-0.0032399563983911217,0.007981690510738087,0.17951994552644518,0.005832042546194513,0.22899135774871587,0.007490164794977263
2pl,100,1000,0.0,2pl_n100_p1000_rho+0.0,tbaem_d,all_returned,5,5,b,estimated,0.5,1.0,5,159.6,-0.04866566294411388,0.013667260182114182,0.214528216471301,0.004665510445766567,0.2734668996796554,0.007269073286585939
2pl,100,1000,0.0,2pl_n100_p1000_rho+0.0,tbaem_d,all_returned,5,5,b,estimated,1.0,inf,5,109.4,-0.10947217630318802,0.01663715193010045,0.24353989690634514,0.00899119884461451,0.315906496640961,0.009841183313174384
2pl,100,1000,0.0,2pl_n100_p1000_rho+0.0,tbaem_d,all_returned,5,5,log_a,estimated,-inf,-0.5,5,72.2,0.33945049118461845,0.016417030401860756,0.34136686126477434,0.015808813853836385,0.3805237262596743,0.01710510887039724
2pl,100,1000,0.0,2pl_n100_p1000_rho+0.0,tbaem_d,all_returned,5,5,log_a,estimated,-0.5,-0.25,5,154.4,0.15566850879525015,0.007160022664946545,0.1791515489600324,0.0064701917772508446,0.22139569545337126,0.006684044574754159
2pl,100,1000,0.0,2pl_n100_p1000_rho+0.0,tbaem_d,all_returned,5,5,log_a,estimated,-0.25,0.0,5,277.6,0.04074248193173898,0.0033456847107963717,0.1360074579496961,0.0019116759992681602,0.17131326477772088,0.0020448252396565716
2pl,100,1000,0.0,2pl_n100_p1000_rho+0.0,tbaem_d,all_returned,5,5,log_a,estimated,0.0,0.25,5,257.2,-0.06022704546373016,0.0025501036448004814,0.13920216285036097,0.0032791035196325937,0.1726730384829806,0.004350549195292597
2pl,100,1000,0.0,2pl_n100_p1000_rho+0.0,tbaem_d,all_returned,5,5,log_a,estimated,0.25,0.5,5,164.2,-0.15114803951902786,0.008017476819077862,0.18069486337162366,0.005036180714156039,0.21724919195603482,0.006919455518629129
2pl,100,1000,0.0,2pl_n100_p1000_rho+0.0,tbaem_d,all_returned,5,5,log_a,estimated,0.5,inf,5,74.4,-0.26324740983055717,0.010573730604434287,0.2702508435099057,0.00823098092919622,0.3066696356030601,0.00912653471065173
2pl,100,1000,0.0,2pl_n100_p1000_rho+0.0,tbaem_d,all_returned,5,5,a,estimated,0.0,0.5,5,23.0,0.2470775101019463,0.014641560659304435,0.2470775101019463,0.014641560659304435,0.26786049573005,0.015282048892674234
2pl,100,1000,0.0,2pl_n100_p1000_rho+0.0,tbaem_d,all_returned,5,5,a,estimated,0.5,0.8,5,231.2,0.13638656081047323,0.0052221345500050725,0.15248347662358247,0.0037277421090462976,0.19206162358775053,0.0047442421488901295
2pl,100,1000,0.0,2pl_n100_p1000_rho+0.0,tbaem_d,all_returned,5,5,a,estimated,0.8,1.0,5,250.0,0.04225868191107401,0.0020457953836047447,0.12567910463708667,0.001927071141380264,0.16248564642311647,0.0018195297162297056
2pl,100,1000,0.0,2pl_n100_p1000_rho+0.0,tbaem_d,all_returned,5,5,a,estimated,1.0,1.25,5,234.8,-0.04886371944710869,0.0036675392322887486,0.14844985824607468,0.003925437860255724,0.18376755722308136,0.006154000704957834
2pl,100,1000,0.0,2pl_n100_p1000_rho+0.0,tbaem_d,all_returned,5,5,a,estimated,1.25,2.0,5,238.8,-0.2152855497026717,0.009365827161611625,0.2557877034970476,0.005893100037020253,0.30408571008687707,0.007121558585021577
2pl,100,1000,0.0,2pl_n100_p1000_rho+0.0,tbaem_d,all_returned,5,5,a,estimated,2.0,inf,5,22.2,-0.6707201094338299,0.043499292174145526,0.6779910347250643,0.043334804549505036,0.7364141934209003,0.03989134001518988
2pl,100,1000,0.0,2pl_n100_p1000_rho+0.0,tbaem_d,rule_stable,5,5,theta,estimated,-inf,-1.5,5,8.6,-0.13243161429935688,0.014046743919790342,0.14624638574664373,0.013143781113591735,0.17212081280752936,0.01469684413232949
2pl,100,1000,0.0,2pl_n100_p1000_rho+0.0,tbaem_d,rule_stable,5,5,theta,estimated,-1.5,-0.5,5,27.2,-0.05440920474947595,0.007969061205274438,0.07429445039900798,0.0037839063775368716,0.09763356354246747,0.005524730666510918
2pl,100,1000,0.0,2pl_n100_p1000_rho+0.0,tbaem_d,rule_stable,5,5,theta,estimated,-0.5,0.5,5,37.2,0.0027354856550363582,0.008391927993192447,0.06504377392434779,0.0066439659192545865,0.07884447204968412,0.00816609277642783
2pl,100,1000,0.0,2pl_n100_p1000_rho+0.0,tbaem_d,rule_stable,5,5,theta,estimated,0.5,1.5,5,17.8,0.061650412258010864,0.011698590394580764,0.08311739888977458,0.007625318592411394,0.1011965374858733,0.007986010920809706
2pl,100,1000,0.0,2pl_n100_p1000_rho+0.0,tbaem_d,rule_stable,5,5,theta,estimated,1.5,inf,5,9.2,0.12653715986225944,0.0165249375535098,0.13611531819106626,0.013028708424549203,0.17397349830830586,0.016801207298197996
2pl,100,1000,0.0,2pl_n100_p1000_rho+0.0,tbaem_d,rule_stable,5,5,b,estimated,-inf,-1.0,5,110.2,0.11566330585685883,0.01594636801883601,0.24349386512167648,0.0092260352456231,0.31389230485484476,0.01174524650439795
2pl,100,1000,0.0,2pl_n100_p1000_rho+0.0,tbaem_d,rule_stable,5,5,b,estimated,-1.0,-0.5,5,162.2,0.03643497568234916,0.009892732475717722,0.19794149309881398,0.007106020442688522,0.2510935806790883,0.008949465208888367
2pl,100,1000,0.0,2pl_n100_p1000_rho+0.0,tbaem_d,rule_stable,5,5,b,estimated,-0.5,0.0,5,224.4,0.011500800263069226,0.005089136099495101,0.18209172559882586,0.002380565159440468,0.22955709398108354,0.003256049713386656
2pl,100,1000,0.0,2pl_n100_p1000_rho+0.0,tbaem_d,rule_stable,5,5,b,estimated,0.0,0.5,5,234.2,-0.0032399563983911217,0.007981690510738087,0.17951994552644518,0.005832042546194513,0.22899135774871587,0.007490164794977263
2pl,100,1000,0.0,2pl_n100_p1000_rho+0.0,tbaem_d,rule_stable,5,5,b,estimated,0.5,1.0,5,159.6,-0.04866566294411388,0.013667260182114182,0.214528216471301,0.004665510445766567,0.2734668996796554,0.007269073286585939
2pl,100,1000,0.0,2pl_n100_p1000_rho+0.0,tbaem_d,rule_stable,5,5,b,estimated,1.0,inf,5,109.4,-0.10947217630318802,0.01663715193010045,0.24353989690634514,0.00899119884461451,0.315906496640961,0.009841183313174384
2pl,100,1000,0.0,2pl_n100_p1000_rho+0.0,tbaem_d,rule_stable,5,5,log_a,estimated,-inf,-0.5,5,72.2,0.33945049118461845,0.016417030401860756,0.34136686126477434,0.015808813853836385,0.3805237262596743,0.01710510887039724
2pl,100,1000,0.0,2pl_n100_p1000_rho+0.0,tbaem_d,rule_stable,5,5,log_a,estimated,-0.5,-0.25,5,154.4,0.15566850879525015,0.007160022664946545,0.1791515489600324,0.0064701917772508446,0.22139569545337126,0.006684044574754159
2pl,100,1000,0.0,2pl_n100_p1000_rho+0.0,tbaem_d,rule_stable,5,5,log_a,estimated,-0.25,0.0,5,277.6,0.04074248193173898,0.0033456847107963717,0.1360074579496961,0.0019116759992681602,0.17131326477772088,0.0020448252396565716
2pl,100,1000,0.0,2pl_n100_p1000_rho+0.0,tbaem_d,rule_stable,5,5,log_a,estimated,0.0,0.25,5,257.2,-0.06022704546373016,0.0025501036448004814,0.13920216285036097,0.0032791035196325937,0.1726730384829806,0.004350549195292597
2pl,100,1000,0.0,2pl_n100_p1000_rho+0.0,tbaem_d,rule_stable,5,5,log_a,estimated,0.25,0.5,5,164.2,-0.15114803951902786,0.008017476819077862,0.18069486337162366,0.005036180714156039,0.21724919195603482,0.006919455518629129
2pl,100,1000,0.0,2pl_n100_p1000_rho+0.0,tbaem_d,rule_stable,5,5,log_a,estimated,0.5,inf,5,74.4,-0.26324740983055717,0.010573730604434287,0.2702508435099057,0.00823098092919622,0.3066696356030601,0.00912653471065173
2pl,100,1000,0.0,2pl_n100_p1000_rho+0.0,tbaem_d,rule_stable,5,5,a,estimated,0.0,0.5,5,23.0,0.2470775101019463,0.014641560659304435,0.2470775101019463,0.014641560659304435,0.26786049573005,0.015282048892674234
2pl,100,1000,0.0,2pl_n100_p1000_rho+0.0,tbaem_d,rule_stable,5,5,a,estimated,0.5,0.8,5,231.2,0.13638656081047323,0.0052221345500050725,0.15248347662358247,0.0037277421090462976,0.19206162358775053,0.0047442421488901295
2pl,100,1000,0.0,2pl_n100_p1000_rho+0.0,tbaem_d,rule_stable,5,5,a,estimated,0.8,1.0,5,250.0,0.04225868191107401,0.0020457953836047447,0.12567910463708667,0.001927071141380264,0.16248564642311647,0.0018195297162297056
2pl,100,1000,0.0,2pl_n100_p1000_rho+0.0,tbaem_d,rule_stable,5,5,a,estimated,1.0,1.25,5,234.8,-0.04886371944710869,0.0036675392322887486,0.14844985824607468,0.003925437860255724,0.18376755722308136,0.006154000704957834
2pl,100,1000,0.0,2pl_n100_p1000_rho+0.0,tbaem_d,rule_stable,5,5,a,estimated,1.25,2.0,5,238.8,-0.2152855497026717,0.009365827161611625,0.2557877034970476,0.005893100037020253,0.30408571008687707,0.007121558585021577
2pl,100,1000,0.0,2pl_n100_p1000_rho+0.0,tbaem_d,rule_stable,5,5,a,estimated,2.0,inf,5,22.2,-0.6707201094338299,0.043499292174145526,0.6779910347250643,0.043334804549505036,0.7364141934209003,0.03989134001518988
2pl,100,1000,0.0,2pl_n100_p1000_rho+0.0,vi,all_returned,5,5,theta,estimated,-inf,-1.5,5,8.6,-0.023578650102775982,0.012616883863935804,0.0806727933412397,0.011068574251606324,0.1044054488105721,0.01106454245459224
2pl,100,1000,0.0,2pl_n100_p1000_rho+0.0,vi,all_returned,5,5,theta,estimated,-1.5,-0.5,5,27.2,-0.00047035171571910945,0.008069220591518015,0.0588687433830587,0.002348441809326466,0.07533815056516006,0.0018098181678624088
2pl,100,1000,0.0,2pl_n100_p1000_rho+0.0,vi,all_returned,5,5,theta,estimated,-0.5,0.5,5,37.2,6.707015721052999e-05,0.00830656270807159,0.06122663611007645,0.005795132683519313,0.07475173245933239,0.0069604882112731005
2pl,100,1000,0.0,2pl_n100_p1000_rho+0.0,vi,all_returned,5,5,theta,estimated,0.5,1.5,5,17.8,0.00013531147825633847,0.010722243065915855,0.06058175081344652,0.00694581995164961,0.07501747375041729,0.007488517732819172
2pl,100,1000,0.0,2pl_n100_p1000_rho+0.0,vi,all_returned,5,5,theta,estimated,1.5,inf,5,9.2,0.013617754578787153,0.010949090502781957,0.08656969231675511,0.007390199286303307,0.10706047660684544,0.005172736838404913
2pl,100,1000,0.0,2pl_n100_p1000_rho+0.0,vi,all_returned,5,5,b,estimated,-inf,-1.0,5,110.2,0.08356640126965516,0.01482293306514734,0.24312547668365753,0.0067117527191810095,0.3127458731096825,0.007008715121867418
2pl,100,1000,0.0,2pl_n100_p1000_rho+0.0,vi,all_returned,5,5,b,estimated,-1.0,-0.5,5,162.2,0.024933636964190063,0.008254773283801906,0.20363672842715852,0.007717492345779266,0.2603541540859218,0.010295248167530262
2pl,100,1000,0.0,2pl_n100_p1000_rho+0.0,vi,all_returned,5,5,b,estimated,-0.5,0.0,5,224.4,0.008979845252521344,0.0059334129928168946,0.18464437470332257,0.0028151472371541423,0.23544141997140497,0.004152956873824234
2pl,100,1000,0.0,2pl_n100_p1000_rho+0.0,vi,all_returned,5,5,b,estimated,0.0,0.5,5,234.2,-0.003166362200031471,0.007192547848297863,0.18417380271275355,0.005158226686529102,0.23796842965502704,0.007225093822559946
2pl,100,1000,0.0,2pl_n100_p1000_rho+0.0,vi,all_returned,5,5,b,estimated,0.5,1.0,5,159.6,-0.037494956177494265,0.010591824803576533,0.22057851916052673,0.004164684218253522,0.2822578479470212,0.005501069036282958
2pl,100,1000,0.0,2pl_n100_p1000_rho+0.0,vi,all_returned,5,5,b,estimated,1.0,inf,5,109.4,-0.0724417032111914,0.017476302526425253,0.252047833155037,0.007885999658814466,0.3217948274073662,0.009173999377672819
2pl,100,1000,0.0,2pl_n100_p1000_rho+0.0,vi,all_returned,5,5,log_a,estimated,-inf,-0.5,5,72.2,0.21078168501217118,0.015987070464889282,0.2440858561787837,0.014663603803155092,0.3032904665415015,0.01475529477099298
2pl,100,1000,0.0,2pl_n100_p1000_rho+0.0,vi,all_returned,5,5,log_a,estimated,-0.5,-0.25,5,154.4,0.07859083405994803,0.007807275329618521,0.18265421043768168,0.007918338979175253,0.23077726629325265,0.00878585189823636
2pl,100,1000,0.0,2pl_n100_p1000_rho+0.0,vi,all_returned,5,5,log_a,estimated,-0.25,0.0,5,277.6,0.012517048948972778,0.0042466561050059455,0.18260389461097892,0.002214519286345269,0.2272548737146972,0.00308159680681736
2pl,100,1000,0.0,2pl_n100_p1000_rho+0.0,vi,all_returned,5,5,log_a,estimated,0.0,0.25,5,257.2,-0.03627138828614513,0.002524353389340567,0.17524487077299275,0.0032721505504651745,0.22032729919616095,0.004001672556146443
2pl,100,1000,0.0,2pl_n100_p1000_rho+0.0,vi,all_returned,5,5,log_a,estimated,0.25,0.5,5,164.2,-0.07594303530008364,0.008207851104257861,0.17977166005591547,0.0058171341632408695,0.2224715802692905,0.007954902008766347
2pl,100,1000,0.0,2pl_n100_p1000_rho+0.0,vi,all_returned,5,5,log_a,estimated,0.5,inf,5,74.4,-0.12265462691026492,0.007869604452911905,0.1926168737289719,0.0031363930237345026,0.23301525423837285,0.0043059418916694524
2pl,100,1000,0.0,2pl_n100_p1000_rho+0.0,vi,all_returned,5,5,a,estimated,0.0,0.5,5,23.0,0.1547866399129813,0.015884888660679095,0.15880060392258216,0.015305461804371995,0.20086287497231403,0.018172672662022295
2pl,100,1000,0.0,2pl_n100_p1000_rho+0.0,vi,all_returned,5,5,a,estimated,0.5,0.8,5,231.2,0.08252241639463073,0.004610735127582243,0.1442742497946167,0.0046218781155274976,0.19515350156330422,0.006956075158960509
2pl,100,1000,0.0,2pl_n100_p1000_rho+0.0,vi,all_returned,5,5,a,estimated,0.8,1.0,5,250.0,0.029807577977088173,0.0025997136787684746,0.16723521122774795,0.002241439524902833,0.21567645427146406,0.002728335051330391
2pl,100,1000,0.0,2pl_n100_p1000_rho+0.0,vi,all_returned,5,5,a,estimated,1.0,1.25,5,234.8,-0.013231694063551808,0.0032665216560469348,0.1933229311587364,0.00402660712465421,0.2482047665516082,0.0067891956790841305
2pl,100,1000,0.0,2pl_n100_p1000_rho+0.0,vi,all_returned,5,5,a,estimated,1.25,2.0,5,238.8,-0.08642142794300281,0.007366454727882735,0.25194562136497406,0.007360123446229089,0.31266960740271305,0.00951304431898525
2pl,100,1000,0.0,2pl_n100_p1000_rho+0.0,vi,all_returned,5,5,a,estimated,2.0,inf,5,22.2,-0.3308194783806685,0.04139201557882993,0.4641037119473667,0.026529569353605925,0.5414880671582516,0.022513258999249736
2pl,100,1000,0.0,2pl_n100_p1000_rho+0.0,vi,rule_stable,5,5,theta,estimated,-inf,-1.5,5,8.6,-0.023578650102775982,0.012616883863935804,0.0806727933412397,0.011068574251606324,0.1044054488105721,0.01106454245459224
2pl,100,1000,0.0,2pl_n100_p1000_rho+0.0,vi,rule_stable,5,5,theta,estimated,-1.5,-0.5,5,27.2,-0.00047035171571910945,0.008069220591518015,0.0588687433830587,0.002348441809326466,0.07533815056516006,0.0018098181678624088
2pl,100,1000,0.0,2pl_n100_p1000_rho+0.0,vi,rule_stable,5,5,theta,estimated,-0.5,0.5,5,37.2,6.707015721052999e-05,0.00830656270807159,0.06122663611007645,0.005795132683519313,0.07475173245933239,0.0069604882112731005
2pl,100,1000,0.0,2pl_n100_p1000_rho+0.0,vi,rule_stable,5,5,theta,estimated,0.5,1.5,5,17.8,0.00013531147825633847,0.010722243065915855,0.06058175081344652,0.00694581995164961,0.07501747375041729,0.007488517732819172
2pl,100,1000,0.0,2pl_n100_p1000_rho+0.0,vi,rule_stable,5,5,theta,estimated,1.5,inf,5,9.2,0.013617754578787153,0.010949090502781957,0.08656969231675511,0.007390199286303307,0.10706047660684544,0.005172736838404913
2pl,100,1000,0.0,2pl_n100_p1000_rho+0.0,vi,rule_stable,5,5,b,estimated,-inf,-1.0,5,110.2,0.08356640126965516,0.01482293306514734,0.24312547668365753,0.0067117527191810095,0.3127458731096825,0.007008715121867418
2pl,100,1000,0.0,2pl_n100_p1000_rho+0.0,vi,rule_stable,5,5,b,estimated,-1.0,-0.5,5,162.2,0.024933636964190063,0.008254773283801906,0.20363672842715852,0.007717492345779266,0.2603541540859218,0.010295248167530262
2pl,100,1000,0.0,2pl_n100_p1000_rho+0.0,vi,rule_stable,5,5,b,estimated,-0.5,0.0,5,224.4,0.008979845252521344,0.0059334129928168946,0.18464437470332257,0.0028151472371541423,0.23544141997140497,0.004152956873824234
2pl,100,1000,0.0,2pl_n100_p1000_rho+0.0,vi,rule_stable,5,5,b,estimated,0.0,0.5,5,234.2,-0.003166362200031471,0.007192547848297863,0.18417380271275355,0.005158226686529102,0.23796842965502704,0.007225093822559946
2pl,100,1000,0.0,2pl_n100_p1000_rho+0.0,vi,rule_stable,5,5,b,estimated,0.5,1.0,5,159.6,-0.037494956177494265,0.010591824803576533,0.22057851916052673,0.004164684218253522,0.2822578479470212,0.005501069036282958
2pl,100,1000,0.0,2pl_n100_p1000_rho+0.0,vi,rule_stable,5,5,b,estimated,1.0,inf,5,109.4,-0.0724417032111914,0.017476302526425253,0.252047833155037,0.007885999658814466,0.3217948274073662,0.009173999377672819
2pl,100,1000,0.0,2pl_n100_p1000_rho+0.0,vi,rule_stable,5,5,log_a,estimated,-inf,-0.5,5,72.2,0.21078168501217118,0.015987070464889282,0.2440858561787837,0.014663603803155092,0.3032904665415015,0.01475529477099298
2pl,100,1000,0.0,2pl_n100_p1000_rho+0.0,vi,rule_stable,5,5,log_a,estimated,-0.5,-0.25,5,154.4,0.07859083405994803,0.007807275329618521,0.18265421043768168,0.007918338979175253,0.23077726629325265,0.00878585189823636
2pl,100,1000,0.0,2pl_n100_p1000_rho+0.0,vi,rule_stable,5,5,log_a,estimated,-0.25,0.0,5,277.6,0.012517048948972778,0.0042466561050059455,0.18260389461097892,0.002214519286345269,0.2272548737146972,0.00308159680681736
2pl,100,1000,0.0,2pl_n100_p1000_rho+0.0,vi,rule_stable,5,5,log_a,estimated,0.0,0.25,5,257.2,-0.03627138828614513,0.002524353389340567,0.17524487077299275,0.0032721505504651745,0.22032729919616095,0.004001672556146443
2pl,100,1000,0.0,2pl_n100_p1000_rho+0.0,vi,rule_stable,5,5,log_a,estimated,0.25,0.5,5,164.2,-0.07594303530008364,0.008207851104257861,0.17977166005591547,0.0058171341632408695,0.2224715802692905,0.007954902008766347
2pl,100,1000,0.0,2pl_n100_p1000_rho+0.0,vi,rule_stable,5,5,log_a,estimated,0.5,inf,5,74.4,-0.12265462691026492,0.007869604452911905,0.1926168737289719,0.0031363930237345026,0.23301525423837285,0.0043059418916694524
2pl,100,1000,0.0,2pl_n100_p1000_rho+0.0,vi,rule_stable,5,5,a,estimated,0.0,0.5,5,23.0,0.1547866399129813,0.015884888660679095,0.15880060392258216,0.015305461804371995,0.20086287497231403,0.018172672662022295
2pl,100,1000,0.0,2pl_n100_p1000_rho+0.0,vi,rule_stable,5,5,a,estimated,0.5,0.8,5,231.2,0.08252241639463073,0.004610735127582243,0.1442742497946167,0.0046218781155274976,0.19515350156330422,0.006956075158960509
2pl,100,1000,0.0,2pl_n100_p1000_rho+0.0,vi,rule_stable,5,5,a,estimated,0.8,1.0,5,250.0,0.029807577977088173,0.0025997136787684746,0.16723521122774795,0.002241439524902833,0.21567645427146406,0.002728335051330391
2pl,100,1000,0.0,2pl_n100_p1000_rho+0.0,vi,rule_stable,5,5,a,estimated,1.0,1.25,5,234.8,-0.013231694063551808,0.0032665216560469348,0.1933229311587364,0.00402660712465421,0.2482047665516082,0.0067891956790841305
2pl,100,1000,0.0,2pl_n100_p1000_rho+0.0,vi,rule_stable,5,5,a,estimated,1.25,2.0,5,238.8,-0.08642142794300281,0.007366454727882735,0.25194562136497406,0.007360123446229089,0.31266960740271305,0.00951304431898525
2pl,100,1000,0.0,2pl_n100_p1000_rho+0.0,vi,rule_stable,5,5,a,estimated,2.0,inf,5,22.2,-0.3308194783806685,0.04139201557882993,0.4641037119473667,0.026529569353605925,0.5414880671582516,0.022513258999249736
2pl,100,1000,0.4,2pl_n100_p1000_rho+0.4,jml,all_returned,5,5,theta,estimated,-inf,-1.5,5,9.0,-0.08156168644404395,0.018501645843210998,0.12348176754263465,0.010574696464662758,0.1517176660875883,0.013127360493240156
2pl,100,1000,0.4,2pl_n100_p1000_rho+0.4,jml,all_returned,5,5,theta,estimated,-1.5,-0.5,5,24.8,-0.02195727558819739,0.00944110772333999,0.0692333718943939,0.00152448636550897,0.08485637242391723,0.00319493776988419
2pl,100,1000,0.4,2pl_n100_p1000_rho+0.4,jml,all_returned,5,5,theta,estimated,-0.5,0.5,5,36.2,-0.014727007427385414,0.005450135783170961,0.05655979788645989,0.0025052327307188075,0.07004025135050725,0.0026807218158077565
2pl,100,1000,0.4,2pl_n100_p1000_rho+0.4,jml,all_returned,5,5,theta,estimated,0.5,1.5,5,20.8,-0.008242816765807919,0.00746948116107976,0.05216452107946958,0.00341632674374066,0.06537939185531777,0.003517573340850912
2pl,100,1000,0.4,2pl_n100_p1000_rho+0.4,jml,all_returned,5,5,theta,estimated,1.5,inf,5,9.2,0.04856474186895506,0.014026949240328343,0.08310884084315867,0.010041740843748955,0.1100367914693304,0.014370890612287787
2pl,100,1000,0.4,2pl_n100_p1000_rho+0.4,jml,all_returned,5,5,b,estimated,-inf,-1.0,5,109.0,0.0701017994057446,0.018429405911020796,0.28040329233835865,0.006401606225128953,0.3564278885669562,0.010549165202300002
2pl,100,1000,0.4,2pl_n100_p1000_rho+0.4,jml,all_returned,5,5,b,estimated,-1.0,-0.5,5,157.0,-0.006274187545685363,0.009494716596137489,0.23614712440123786,0.008850638199536515,0.3061935705555923,0.010443795857877296
2pl,100,1000,0.4,2pl_n100_p1000_rho+0.4,jml,all_returned,5,5,b,estimated,-0.5,0.0,5,236.4,-0.021443024087855672,0.005496276157855588,0.20590810295571355,0.005142192119497927,0.26590040028295253,0.006241357191769676
2pl,100,1000,0.4,2pl_n100_p1000_rho+0.4,jml,all_returned,5,5,b,estimated,0.0,0.5,5,232.6,-0.0009386516909970294,0.0043577399557990035,0.20342861741659965,0.008868496697647226,0.2660316565019845,0.011061645027874984
2pl,100,1000,0.4,2pl_n100_p1000_rho+0.4,jml,all_returned,5,5,b,estimated,0.5,1.0,5,158.4,-0.004892443784172277,0.012106885725361312,0.20488567840929903,0.006919530389560453,0.26634673775644274,0.004566421732475294
2pl,100,1000,0.4,2pl_n100_p1000_rho+0.4,jml,all_returned,5,5,b,estimated,1.0,inf,5,106.6,-0.006690988000556482,0.011210089842843114,0.24659927374204177,0.009187316285577328,0.30811212091191736,0.010732869685199237
2pl,100,1000,0.4,2pl_n100_p1000_rho+0.4,jml,all_returned,5,5,log_a,estimated,-inf,-0.5,5,77.8,0.08129285327390653,0.008349986629870455,0.2641756191863089,0.007026141853595915,0.3269464868571589,0.011622949114897117
2pl,100,1000,0.4,2pl_n100_p1000_rho+0.4,jml,all_returned,5,5,log_a,estimated,-0.5,-0.25,5,158.4,0.012237799331107992,0.01038576645355366,0.2282663081994775,0.007859805920929995,0.2897862289503123,0.010413966576612203
2pl,100,1000,0.4,2pl_n100_p1000_rho+0.4,jml,all_returned,5,5,log_a,estimated,-0.25,0.0,5,261.0,-0.009732953679110343,0.009236662536696697,0.220832842140933,0.0019619877681122176,0.27934648856271016,0.00359381523229015
2pl,100,1000,0.4,2pl_n100_p1000_rho+0.4,jml,all_returned,5,5,log_a,estimated,0.0,0.25,5,267.0,-0.012043719602257568,0.00716559998161418,0.20155878609687655,0.007136555520618973,0.25585076263833795,0.009922399215061684
2pl,100,1000,0.4,2pl_n100_p1000_rho+0.4,jml,all_returned,5,5,log_a,estimated,0.25,0.5,5,162.4,-0.0181991333048405,0.01131817799371291,0.19212939550889424,0.00995730657095914,0.2426822321971063,0.014363932804973754
2pl,100,1000,0.4,2pl_n100_p1000_rho+0.4,jml,all_returned,5,5,log_a,estimated,0.5,inf,5,73.4,0.006629287106405086,0.011243861556516627,0.18184206754895554,0.012843722285858469,0.2370871532925651,0.01552389503775441
2pl,100,1000,0.4,2pl_n100_p1000_rho+0.4,jml,all_returned,5,5,a,estimated,0.0,0.5,5,22.0,0.09446471646333235,0.005867179039683412,0.1529700610716404,0.007785821696237628,0.20339902481042624,0.01831996141203388
2pl,100,1000,0.4,2pl_n100_p1000_rho+0.4,jml,all_returned,5,5,a,estimated,0.5,0.8,5,238.6,0.04026649939288817,0.008236909884808333,0.16194732698981867,0.006281742258007249,0.21250971791449327,0.00959054328814297
2pl,100,1000,0.4,2pl_n100_p1000_rho+0.4,jml,all_returned,5,5,a,estimated,0.8,1.0,5,236.6,0.02696854486569178,0.006495282531355471,0.19935708855755993,0.0042944900007084435,0.2593107162546583,0.007612738079830035
2pl,100,1000,0.4,2pl_n100_p1000_rho+0.4,jml,all_returned,5,5,a,estimated,1.0,1.25,5,239.8,0.020804267243252295,0.00979014430819514,0.22590914228431305,0.008140324181050658,0.2961287615870172,0.015074636318255648
2pl,100,1000,0.4,2pl_n100_p1000_rho+0.4,jml,all_returned,5,5,a,estimated,1.25,2.0,5,239.6,0.03303357490415038,0.015357796878177756,0.29020179351050396,0.014022906994536692,0.3877804565765219,0.02475640044336816
2pl,100,1000,0.4,2pl_n100_p1000_rho+0.4,jml,all_returned,5,5,a,estimated,2.0,inf,5,23.4,0.07459951303817755,0.07680198238725304,0.46539834488609494,0.09439836474935834,0.8043835342199283,0.20392134898038358
2pl,100,1000,0.4,2pl_n100_p1000_rho+0.4,jml,rule_stable,5,5,theta,estimated,-inf,-1.5,5,9.0,-0.08156168644404395,0.018501645843210998,0.12348176754263465,0.010574696464662758,0.1517176660875883,0.013127360493240156
2pl,100,1000,0.4,2pl_n100_p1000_rho+0.4,jml,rule_stable,5,5,theta,estimated,-1.5,-0.5,5,24.8,-0.02195727558819739,0.00944110772333999,0.0692333718943939,0.00152448636550897,0.08485637242391723,0.00319493776988419
2pl,100,1000,0.4,2pl_n100_p1000_rho+0.4,jml,rule_stable,5,5,theta,estimated,-0.5,0.5,5,36.2,-0.014727007427385414,0.005450135783170961,0.05655979788645989,0.0025052327307188075,0.07004025135050725,0.0026807218158077565
2pl,100,1000,0.4,2pl_n100_p1000_rho+0.4,jml,rule_stable,5,5,theta,estimated,0.5,1.5,5,20.8,-0.008242816765807919,0.00746948116107976,0.05216452107946958,0.00341632674374066,0.06537939185531777,0.003517573340850912
2pl,100,1000,0.4,2pl_n100_p1000_rho+0.4,jml,rule_stable,5,5,theta,estimated,1.5,inf,5,9.2,0.04856474186895506,0.014026949240328343,0.08310884084315867,0.010041740843748955,0.1100367914693304,0.014370890612287787
2pl,100,1000,0.4,2pl_n100_p1000_rho+0.4,jml,rule_stable,5,5,b,estimated,-inf,-1.0,5,109.0,0.0701017994057446,0.018429405911020796,0.28040329233835865,0.006401606225128953,0.3564278885669562,0.010549165202300002
2pl,100,1000,0.4,2pl_n100_p1000_rho+0.4,jml,rule_stable,5,5,b,estimated,-1.0,-0.5,5,157.0,-0.006274187545685363,0.009494716596137489,0.23614712440123786,0.008850638199536515,0.3061935705555923,0.010443795857877296
2pl,100,1000,0.4,2pl_n100_p1000_rho+0.4,jml,rule_stable,5,5,b,estimated,-0.5,0.0,5,236.4,-0.021443024087855672,0.005496276157855588,0.20590810295571355,0.005142192119497927,0.26590040028295253,0.006241357191769676
2pl,100,1000,0.4,2pl_n100_p1000_rho+0.4,jml,rule_stable,5,5,b,estimated,0.0,0.5,5,232.6,-0.0009386516909970294,0.0043577399557990035,0.20342861741659965,0.008868496697647226,0.2660316565019845,0.011061645027874984
2pl,100,1000,0.4,2pl_n100_p1000_rho+0.4,jml,rule_stable,5,5,b,estimated,0.5,1.0,5,158.4,-0.004892443784172277,0.012106885725361312,0.20488567840929903,0.006919530389560453,0.26634673775644274,0.004566421732475294
2pl,100,1000,0.4,2pl_n100_p1000_rho+0.4,jml,rule_stable,5,5,b,estimated,1.0,inf,5,106.6,-0.006690988000556482,0.011210089842843114,0.24659927374204177,0.009187316285577328,0.30811212091191736,0.010732869685199237
2pl,100,1000,0.4,2pl_n100_p1000_rho+0.4,jml,rule_stable,5,5,log_a,estimated,-inf,-0.5,5,77.8,0.08129285327390653,0.008349986629870455,0.2641756191863089,0.007026141853595915,0.3269464868571589,0.011622949114897117
2pl,100,1000,0.4,2pl_n100_p1000_rho+0.4,jml,rule_stable,5,5,log_a,estimated,-0.5,-0.25,5,158.4,0.012237799331107992,0.01038576645355366,0.2282663081994775,0.007859805920929995,0.2897862289503123,0.010413966576612203
2pl,100,1000,0.4,2pl_n100_p1000_rho+0.4,jml,rule_stable,5,5,log_a,estimated,-0.25,0.0,5,261.0,-0.009732953679110343,0.009236662536696697,0.220832842140933,0.0019619877681122176,0.27934648856271016,0.00359381523229015
2pl,100,1000,0.4,2pl_n100_p1000_rho+0.4,jml,rule_stable,5,5,log_a,estimated,0.0,0.25,5,267.0,-0.012043719602257568,0.00716559998161418,0.20155878609687655,0.007136555520618973,0.25585076263833795,0.009922399215061684
2pl,100,1000,0.4,2pl_n100_p1000_rho+0.4,jml,rule_stable,5,5,log_a,estimated,0.25,0.5,5,162.4,-0.0181991333048405,0.01131817799371291,0.19212939550889424,0.00995730657095914,0.2426822321971063,0.014363932804973754
2pl,100,1000,0.4,2pl_n100_p1000_rho+0.4,jml,rule_stable,5,5,log_a,estimated,0.5,inf,5,73.4,0.006629287106405086,0.011243861556516627,0.18184206754895554,0.012843722285858469,0.2370871532925651,0.01552389503775441
2pl,100,1000,0.4,2pl_n100_p1000_rho+0.4,jml,rule_stable,5,5,a,estimated,0.0,0.5,5,22.0,0.09446471646333235,0.005867179039683412,0.1529700610716404,0.007785821696237628,0.20339902481042624,0.01831996141203388
2pl,100,1000,0.4,2pl_n100_p1000_rho+0.4,jml,rule_stable,5,5,a,estimated,0.5,0.8,5,238.6,0.04026649939288817,0.008236909884808333,0.16194732698981867,0.006281742258007249,0.21250971791449327,0.00959054328814297
2pl,100,1000,0.4,2pl_n100_p1000_rho+0.4,jml,rule_stable,5,5,a,estimated,0.8,1.0,5,236.6,0.02696854486569178,0.006495282531355471,0.19935708855755993,0.0042944900007084435,0.2593107162546583,0.007612738079830035
2pl,100,1000,0.4,2pl_n100_p1000_rho+0.4,jml,rule_stable,5,5,a,estimated,1.0,1.25,5,239.8,0.020804267243252295,0.00979014430819514,0.22590914228431305,0.008140324181050658,0.2961287615870172,0.015074636318255648
2pl,100,1000,0.4,2pl_n100_p1000_rho+0.4,jml,rule_stable,5,5,a,estimated,1.25,2.0,5,239.6,0.03303357490415038,0.015357796878177756,0.29020179351050396,0.014022906994536692,0.3877804565765219,0.02475640044336816
2pl,100,1000,0.4,2pl_n100_p1000_rho+0.4,jml,rule_stable,5,5,a,estimated,2.0,inf,5,23.4,0.07459951303817755,0.07680198238725304,0.46539834488609494,0.09439836474935834,0.8043835342199283,0.20392134898038358
2pl,100,1000,0.4,2pl_n100_p1000_rho+0.4,tbaem_c,all_returned,5,5,theta,estimated,-inf,-1.5,5,9.0,-0.13171557029031283,0.021796684650308686,0.14816030145995276,0.01689052824705301,0.18148345700594973,0.01836308094325721
2pl,100,1000,0.4,2pl_n100_p1000_rho+0.4,tbaem_c,all_returned,5,5,theta,estimated,-1.5,-0.5,5,24.8,-0.07145714298279836,0.007711978312384912,0.08773974665674081,0.004109580884780376,0.10833934293191677,0.005244752451483708
2pl,100,1000,0.4,2pl_n100_p1000_rho+0.4,tbaem_c,all_returned,5,5,theta,estimated,-0.5,0.5,5,36.2,-0.02363976933988459,0.003951342177790887,0.06151418621552244,0.0015300717687434292,0.07643105118778147,0.002173291927399762
2pl,100,1000,0.4,2pl_n100_p1000_rho+0.4,tbaem_c,all_returned,5,5,theta,estimated,0.5,1.5,5,20.8,0.032683273359270855,0.006515135130320531,0.061402648096170485,0.005399555472156335,0.07594712238942358,0.006465663237836248
2pl,100,1000,0.4,2pl_n100_p1000_rho+0.4,tbaem_c,all_returned,5,5,theta,estimated,1.5,inf,5,9.2,0.10610786925280546,0.01425228454915391,0.11520732215116665,0.011856700440761793,0.14301993122902765,0.015838149712461714
2pl,100,1000,0.4,2pl_n100_p1000_rho+0.4,tbaem_c,all_returned,5,5,b,estimated,-inf,-1.0,5,109.0,0.18388997551195835,0.012670918857720934,0.2789139130612953,0.003581556887381714,0.3603500718883944,0.009198505410092542
2pl,100,1000,0.4,2pl_n100_p1000_rho+0.4,tbaem_c,all_returned,5,5,b,estimated,-1.0,-0.5,5,157.0,0.038710934477034366,0.010201986290090614,0.20880601065655244,0.006332984482270062,0.26681512986486006,0.007402309000183427
2pl,100,1000,0.4,2pl_n100_p1000_rho+0.4,tbaem_c,all_returned,5,5,b,estimated,-0.5,0.0,5,236.4,-0.015480577098214057,0.00463181924444382,0.18676205692532782,0.004704189365357334,0.2344520349058047,0.005763885072489913
2pl,100,1000,0.4,2pl_n100_p1000_rho+0.4,tbaem_c,all_returned,5,5,b,estimated,0.0,0.5,5,232.6,-0.02680611071980383,0.003907407590822186,0.185733382049846,0.007593551109727862,0.23644267193065843,0.00993582974546263
2pl,100,1000,0.4,2pl_n100_p1000_rho+0.4,tbaem_c,all_returned,5,5,b,estimated,0.5,1.0,5,158.4,-0.0536807596248343,0.009352913961908323,0.18314893862029552,0.005586183363286398,0.2360692574296238,0.007308477586075287
2pl,100,1000,0.4,2pl_n100_p1000_rho+0.4,tbaem_c,all_returned,5,5,b,estimated,1.0,inf,5,106.6,-0.07393628583145716,0.014238671329440395,0.21099199247712228,0.00805059850698565,0.26643181818128636,0.007999274693277762
2pl,100,1000,0.4,2pl_n100_p1000_rho+0.4,tbaem_c,all_returned,5,5,log_a,estimated,-inf,-0.5,5,77.8,0.32499181458520576,0.014528759817980762,0.3281115829949376,0.014192399904826774,0.36953244863833035,0.01338045704170369
2pl,100,1000,0.4,2pl_n100_p1000_rho+0.4,tbaem_c,all_returned,5,5,log_a,estimated,-0.5,-0.25,5,158.4,0.14577424170861333,0.010002991636526317,0.17396272101319327,0.00647147168999018,0.21180982469936305,0.006542918972695688
2pl,100,1000,0.4,2pl_n100_p1000_rho+0.4,tbaem_c,all_returned,5,5,log_a,estimated,-0.25,0.0,5,261.0,0.03233615611104416,0.007796385258449278,0.12852228012303324,0.0014812249555697676,0.1621874294243588,0.0020045525089839368
2pl,100,1000,0.4,2pl_n100_p1000_rho+0.4,tbaem_c,all_returned,5,5,log_a,estimated,0.0,0.25,5,267.0,-0.05909043985777983,0.0065045238312340025,0.13619114763872325,0.004481584035346207,0.16878619784269977,0.005313148002704591
2pl,100,1000,0.4,2pl_n100_p1000_rho+0.4,tbaem_c,all_returned,5,5,log_a,estimated,0.25,0.5,5,162.4,-0.14484479191877653,0.008411624872684707,0.1746562226663506,0.006699708260482925,0.21225202686156558,0.006935060168467864
2pl,100,1000,0.4,2pl_n100_p1000_rho+0.4,tbaem_c,all_returned,5,5,log_a,estimated,0.5,inf,5,73.4,-0.23825003053277127,0.015155787576215529,0.24652754887563702,0.011667039685456156,0.2838791170294704,0.011934086192156593
2pl,100,1000,0.4,2pl_n100_p1000_rho+0.4,tbaem_c,all_returned,5,5,a,estimated,0.0,0.5,5,22.0,0.2507850531222741,0.007785890052186308,0.2507850531222741,0.007785890052186308,0.27197310676313896,0.01105463483719644
2pl,100,1000,0.4,2pl_n100_p1000_rho+0.4,tbaem_c,all_returned,5,5,a,estimated,0.5,0.8,5,238.6,0.1283406140564824,0.00834436784059936,0.14581554796556567,0.006301895898458511,0.18092714920627262,0.00609371820105287
2pl,100,1000,0.4,2pl_n100_p1000_rho+0.4,tbaem_c,all_returned,5,5,a,estimated,0.8,1.0,5,236.6,0.035722024339120056,0.00550043667113809,0.1189847296101388,0.002462620644862788,0.15491434720396882,0.004244066314923316
2pl,100,1000,0.4,2pl_n100_p1000_rho+0.4,tbaem_c,all_returned,5,5,a,estimated,1.0,1.25,5,239.8,-0.04913156042443783,0.007752110306291958,0.1438028685282465,0.005033687699543774,0.17820888963203588,0.006927542157097695
2pl,100,1000,0.4,2pl_n100_p1000_rho+0.4,tbaem_c,all_returned,5,5,a,estimated,1.25,2.0,5,239.6,-0.19742257954147158,0.014726001904990377,0.24419728992075918,0.009628961195914195,0.2920526829015873,0.010151997967393545
2pl,100,1000,0.4,2pl_n100_p1000_rho+0.4,tbaem_c,all_returned,5,5,a,estimated,2.0,inf,5,23.4,-0.6280763003303776,0.053499039903075876,0.6280763003303776,0.053499039903075876,0.6915927943768732,0.05402367321011061
2pl,100,1000,0.4,2pl_n100_p1000_rho+0.4,tbaem_c,rule_stable,5,5,theta,estimated,-inf,-1.5,5,9.0,-0.13171557029031283,0.021796684650308686,0.14816030145995276,0.01689052824705301,0.18148345700594973,0.01836308094325721
2pl,100,1000,0.4,2pl_n100_p1000_rho+0.4,tbaem_c,rule_stable,5,5,theta,estimated,-1.5,-0.5,5,24.8,-0.07145714298279836,0.007711978312384912,0.08773974665674081,0.004109580884780376,0.10833934293191677,0.005244752451483708
2pl,100,1000,0.4,2pl_n100_p1000_rho+0.4,tbaem_c,rule_stable,5,5,theta,estimated,-0.5,0.5,5,36.2,-0.02363976933988459,0.003951342177790887,0.06151418621552244,0.0015300717687434292,0.07643105118778147,0.002173291927399762
2pl,100,1000,0.4,2pl_n100_p1000_rho+0.4,tbaem_c,rule_stable,5,5,theta,estimated,0.5,1.5,5,20.8,0.032683273359270855,0.006515135130320531,0.061402648096170485,0.005399555472156335,0.07594712238942358,0.006465663237836248
2pl,100,1000,0.4,2pl_n100_p1000_rho+0.4,tbaem_c,rule_stable,5,5,theta,estimated,1.5,inf,5,9.2,0.10610786925280546,0.01425228454915391,0.11520732215116665,0.011856700440761793,0.14301993122902765,0.015838149712461714
2pl,100,1000,0.4,2pl_n100_p1000_rho+0.4,tbaem_c,rule_stable,5,5,b,estimated,-inf,-1.0,5,109.0,0.18388997551195835,0.012670918857720934,0.2789139130612953,0.003581556887381714,0.3603500718883944,0.009198505410092542
2pl,100,1000,0.4,2pl_n100_p1000_rho+0.4,tbaem_c,rule_stable,5,5,b,estimated,-1.0,-0.5,5,157.0,0.038710934477034366,0.010201986290090614,0.20880601065655244,0.006332984482270062,0.26681512986486006,0.007402309000183427
2pl,100,1000,0.4,2pl_n100_p1000_rho+0.4,tbaem_c,rule_stable,5,5,b,estimated,-0.5,0.0,5,236.4,-0.015480577098214057,0.00463181924444382,0.18676205692532782,0.004704189365357334,0.2344520349058047,0.005763885072489913
2pl,100,1000,0.4,2pl_n100_p1000_rho+0.4,tbaem_c,rule_stable,5,5,b,estimated,0.0,0.5,5,232.6,-0.02680611071980383,0.003907407590822186,0.185733382049846,0.007593551109727862,0.23644267193065843,0.00993582974546263
2pl,100,1000,0.4,2pl_n100_p1000_rho+0.4,tbaem_c,rule_stable,5,5,b,estimated,0.5,1.0,5,158.4,-0.0536807596248343,0.009352913961908323,0.18314893862029552,0.005586183363286398,0.2360692574296238,0.007308477586075287
2pl,100,1000,0.4,2pl_n100_p1000_rho+0.4,tbaem_c,rule_stable,5,5,b,estimated,1.0,inf,5,106.6,-0.07393628583145716,0.014238671329440395,0.21099199247712228,0.00805059850698565,0.26643181818128636,0.007999274693277762
2pl,100,1000,0.4,2pl_n100_p1000_rho+0.4,tbaem_c,rule_stable,5,5,log_a,estimated,-inf,-0.5,5,77.8,0.32499181458520576,0.014528759817980762,0.3281115829949376,0.014192399904826774,0.36953244863833035,0.01338045704170369
2pl,100,1000,0.4,2pl_n100_p1000_rho+0.4,tbaem_c,rule_stable,5,5,log_a,estimated,-0.5,-0.25,5,158.4,0.14577424170861333,0.010002991636526317,0.17396272101319327,0.00647147168999018,0.21180982469936305,0.006542918972695688
2pl,100,1000,0.4,2pl_n100_p1000_rho+0.4,tbaem_c,rule_stable,5,5,log_a,estimated,-0.25,0.0,5,261.0,0.03233615611104416,0.007796385258449278,0.12852228012303324,0.0014812249555697676,0.1621874294243588,0.0020045525089839368
2pl,100,1000,0.4,2pl_n100_p1000_rho+0.4,tbaem_c,rule_stable,5,5,log_a,estimated,0.0,0.25,5,267.0,-0.05909043985777983,0.0065045238312340025,0.13619114763872325,0.004481584035346207,0.16878619784269977,0.005313148002704591
2pl,100,1000,0.4,2pl_n100_p1000_rho+0.4,tbaem_c,rule_stable,5,5,log_a,estimated,0.25,0.5,5,162.4,-0.14484479191877653,0.008411624872684707,0.1746562226663506,0.006699708260482925,0.21225202686156558,0.006935060168467864
2pl,100,1000,0.4,2pl_n100_p1000_rho+0.4,tbaem_c,rule_stable,5,5,log_a,estimated,0.5,inf,5,73.4,-0.23825003053277127,0.015155787576215529,0.24652754887563702,0.011667039685456156,0.2838791170294704,0.011934086192156593
2pl,100,1000,0.4,2pl_n100_p1000_rho+0.4,tbaem_c,rule_stable,5,5,a,estimated,0.0,0.5,5,22.0,0.2507850531222741,0.007785890052186308,0.2507850531222741,0.007785890052186308,0.27197310676313896,0.01105463483719644
2pl,100,1000,0.4,2pl_n100_p1000_rho+0.4,tbaem_c,rule_stable,5,5,a,estimated,0.5,0.8,5,238.6,0.1283406140564824,0.00834436784059936,0.14581554796556567,0.006301895898458511,0.18092714920627262,0.00609371820105287
2pl,100,1000,0.4,2pl_n100_p1000_rho+0.4,tbaem_c,rule_stable,5,5,a,estimated,0.8,1.0,5,236.6,0.035722024339120056,0.00550043667113809,0.1189847296101388,0.002462620644862788,0.15491434720396882,0.004244066314923316
2pl,100,1000,0.4,2pl_n100_p1000_rho+0.4,tbaem_c,rule_stable,5,5,a,estimated,1.0,1.25,5,239.8,-0.04913156042443783,0.007752110306291958,0.1438028685282465,0.005033687699543774,0.17820888963203588,0.006927542157097695
2pl,100,1000,0.4,2pl_n100_p1000_rho+0.4,tbaem_c,rule_stable,5,5,a,estimated,1.25,2.0,5,239.6,-0.19742257954147158,0.014726001904990377,0.24419728992075918,0.009628961195914195,0.2920526829015873,0.010151997967393545
2pl,100,1000,0.4,2pl_n100_p1000_rho+0.4,tbaem_c,rule_stable,5,5,a,estimated,2.0,inf,5,23.4,-0.6280763003303776,0.053499039903075876,0.6280763003303776,0.053499039903075876,0.6915927943768732,0.05402367321011061
2pl,100,1000,0.4,2pl_n100_p1000_rho+0.4,tbaem_d,all_returned,5,5,theta,estimated,-inf,-1.5,5,9.0,-0.12026577802968899,0.021813368532392904,0.13916401172044868,0.014036096174090155,0.16915899797264672,0.015378176241736818
2pl,100,1000,0.4,2pl_n100_p1000_rho+0.4,tbaem_d,all_returned,5,5,theta,estimated,-1.5,-0.5,5,24.8,-0.09124964329088578,0.007577113258351326,0.09976655669906617,0.005145374653423524,0.12112472082924233,0.00593333536631864
2pl,100,1000,0.4,2pl_n100_p1000_rho+0.4,tbaem_d,all_returned,5,5,theta,estimated,-0.5,0.5,5,36.2,-0.0536930608743215,0.0036058606839720684,0.07487617300045632,0.0016704573195604076,0.09036781687009424,0.0022829018238045983
2pl,100,1000,0.4,2pl_n100_p1000_rho+0.4,tbaem_d,all_returned,5,5,theta,estimated,0.5,1.5,5,20.8,0.014499486845403356,0.007040705061877808,0.059465196435575705,0.005872701917773517,0.07331976127102932,0.006123704059265518
2pl,100,1000,0.4,2pl_n100_p1000_rho+0.4,tbaem_d,all_returned,5,5,theta,estimated,1.5,inf,5,9.2,0.12424776282074393,0.015519543924340698,0.13178063343337038,0.013579382682920289,0.16489960525619599,0.01730879898437028
2pl,100,1000,0.4,2pl_n100_p1000_rho+0.4,tbaem_d,all_returned,5,5,b,estimated,-inf,-1.0,5,109.0,0.2045109315540666,0.011551550068361812,0.2853965787097732,0.002950762118394059,0.37007913158445976,0.00866312328698598
2pl,100,1000,0.4,2pl_n100_p1000_rho+0.4,tbaem_d,all_returned,5,5,b,estimated,-1.0,-0.5,5,157.0,0.03938728653361156,0.010809382233184863,0.20562246819615307,0.006150423635008089,0.26379325700619527,0.007653771769596098
2pl,100,1000,0.4,2pl_n100_p1000_rho+0.4,tbaem_d,all_returned,5,5,b,estimated,-0.5,0.0,5,236.4,-0.026509058633456633,0.003762197306895182,0.18596396136254728,0.004356495453729534,0.23319152317868602,0.005742912553039663
2pl,100,1000,0.4,2pl_n100_p1000_rho+0.4,tbaem_d,all_returned,5,5,b,estimated,0.0,0.5,5,232.6,-0.03799131368500697,0.0038617431743422307,0.18997460112492728,0.008267006307792264,0.240780887032375,0.010452903159402312
2pl,100,1000,0.4,2pl_n100_p1000_rho+0.4,tbaem_d,all_returned,5,5,b,estimated,0.5,1.0,5,158.4,-0.05398179649888609,0.010160772774004501,0.18910452472248881,0.005977145411881949,0.24216212037620802,0.007050032687945
2pl,100,1000,0.4,2pl_n100_p1000_rho+0.4,tbaem_d,all_returned,5,5,b,estimated,1.0,inf,5,106.6,-0.0468900781567881,0.015883604000504602,0.2156515352859177,0.009314273152019575,0.26977124170016065,0.008739842056173237
2pl,100,1000,0.4,2pl_n100_p1000_rho+0.4,tbaem_d,all_returned,5,5,log_a,estimated,-inf,-0.5,5,77.8,0.339029503978018,0.013396658410296528,0.3412167427210523,0.013307831626046028,0.383923617793654,0.012817416897702157
2pl,100,1000,0.4,2pl_n100_p1000_rho+0.4,tbaem_d,all_returned,5,5,log_a,estimated,-0.5,-0.25,5,158.4,0.15382696083438957,0.00978766938677221,0.18194591578745706,0.007114664890166249,0.22122341047513522,0.007934783162488943
2pl,100,1000,0.4,2pl_n100_p1000_rho+0.4,tbaem_d,all_returned,5,5,log_a,estimated,-0.25,0.0,5,261.0,0.03659686669231671,0.007355866088246205,0.1324891912689731,0.0013478522793967536,0.1672585876958357,0.001248807056862015
2pl,100,1000,0.4,2pl_n100_p1000_rho+0.4,tbaem_d,all_returned,5,5,log_a,estimated,0.0,0.25,5,267.0,-0.06257605345984817,0.005125074794933784,0.13752163479439625,0.0040061105340972614,0.1705428772290531,0.005091920539188432
2pl,100,1000,0.4,2pl_n100_p1000_rho+0.4,tbaem_d,all_returned,5,5,log_a,estimated,0.25,0.5,5,162.4,-0.15301601906044712,0.009807564133397785,0.18184449708792078,0.007192321059493284,0.2189458120166452,0.007701286408016244
2pl,100,1000,0.4,2pl_n100_p1000_rho+0.4,tbaem_d,all_returned,5,5,log_a,estimated,0.5,inf,5,73.4,-0.2545886217939499,0.016469649808897317,0.2599413601658352,0.014177800375115754,0.2994013863472351,0.013355196350773584
2pl,100,1000,0.4,2pl_n100_p1000_rho+0.4,tbaem_d,all_returned,5,5,a,estimated,0.0,0.5,5,22.0,0.2631635383024088,0.007290677091403911,0.2631635383024088,0.007290677091403911,0.28690635089841426,0.010518791820897981
2pl,100,1000,0.4,2pl_n100_p1000_rho+0.4,tbaem_d,all_returned,5,5,a,estimated,0.5,0.8,5,238.6,0.13566276060037427,0.008165465186902962,0.15354906692382136,0.006615129201445246,0.19025543526745872,0.007251690278301878
2pl,100,1000,0.4,2pl_n100_p1000_rho+0.4,tbaem_d,all_returned,5,5,a,estimated,0.8,1.0,5,236.6,0.040500854880619476,0.005139968631943609,0.12284057089862174,0.002111157306911494,0.161074085977263,0.0033953545803851754
2pl,100,1000,0.4,2pl_n100_p1000_rho+0.4,tbaem_d,all_returned,5,5,a,estimated,1.0,1.25,5,239.8,-0.05254166654050346,0.006536159407532057,0.1448098842074634,0.004635925500258514,0.17963297626956135,0.006771209679959067
2pl,100,1000,0.4,2pl_n100_p1000_rho+0.4,tbaem_d,all_returned,5,5,a,estimated,1.25,2.0,5,239.6,-0.20997999681455992,0.01570235236689905,0.25333187965252574,0.011280158937857995,0.30156217940992186,0.01192628908947576
2pl,100,1000,0.4,2pl_n100_p1000_rho+0.4,tbaem_d,all_returned,5,5,a,estimated,2.0,inf,5,23.4,-0.6627775616823112,0.052882035124836295,0.6629649572249733,0.05280342970561091,0.733278282415291,0.052582646981523706
2pl,100,1000,0.4,2pl_n100_p1000_rho+0.4,tbaem_d,rule_stable,5,5,theta,estimated,-inf,-1.5,5,9.0,-0.12026577802968899,0.021813368532392904,0.13916401172044868,0.014036096174090155,0.16915899797264672,0.015378176241736818
2pl,100,1000,0.4,2pl_n100_p1000_rho+0.4,tbaem_d,rule_stable,5,5,theta,estimated,-1.5,-0.5,5,24.8,-0.09124964329088578,0.007577113258351326,0.09976655669906617,0.005145374653423524,0.12112472082924233,0.00593333536631864
2pl,100,1000,0.4,2pl_n100_p1000_rho+0.4,tbaem_d,rule_stable,5,5,theta,estimated,-0.5,0.5,5,36.2,-0.0536930608743215,0.0036058606839720684,0.07487617300045632,0.0016704573195604076,0.09036781687009424,0.0022829018238045983
2pl,100,1000,0.4,2pl_n100_p1000_rho+0.4,tbaem_d,rule_stable,5,5,theta,estimated,0.5,1.5,5,20.8,0.014499486845403356,0.007040705061877808,0.059465196435575705,0.005872701917773517,0.07331976127102932,0.006123704059265518
2pl,100,1000,0.4,2pl_n100_p1000_rho+0.4,tbaem_d,rule_stable,5,5,theta,estimated,1.5,inf,5,9.2,0.12424776282074393,0.015519543924340698,0.13178063343337038,0.013579382682920289,0.16489960525619599,0.01730879898437028
2pl,100,1000,0.4,2pl_n100_p1000_rho+0.4,tbaem_d,rule_stable,5,5,b,estimated,-inf,-1.0,5,109.0,0.2045109315540666,0.011551550068361812,0.2853965787097732,0.002950762118394059,0.37007913158445976,0.00866312328698598
2pl,100,1000,0.4,2pl_n100_p1000_rho+0.4,tbaem_d,rule_stable,5,5,b,estimated,-1.0,-0.5,5,157.0,0.03938728653361156,0.010809382233184863,0.20562246819615307,0.006150423635008089,0.26379325700619527,0.007653771769596098
2pl,100,1000,0.4,2pl_n100_p1000_rho+0.4,tbaem_d,rule_stable,5,5,b,estimated,-0.5,0.0,5,236.4,-0.026509058633456633,0.003762197306895182,0.18596396136254728,0.004356495453729534,0.23319152317868602,0.005742912553039663
2pl,100,1000,0.4,2pl_n100_p1000_rho+0.4,tbaem_d,rule_stable,5,5,b,estimated,0.0,0.5,5,232.6,-0.03799131368500697,0.0038617431743422307,0.18997460112492728,0.008267006307792264,0.240780887032375,0.010452903159402312
2pl,100,1000,0.4,2pl_n100_p1000_rho+0.4,tbaem_d,rule_stable,5,5,b,estimated,0.5,1.0,5,158.4,-0.05398179649888609,0.010160772774004501,0.18910452472248881,0.005977145411881949,0.24216212037620802,0.007050032687945
2pl,100,1000,0.4,2pl_n100_p1000_rho+0.4,tbaem_d,rule_stable,5,5,b,estimated,1.0,inf,5,106.6,-0.0468900781567881,0.015883604000504602,0.2156515352859177,0.009314273152019575,0.26977124170016065,0.008739842056173237
2pl,100,1000,0.4,2pl_n100_p1000_rho+0.4,tbaem_d,rule_stable,5,5,log_a,estimated,-inf,-0.5,5,77.8,0.339029503978018,0.013396658410296528,0.3412167427210523,0.013307831626046028,0.383923617793654,0.012817416897702157
2pl,100,1000,0.4,2pl_n100_p1000_rho+0.4,tbaem_d,rule_stable,5,5,log_a,estimated,-0.5,-0.25,5,158.4,0.15382696083438957,0.00978766938677221,0.18194591578745706,0.007114664890166249,0.22122341047513522,0.007934783162488943
2pl,100,1000,0.4,2pl_n100_p1000_rho+0.4,tbaem_d,rule_stable,5,5,log_a,estimated,-0.25,0.0,5,261.0,0.03659686669231671,0.007355866088246205,0.1324891912689731,0.0013478522793967536,0.1672585876958357,0.001248807056862015
2pl,100,1000,0.4,2pl_n100_p1000_rho+0.4,tbaem_d,rule_stable,5,5,log_a,estimated,0.0,0.25,5,267.0,-0.06257605345984817,0.005125074794933784,0.13752163479439625,0.0040061105340972614,0.1705428772290531,0.005091920539188432
2pl,100,1000,0.4,2pl_n100_p1000_rho+0.4,tbaem_d,rule_stable,5,5,log_a,estimated,0.25,0.5,5,162.4,-0.15301601906044712,0.009807564133397785,0.18184449708792078,0.007192321059493284,0.2189458120166452,0.007701286408016244
2pl,100,1000,0.4,2pl_n100_p1000_rho+0.4,tbaem_d,rule_stable,5,5,log_a,estimated,0.5,inf,5,73.4,-0.2545886217939499,0.016469649808897317,0.2599413601658352,0.014177800375115754,0.2994013863472351,0.013355196350773584
2pl,100,1000,0.4,2pl_n100_p1000_rho+0.4,tbaem_d,rule_stable,5,5,a,estimated,0.0,0.5,5,22.0,0.2631635383024088,0.007290677091403911,0.2631635383024088,0.007290677091403911,0.28690635089841426,0.010518791820897981
2pl,100,1000,0.4,2pl_n100_p1000_rho+0.4,tbaem_d,rule_stable,5,5,a,estimated,0.5,0.8,5,238.6,0.13566276060037427,0.008165465186902962,0.15354906692382136,0.006615129201445246,0.19025543526745872,0.007251690278301878
2pl,100,1000,0.4,2pl_n100_p1000_rho+0.4,tbaem_d,rule_stable,5,5,a,estimated,0.8,1.0,5,236.6,0.040500854880619476,0.005139968631943609,0.12284057089862174,0.002111157306911494,0.161074085977263,0.0033953545803851754
2pl,100,1000,0.4,2pl_n100_p1000_rho+0.4,tbaem_d,rule_stable,5,5,a,estimated,1.0,1.25,5,239.8,-0.05254166654050346,0.006536159407532057,0.1448098842074634,0.004635925500258514,0.17963297626956135,0.006771209679959067
2pl,100,1000,0.4,2pl_n100_p1000_rho+0.4,tbaem_d,rule_stable,5,5,a,estimated,1.25,2.0,5,239.6,-0.20997999681455992,0.01570235236689905,0.25333187965252574,0.011280158937857995,0.30156217940992186,0.01192628908947576
2pl,100,1000,0.4,2pl_n100_p1000_rho+0.4,tbaem_d,rule_stable,5,5,a,estimated,2.0,inf,5,23.4,-0.6627775616823112,0.052882035124836295,0.6629649572249733,0.05280342970561091,0.733278282415291,0.052582646981523706
2pl,100,1000,0.4,2pl_n100_p1000_rho+0.4,vi,all_returned,5,5,theta,estimated,-inf,-1.5,5,9.0,-0.014072141543268158,0.02241511542034425,0.0962977002445388,0.0071009647890160135,0.11972572605740191,0.008217823458333991
2pl,100,1000,0.4,2pl_n100_p1000_rho+0.4,vi,all_returned,5,5,theta,estimated,-1.5,-0.5,5,24.8,-0.02340985195933312,0.007912513044087351,0.06615063976418846,0.002181513571147308,0.08148641691816709,0.0030684301325792636
2pl,100,1000,0.4,2pl_n100_p1000_rho+0.4,vi,all_returned,5,5,theta,estimated,-0.5,0.5,5,36.2,-0.036271302262097564,0.004150817102080607,0.06327503841429058,0.0016183810272561354,0.0768429027248124,0.002149631851569212
2pl,100,1000,0.4,2pl_n100_p1000_rho+0.4,vi,all_returned,5,5,theta,estimated,0.5,1.5,5,20.8,-0.03054565033562339,0.006615669178247572,0.057247978634912475,0.003965506260041932,0.07153097231713047,0.002688319437884425
2pl,100,1000,0.4,2pl_n100_p1000_rho+0.4,vi,all_returned,5,5,theta,estimated,1.5,inf,5,9.2,0.016312123752633006,0.013506583013765085,0.07139021086145506,0.007430421052273207,0.09407633885182234,0.010562770326182214
2pl,100,1000,0.4,2pl_n100_p1000_rho+0.4,vi,all_returned,5,5,b,estimated,-inf,-1.0,5,109.0,0.15194745680968394,0.016183831692791834,0.27267145578592816,0.005427384685522808,0.3523362454290048,0.010241894079336913
2pl,100,1000,0.4,2pl_n100_p1000_rho+0.4,vi,all_returned,5,5,b,estimated,-1.0,-0.5,5,157.0,0.027836044425170663,0.008970184314627613,0.21436468314340903,0.007298832861204291,0.2757156581266093,0.00869875821901609
2pl,100,1000,0.4,2pl_n100_p1000_rho+0.4,vi,all_returned,5,5,b,estimated,-0.5,0.0,5,236.4,-0.020595376082854586,0.004804280863997473,0.19112718221030586,0.004374220769066297,0.2421604979137442,0.005640537433224569
2pl,100,1000,0.4,2pl_n100_p1000_rho+0.4,vi,all_returned,5,5,b,estimated,0.0,0.5,5,232.6,-0.026159545563566745,0.004326407903703663,0.19232668105141842,0.008237030509900187,0.2463603572578606,0.01040584537169889
2pl,100,1000,0.4,2pl_n100_p1000_rho+0.4,vi,all_returned,5,5,b,estimated,0.5,1.0,5,158.4,-0.042073439927409355,0.012018028158931241,0.19430528337347316,0.007016166663243879,0.2481128257920103,0.0062341755946197334
2pl,100,1000,0.4,2pl_n100_p1000_rho+0.4,vi,all_returned,5,5,b,estimated,1.0,inf,5,106.6,-0.03268001540608178,0.012140615255078318,0.2316669415554225,0.010531287332607504,0.2867709720790091,0.01073857159888423
2pl,100,1000,0.4,2pl_n100_p1000_rho+0.4,vi,all_returned,5,5,log_a,estimated,-inf,-0.5,5,77.8,0.21609934623410995,0.009758220133415603,0.25281077588114204,0.007830384029532005,0.31359241766530366,0.011263887426990731
2pl,100,1000,0.4,2pl_n100_p1000_rho+0.4,vi,all_returned,5,5,log_a,estimated,-0.5,-0.25,5,158.4,0.07771342246605925,0.00902128243505697,0.18235670554974237,0.006024758987991829,0.2285669628166373,0.0086011119052618
2pl,100,1000,0.4,2pl_n100_p1000_rho+0.4,vi,all_returned,5,5,log_a,estimated,-0.25,0.0,5,261.0,0.0070039804322251905,0.0077796985114612985,0.17569253326047463,0.0015223591613876784,0.2211414532890013,0.002194140753474543
2pl,100,1000,0.4,2pl_n100_p1000_rho+0.4,vi,all_returned,5,5,log_a,estimated,0.0,0.25,5,267.0,-0.03907208282193651,0.00585379447378034,0.17285052487827818,0.005603549266632935,0.21695718990712282,0.007266456045471344
2pl,100,1000,0.4,2pl_n100_p1000_rho+0.4,vi,all_returned,5,5,log_a,estimated,0.25,0.5,5,162.4,-0.07874080682869637,0.009811628209624638,0.17775750535742751,0.008666023265004425,0.22123154368816264,0.010498143719451035
2pl,100,1000,0.4,2pl_n100_p1000_rho+0.4,vi,all_returned,5,5,log_a,estimated,0.5,inf,5,73.4,-0.10461439582088945,0.01262526518814231,0.17815905590761974,0.008941028682410848,0.22259933260854167,0.010990406698214434
2pl,100,1000,0.4,2pl_n100_p1000_rho+0.4,vi,all_returned,5,5,a,estimated,0.0,0.5,5,22.0,0.17621556789621054,0.0055367657647358145,0.18241405292921395,0.0057052290236117775,0.22572093908404975,0.013254195626273809
2pl,100,1000,0.4,2pl_n100_p1000_rho+0.4,vi,all_returned,5,5,a,estimated,0.5,0.8,5,238.6,0.08026724049652897,0.007290261910344275,0.14035013793255255,0.005685459837634966,0.18623930095207736,0.008390541921175984
2pl,100,1000,0.4,2pl_n100_p1000_rho+0.4,vi,all_returned,5,5,a,estimated,0.8,1.0,5,236.6,0.026842087943344816,0.005684907826269401,0.16196306881454728,0.0031315449272914676,0.21176248202605882,0.005495692191185977
2pl,100,1000,0.4,2pl_n100_p1000_rho+0.4,vi,all_returned,5,5,a,estimated,1.0,1.25,5,239.8,-0.01855357413070175,0.007859323014812843,0.1879993533611663,0.006110848950610184,0.24042810553413177,0.010524934827313828
2pl,100,1000,0.4,2pl_n100_p1000_rho+0.4,vi,all_returned,5,5,a,estimated,1.25,2.0,5,239.6,-0.08058239922398515,0.014465593684995537,0.24768736464824323,0.01094822687928593,0.30773138813206163,0.013661294569753617
2pl,100,1000,0.4,2pl_n100_p1000_rho+0.4,vi,all_returned,5,5,a,estimated,2.0,inf,5,23.4,-0.2894177779041037,0.04777649538056028,0.4343825584386309,0.033913325896717535,0.5207154754536887,0.042249026788616736
2pl,100,1000,0.4,2pl_n100_p1000_rho+0.4,vi,rule_stable,5,5,theta,estimated,-inf,-1.5,5,9.0,-0.014072141543268158,0.02241511542034425,0.0962977002445388,0.0071009647890160135,0.11972572605740191,0.008217823458333991
2pl,100,1000,0.4,2pl_n100_p1000_rho+0.4,vi,rule_stable,5,5,theta,estimated,-1.5,-0.5,5,24.8,-0.02340985195933312,0.007912513044087351,0.06615063976418846,0.002181513571147308,0.08148641691816709,0.0030684301325792636
2pl,100,1000,0.4,2pl_n100_p1000_rho+0.4,vi,rule_stable,5,5,theta,estimated,-0.5,0.5,5,36.2,-0.036271302262097564,0.004150817102080607,0.06327503841429058,0.0016183810272561354,0.0768429027248124,0.002149631851569212
2pl,100,1000,0.4,2pl_n100_p1000_rho+0.4,vi,rule_stable,5,5,theta,estimated,0.5,1.5,5,20.8,-0.03054565033562339,0.006615669178247572,0.057247978634912475,0.003965506260041932,0.07153097231713047,0.002688319437884425
2pl,100,1000,0.4,2pl_n100_p1000_rho+0.4,vi,rule_stable,5,5,theta,estimated,1.5,inf,5,9.2,0.016312123752633006,0.013506583013765085,0.07139021086145506,0.007430421052273207,0.09407633885182234,0.010562770326182214
2pl,100,1000,0.4,2pl_n100_p1000_rho+0.4,vi,rule_stable,5,5,b,estimated,-inf,-1.0,5,109.0,0.15194745680968394,0.016183831692791834,0.27267145578592816,0.005427384685522808,0.3523362454290048,0.010241894079336913
2pl,100,1000,0.4,2pl_n100_p1000_rho+0.4,vi,rule_stable,5,5,b,estimated,-1.0,-0.5,5,157.0,0.027836044425170663,0.008970184314627613,0.21436468314340903,0.007298832861204291,0.2757156581266093,0.00869875821901609
2pl,100,1000,0.4,2pl_n100_p1000_rho+0.4,vi,rule_stable,5,5,b,estimated,-0.5,0.0,5,236.4,-0.020595376082854586,0.004804280863997473,0.19112718221030586,0.004374220769066297,0.2421604979137442,0.005640537433224569
2pl,100,1000,0.4,2pl_n100_p1000_rho+0.4,vi,rule_stable,5,5,b,estimated,0.0,0.5,5,232.6,-0.026159545563566745,0.004326407903703663,0.19232668105141842,0.008237030509900187,0.2463603572578606,0.01040584537169889
2pl,100,1000,0.4,2pl_n100_p1000_rho+0.4,vi,rule_stable,5,5,b,estimated,0.5,1.0,5,158.4,-0.042073439927409355,0.012018028158931241,0.19430528337347316,0.007016166663243879,0.2481128257920103,0.0062341755946197334
2pl,100,1000,0.4,2pl_n100_p1000_rho+0.4,vi,rule_stable,5,5,b,estimated,1.0,inf,5,106.6,-0.03268001540608178,0.012140615255078318,0.2316669415554225,0.010531287332607504,0.2867709720790091,0.01073857159888423
2pl,100,1000,0.4,2pl_n100_p1000_rho+0.4,vi,rule_stable,5,5,log_a,estimated,-inf,-0.5,5,77.8,0.21609934623410995,0.009758220133415603,0.25281077588114204,0.007830384029532005,0.31359241766530366,0.011263887426990731
2pl,100,1000,0.4,2pl_n100_p1000_rho+0.4,vi,rule_stable,5,5,log_a,estimated,-0.5,-0.25,5,158.4,0.07771342246605925,0.00902128243505697,0.18235670554974237,0.006024758987991829,0.2285669628166373,0.0086011119052618
2pl,100,1000,0.4,2pl_n100_p1000_rho+0.4,vi,rule_stable,5,5,log_a,estimated,-0.25,0.0,5,261.0,0.0070039804322251905,0.0077796985114612985,0.17569253326047463,0.0015223591613876784,0.2211414532890013,0.002194140753474543
2pl,100,1000,0.4,2pl_n100_p1000_rho+0.4,vi,rule_stable,5,5,log_a,estimated,0.0,0.25,5,267.0,-0.03907208282193651,0.00585379447378034,0.17285052487827818,0.005603549266632935,0.21695718990712282,0.007266456045471344
2pl,100,1000,0.4,2pl_n100_p1000_rho+0.4,vi,rule_stable,5,5,log_a,estimated,0.25,0.5,5,162.4,-0.07874080682869637,0.009811628209624638,0.17775750535742751,0.008666023265004425,0.22123154368816264,0.010498143719451035
2pl,100,1000,0.4,2pl_n100_p1000_rho+0.4,vi,rule_stable,5,5,log_a,estimated,0.5,inf,5,73.4,-0.10461439582088945,0.01262526518814231,0.17815905590761974,0.008941028682410848,0.22259933260854167,0.010990406698214434
2pl,100,1000,0.4,2pl_n100_p1000_rho+0.4,vi,rule_stable,5,5,a,estimated,0.0,0.5,5,22.0,0.17621556789621054,0.0055367657647358145,0.18241405292921395,0.0057052290236117775,0.22572093908404975,0.013254195626273809
2pl,100,1000,0.4,2pl_n100_p1000_rho+0.4,vi,rule_stable,5,5,a,estimated,0.5,0.8,5,238.6,0.08026724049652897,0.007290261910344275,0.14035013793255255,0.005685459837634966,0.18623930095207736,0.008390541921175984
2pl,100,1000,0.4,2pl_n100_p1000_rho+0.4,vi,rule_stable,5,5,a,estimated,0.8,1.0,5,236.6,0.026842087943344816,0.005684907826269401,0.16196306881454728,0.0031315449272914676,0.21176248202605882,0.005495692191185977
2pl,100,1000,0.4,2pl_n100_p1000_rho+0.4,vi,rule_stable,5,5,a,estimated,1.0,1.25,5,239.8,-0.01855357413070175,0.007859323014812843,0.1879993533611663,0.006110848950610184,0.24042810553413177,0.010524934827313828
2pl,100,1000,0.4,2pl_n100_p1000_rho+0.4,vi,rule_stable,5,5,a,estimated,1.25,2.0,5,239.6,-0.08058239922398515,0.014465593684995537,0.24768736464824323,0.01094822687928593,0.30773138813206163,0.013661294569753617
2pl,100,1000,0.4,2pl_n100_p1000_rho+0.4,vi,rule_stable,5,5,a,estimated,2.0,inf,5,23.4,-0.2894177779041037,0.04777649538056028,0.4343825584386309,0.033913325896717535,0.5207154754536887,0.042249026788616736
2pl,100,1000,-0.4,2pl_n100_p1000_rho-0.4,jml,all_returned,5,5,theta,estimated,-inf,-1.5,5,6.2,-0.026725314396284516,0.02357895998387409,0.10264516509006234,0.009732936297558501,0.11740402852795101,0.01056541526026455
2pl,100,1000,-0.4,2pl_n100_p1000_rho-0.4,jml,all_returned,5,5,theta,estimated,-1.5,-0.5,5,25.4,0.004611901066275055,0.0058264417923283756,0.057670754525066856,0.0036689640135488004,0.07451249970307834,0.003629020922437335
2pl,100,1000,-0.4,2pl_n100_p1000_rho-0.4,jml,all_returned,5,5,theta,estimated,-0.5,0.5,5,37.4,0.006757467877510852,0.004941369066899501,0.0577220784044022,0.0016360522763928871,0.07190286687223736,0.001276669129943938
2pl,100,1000,-0.4,2pl_n100_p1000_rho-0.4,jml,all_returned,5,5,theta,estimated,0.5,1.5,5,25.8,0.026170334393471363,0.01177238095124621,0.0696058357202898,0.0031208900572343577,0.08917686021319872,0.004308475442523304
2pl,100,1000,-0.4,2pl_n100_p1000_rho-0.4,jml,all_returned,5,5,theta,estimated,1.5,inf,5,5.2,0.05827103110459229,0.03090653112918538,0.08727155343019972,0.016188085737353693,0.12465971696919875,0.018765972206188176
2pl,100,1000,-0.4,2pl_n100_p1000_rho-0.4,jml,all_returned,5,5,b,estimated,-inf,-1.0,5,106.0,0.0267025646532065,0.015528223153081597,0.24617387607947894,0.0065228323309312174,0.3144271055877197,0.007529700810469929
2pl,100,1000,-0.4,2pl_n100_p1000_rho-0.4,jml,all_returned,5,5,b,estimated,-1.0,-0.5,5,161.4,-0.004748204616007671,0.01159940581249679,0.20573333106708339,0.006206451228563956,0.27186130272255604,0.009092572653563353
2pl,100,1000,-0.4,2pl_n100_p1000_rho-0.4,jml,all_returned,5,5,b,estimated,-0.5,0.0,5,234.8,0.0027843449142109346,0.0074781100869218235,0.20349230743713004,0.003352460820520281,0.2655193736162097,0.005716186821146
2pl,100,1000,-0.4,2pl_n100_p1000_rho-0.4,jml,all_returned,5,5,b,estimated,0.0,0.5,5,227.2,0.012867029946904437,0.005026823307654507,0.2114360045097643,0.007933290120941796,0.2793890878396916,0.010446763770940106
2pl,100,1000,-0.4,2pl_n100_p1000_rho-0.4,jml,all_returned,5,5,b,estimated,0.5,1.0,5,163.6,0.01859746130551857,0.006307215200488521,0.2552329745683477,0.004241776448045398,0.3265012729959562,0.010529637936649182
2pl,100,1000,-0.4,2pl_n100_p1000_rho-0.4,jml,all_returned,5,5,b,estimated,1.0,inf,5,107.0,-0.08330003283868967,0.018752170165930223,0.32333510195088677,0.012327245973650246,0.41169514157842746,0.016023404584534263
2pl,100,1000,-0.4,2pl_n100_p1000_rho-0.4,jml,all_returned,5,5,log_a,estimated,-inf,-0.5,5,76.6,0.0889146056742064,0.01658902466103919,0.27097398660094896,0.013998420523985736,0.34240316056898296,0.015621332935589047
2pl,100,1000,-0.4,2pl_n100_p1000_rho-0.4,jml,all_returned,5,5,log_a,estimated,-0.5,-0.25,5,170.2,0.02837875620548181,0.010678292944670298,0.26376451273499185,0.008325157405582881,0.32556359334055557,0.008446977841198234
2pl,100,1000,-0.4,2pl_n100_p1000_rho-0.4,jml,all_returned,5,5,log_a,estimated,-0.25,0.0,5,254.8,-0.011692283810394343,0.009605386734595345,0.22113047376085868,0.003838732735860181,0.27989356943102817,0.006782147139933382
2pl,100,1000,-0.4,2pl_n100_p1000_rho-0.4,jml,all_returned,5,5,log_a,estimated,0.0,0.25,5,260.2,-0.024247260355520807,0.00537538162143481,0.22021812142768865,0.006120942444364263,0.2756306233858798,0.007273947148016962
2pl,100,1000,-0.4,2pl_n100_p1000_rho-0.4,jml,all_returned,5,5,log_a,estimated,0.25,0.5,5,157.6,-0.011879644090789645,0.007448724873863981,0.19254987022068173,0.006072037028981162,0.24495325172056814,0.005836275584759185
2pl,100,1000,-0.4,2pl_n100_p1000_rho-0.4,jml,all_returned,5,5,log_a,estimated,0.5,inf,5,80.6,-0.008235209726257176,0.00672696529372502,0.1970954626512284,0.008927919123775977,0.2540651942022996,0.015296191994199222
2pl,100,1000,-0.4,2pl_n100_p1000_rho-0.4,jml,all_returned,5,5,a,estimated,0.0,0.5,5,25.6,0.1009465789591607,0.024646326406360792,0.16507421599627456,0.018683977870796894,0.22013752697458253,0.031295535244150914
2pl,100,1000,-0.4,2pl_n100_p1000_rho-0.4,jml,all_returned,5,5,a,estimated,0.5,0.8,5,242.8,0.05523408308347921,0.008541832916742147,0.1832161501453068,0.006369451940283834,0.23665873788698677,0.008936053090457143
2pl,100,1000,-0.4,2pl_n100_p1000_rho-0.4,jml,all_returned,5,5,a,estimated,0.8,1.0,5,233.2,0.024855137694709352,0.01098314792419391,0.20069143608996934,0.0044333157866945335,0.2644923087853579,0.01294280167873262
2pl,100,1000,-0.4,2pl_n100_p1000_rho-0.4,jml,all_returned,5,5,a,estimated,1.0,1.25,5,236.8,0.012817964195216141,0.008676462825724592,0.24377620668995145,0.008202341942540353,0.3099913892147579,0.01167182853572939
2pl,100,1000,-0.4,2pl_n100_p1000_rho-0.4,jml,all_returned,5,5,a,estimated,1.25,2.0,5,234.6,0.033441919611316664,0.006045434752678217,0.30045716802365674,0.007745577764670238,0.4220654851407799,0.02845339981211766
2pl,100,1000,-0.4,2pl_n100_p1000_rho-0.4,jml,all_returned,5,5,a,estimated,2.0,inf,5,27.0,0.05587440512379781,0.015391850132403977,0.4730474395268742,0.031932404695710716,0.630918174166933,0.05187163699778664
2pl,100,1000,-0.4,2pl_n100_p1000_rho-0.4,jml,rule_stable,5,5,theta,estimated,-inf,-1.5,5,6.2,-0.026725314396284516,0.02357895998387409,0.10264516509006234,0.009732936297558501,0.11740402852795101,0.01056541526026455
2pl,100,1000,-0.4,2pl_n100_p1000_rho-0.4,jml,rule_stable,5,5,theta,estimated,-1.5,-0.5,5,25.4,0.004611901066275055,0.0058264417923283756,0.057670754525066856,0.0036689640135488004,0.07451249970307834,0.003629020922437335
2pl,100,1000,-0.4,2pl_n100_p1000_rho-0.4,jml,rule_stable,5,5,theta,estimated,-0.5,0.5,5,37.4,0.006757467877510852,0.004941369066899501,0.0577220784044022,0.0016360522763928871,0.07190286687223736,0.001276669129943938
2pl,100,1000,-0.4,2pl_n100_p1000_rho-0.4,jml,rule_stable,5,5,theta,estimated,0.5,1.5,5,25.8,0.026170334393471363,0.01177238095124621,0.0696058357202898,0.0031208900572343577,0.08917686021319872,0.004308475442523304
2pl,100,1000,-0.4,2pl_n100_p1000_rho-0.4,jml,rule_stable,5,5,theta,estimated,1.5,inf,5,5.2,0.05827103110459229,0.03090653112918538,0.08727155343019972,0.016188085737353693,0.12465971696919875,0.018765972206188176
2pl,100,1000,-0.4,2pl_n100_p1000_rho-0.4,jml,rule_stable,5,5,b,estimated,-inf,-1.0,5,106.0,0.0267025646532065,0.015528223153081597,0.24617387607947894,0.0065228323309312174,0.3144271055877197,0.007529700810469929
2pl,100,1000,-0.4,2pl_n100_p1000_rho-0.4,jml,rule_stable,5,5,b,estimated,-1.0,-0.5,5,161.4,-0.004748204616007671,0.01159940581249679,0.20573333106708339,0.006206451228563956,0.27186130272255604,0.009092572653563353
2pl,100,1000,-0.4,2pl_n100_p1000_rho-0.4,jml,rule_stable,5,5,b,estimated,-0.5,0.0,5,234.8,0.0027843449142109346,0.0074781100869218235,0.20349230743713004,0.003352460820520281,0.2655193736162097,0.005716186821146
2pl,100,1000,-0.4,2pl_n100_p1000_rho-0.4,jml,rule_stable,5,5,b,estimated,0.0,0.5,5,227.2,0.012867029946904437,0.005026823307654507,0.2114360045097643,0.007933290120941796,0.2793890878396916,0.010446763770940106
2pl,100,1000,-0.4,2pl_n100_p1000_rho-0.4,jml,rule_stable,5,5,b,estimated,0.5,1.0,5,163.6,0.01859746130551857,0.006307215200488521,0.2552329745683477,0.004241776448045398,0.3265012729959562,0.010529637936649182
2pl,100,1000,-0.4,2pl_n100_p1000_rho-0.4,jml,rule_stable,5,5,b,estimated,1.0,inf,5,107.0,-0.08330003283868967,0.018752170165930223,0.32333510195088677,0.012327245973650246,0.41169514157842746,0.016023404584534263
2pl,100,1000,-0.4,2pl_n100_p1000_rho-0.4,jml,rule_stable,5,5,log_a,estimated,-inf,-0.5,5,76.6,0.0889146056742064,0.01658902466103919,0.27097398660094896,0.013998420523985736,0.34240316056898296,0.015621332935589047
2pl,100,1000,-0.4,2pl_n100_p1000_rho-0.4,jml,rule_stable,5,5,log_a,estimated,-0.5,-0.25,5,170.2,0.02837875620548181,0.010678292944670298,0.26376451273499185,0.008325157405582881,0.32556359334055557,0.008446977841198234
2pl,100,1000,-0.4,2pl_n100_p1000_rho-0.4,jml,rule_stable,5,5,log_a,estimated,-0.25,0.0,5,254.8,-0.011692283810394343,0.009605386734595345,0.22113047376085868,0.003838732735860181,0.27989356943102817,0.006782147139933382
2pl,100,1000,-0.4,2pl_n100_p1000_rho-0.4,jml,rule_stable,5,5,log_a,estimated,0.0,0.25,5,260.2,-0.024247260355520807,0.00537538162143481,0.22021812142768865,0.006120942444364263,0.2756306233858798,0.007273947148016962
2pl,100,1000,-0.4,2pl_n100_p1000_rho-0.4,jml,rule_stable,5,5,log_a,estimated,0.25,0.5,5,157.6,-0.011879644090789645,0.007448724873863981,0.19254987022068173,0.006072037028981162,0.24495325172056814,0.005836275584759185
2pl,100,1000,-0.4,2pl_n100_p1000_rho-0.4,jml,rule_stable,5,5,log_a,estimated,0.5,inf,5,80.6,-0.008235209726257176,0.00672696529372502,0.1970954626512284,0.008927919123775977,0.2540651942022996,0.015296191994199222
2pl,100,1000,-0.4,2pl_n100_p1000_rho-0.4,jml,rule_stable,5,5,a,estimated,0.0,0.5,5,25.6,0.1009465789591607,0.024646326406360792,0.16507421599627456,0.018683977870796894,0.22013752697458253,0.031295535244150914
2pl,100,1000,-0.4,2pl_n100_p1000_rho-0.4,jml,rule_stable,5,5,a,estimated,0.5,0.8,5,242.8,0.05523408308347921,0.008541832916742147,0.1832161501453068,0.006369451940283834,0.23665873788698677,0.008936053090457143
2pl,100,1000,-0.4,2pl_n100_p1000_rho-0.4,jml,rule_stable,5,5,a,estimated,0.8,1.0,5,233.2,0.024855137694709352,0.01098314792419391,0.20069143608996934,0.0044333157866945335,0.2644923087853579,0.01294280167873262
2pl,100,1000,-0.4,2pl_n100_p1000_rho-0.4,jml,rule_stable,5,5,a,estimated,1.0,1.25,5,236.8,0.012817964195216141,0.008676462825724592,0.24377620668995145,0.008202341942540353,0.3099913892147579,0.01167182853572939
2pl,100,1000,-0.4,2pl_n100_p1000_rho-0.4,jml,rule_stable,5,5,a,estimated,1.25,2.0,5,234.6,0.033441919611316664,0.006045434752678217,0.30045716802365674,0.007745577764670238,0.4220654851407799,0.02845339981211766
2pl,100,1000,-0.4,2pl_n100_p1000_rho-0.4,jml,rule_stable,5,5,a,estimated,2.0,inf,5,27.0,0.05587440512379781,0.015391850132403977,0.4730474395268742,0.031932404695710716,0.630918174166933,0.05187163699778664
2pl,100,1000,-0.4,2pl_n100_p1000_rho-0.4,tbaem_c,all_returned,5,5,theta,estimated,-inf,-1.5,5,6.2,-0.09437731496600875,0.021340499071182753,0.118998417053968,0.007976951095448064,0.14631712837153552,0.011093732143453487
2pl,100,1000,-0.4,2pl_n100_p1000_rho-0.4,tbaem_c,all_returned,5,5,theta,estimated,-1.5,-0.5,5,25.4,-0.03469563934750042,0.005679168589203918,0.07090347686907846,0.0028212823545194095,0.08876103780484491,0.0027955668133660258
2pl,100,1000,-0.4,2pl_n100_p1000_rho-0.4,tbaem_c,all_returned,5,5,theta,estimated,-0.5,0.5,5,37.4,0.02037387781943869,0.004506374796242791,0.06365399166401021,0.002049084919577231,0.07985344318590008,0.00220699290708956
2pl,100,1000,-0.4,2pl_n100_p1000_rho-0.4,tbaem_c,all_returned,5,5,theta,estimated,0.5,1.5,5,25.8,0.08216794826985566,0.011757919196105778,0.09703826071457658,0.008325538452155737,0.11966776315318958,0.008667176169039706
2pl,100,1000,-0.4,2pl_n100_p1000_rho-0.4,tbaem_c,all_returned,5,5,theta,estimated,1.5,inf,5,5.2,0.11756938238554193,0.027216391394107718,0.12485133408565594,0.02218085294011291,0.15780226686749801,0.025137062989957576
2pl,100,1000,-0.4,2pl_n100_p1000_rho-0.4,tbaem_c,all_returned,5,5,b,estimated,-inf,-1.0,5,106.0,0.08346930042055276,0.013297455444333778,0.21013169537486015,0.007263354000507501,0.26898824295456464,0.010175578845172489
2pl,100,1000,-0.4,2pl_n100_p1000_rho-0.4,tbaem_c,all_returned,5,5,b,estimated,-1.0,-0.5,5,161.4,0.043612172251815885,0.008912381368589184,0.18359494390776893,0.002702282392459647,0.2380309340205243,0.006283050497542519
2pl,100,1000,-0.4,2pl_n100_p1000_rho-0.4,tbaem_c,all_returned,5,5,b,estimated,-0.5,0.0,5,234.8,0.0329535276167232,0.007526971148739754,0.18477486314817793,0.0037981363733802036,0.23222743828006978,0.005757298381470559
2pl,100,1000,-0.4,2pl_n100_p1000_rho-0.4,tbaem_c,all_returned,5,5,b,estimated,0.0,0.5,5,227.2,0.013940503796656418,0.0034517381562264977,0.19040113122116004,0.0052956087871480935,0.24173973618591826,0.006885136046934744
2pl,100,1000,-0.4,2pl_n100_p1000_rho-0.4,tbaem_c,all_returned,5,5,b,estimated,0.5,1.0,5,163.6,-0.026451254330602914,0.004637820966037653,0.2177851237762348,0.0035253270891012264,0.2707949837959346,0.008063798904013084
2pl,100,1000,-0.4,2pl_n100_p1000_rho-0.4,tbaem_c,all_returned,5,5,b,estimated,1.0,inf,5,107.0,-0.21163922431972412,0.013288844051935103,0.317515004305231,0.00710471803302973,0.40558984464733344,0.009215241511212613
2pl,100,1000,-0.4,2pl_n100_p1000_rho-0.4,tbaem_c,all_returned,5,5,log_a,estimated,-inf,-0.5,5,76.6,0.3381084578819507,0.008495814094414564,0.3386445899615053,0.008704910673963355,0.3803539264326477,0.010684770948541483
2pl,100,1000,-0.4,2pl_n100_p1000_rho-0.4,tbaem_c,all_returned,5,5,log_a,estimated,-0.5,-0.25,5,170.2,0.1618910308927402,0.006122814897651602,0.18966475036710712,0.005150469597022785,0.23022827204812418,0.006118049639363555
2pl,100,1000,-0.4,2pl_n100_p1000_rho-0.4,tbaem_c,all_returned,5,5,log_a,estimated,-0.25,0.0,5,254.8,0.029758510604712535,0.005163634660554398,0.1256613675273558,0.0016820331460354408,0.15967128517787135,0.0042552435074221925
2pl,100,1000,-0.4,2pl_n100_p1000_rho-0.4,tbaem_c,all_returned,5,5,log_a,estimated,0.0,0.25,5,260.2,-0.0707464868831313,0.0030846530457677725,0.14555445270427975,0.004271625647934451,0.18080175640923019,0.004691547944842474
2pl,100,1000,-0.4,2pl_n100_p1000_rho-0.4,tbaem_c,all_returned,5,5,log_a,estimated,0.25,0.5,5,157.6,-0.14366993290690938,0.006050821027447176,0.17753733966567006,0.003958013120244194,0.21325508474228838,0.00434720305666253
2pl,100,1000,-0.4,2pl_n100_p1000_rho-0.4,tbaem_c,all_returned,5,5,log_a,estimated,0.5,inf,5,80.6,-0.24884600213997882,0.0074024691832110905,0.25584071047281015,0.008100851194842745,0.29416684549192806,0.009397303265557017
2pl,100,1000,-0.4,2pl_n100_p1000_rho-0.4,tbaem_c,all_returned,5,5,a,estimated,0.0,0.5,5,25.6,0.25565382205263465,0.013663517899643022,0.25565382205263465,0.013663517899643022,0.28012248848802934,0.016673548995977807
2pl,100,1000,-0.4,2pl_n100_p1000_rho-0.4,tbaem_c,all_returned,5,5,a,estimated,0.5,0.8,5,242.8,0.13896168544807758,0.006006079684170463,0.15629849757214273,0.004961733674445058,0.1931738249689746,0.005391618011718517
2pl,100,1000,-0.4,2pl_n100_p1000_rho-0.4,tbaem_c,all_returned,5,5,a,estimated,0.8,1.0,5,233.2,0.033228878656157194,0.004955826379887574,0.11643934292373988,0.0029860825317626653,0.1537304928274793,0.00802071736538572
2pl,100,1000,-0.4,2pl_n100_p1000_rho-0.4,tbaem_c,all_returned,5,5,a,estimated,1.0,1.25,5,236.8,-0.05992684916191332,0.0038778145327399583,0.15258042382419282,0.004182948339108084,0.18750531984699542,0.004676711191240196
2pl,100,1000,-0.4,2pl_n100_p1000_rho-0.4,tbaem_c,all_returned,5,5,a,estimated,1.25,2.0,5,234.6,-0.20749668763719775,0.007878039736802907,0.2548245819138087,0.0033420281060052813,0.30336733862459186,0.003807496605180108
2pl,100,1000,-0.4,2pl_n100_p1000_rho-0.4,tbaem_c,all_returned,5,5,a,estimated,2.0,inf,5,27.0,-0.6131826122621202,0.03679660020492614,0.6131826122621202,0.03679660020492614,0.690490400804495,0.05147184298491627
2pl,100,1000,-0.4,2pl_n100_p1000_rho-0.4,tbaem_c,rule_stable,5,5,theta,estimated,-inf,-1.5,5,6.2,-0.09437731496600875,0.021340499071182753,0.118998417053968,0.007976951095448064,0.14631712837153552,0.011093732143453487
2pl,100,1000,-0.4,2pl_n100_p1000_rho-0.4,tbaem_c,rule_stable,5,5,theta,estimated,-1.5,-0.5,5,25.4,-0.03469563934750042,0.005679168589203918,0.07090347686907846,0.0028212823545194095,0.08876103780484491,0.0027955668133660258
2pl,100,1000,-0.4,2pl_n100_p1000_rho-0.4,tbaem_c,rule_stable,5,5,theta,estimated,-0.5,0.5,5,37.4,0.02037387781943869,0.004506374796242791,0.06365399166401021,0.002049084919577231,0.07985344318590008,0.00220699290708956
2pl,100,1000,-0.4,2pl_n100_p1000_rho-0.4,tbaem_c,rule_stable,5,5,theta,estimated,0.5,1.5,5,25.8,0.08216794826985566,0.011757919196105778,0.09703826071457658,0.008325538452155737,0.11966776315318958,0.008667176169039706
2pl,100,1000,-0.4,2pl_n100_p1000_rho-0.4,tbaem_c,rule_stable,5,5,theta,estimated,1.5,inf,5,5.2,0.11756938238554193,0.027216391394107718,0.12485133408565594,0.02218085294011291,0.15780226686749801,0.025137062989957576
2pl,100,1000,-0.4,2pl_n100_p1000_rho-0.4,tbaem_c,rule_stable,5,5,b,estimated,-inf,-1.0,5,106.0,0.08346930042055276,0.013297455444333778,0.21013169537486015,0.007263354000507501,0.26898824295456464,0.010175578845172489
2pl,100,1000,-0.4,2pl_n100_p1000_rho-0.4,tbaem_c,rule_stable,5,5,b,estimated,-1.0,-0.5,5,161.4,0.043612172251815885,0.008912381368589184,0.18359494390776893,0.002702282392459647,0.2380309340205243,0.006283050497542519
2pl,100,1000,-0.4,2pl_n100_p1000_rho-0.4,tbaem_c,rule_stable,5,5,b,estimated,-0.5,0.0,5,234.8,0.0329535276167232,0.007526971148739754,0.18477486314817793,0.0037981363733802036,0.23222743828006978,0.005757298381470559
2pl,100,1000,-0.4,2pl_n100_p1000_rho-0.4,tbaem_c,rule_stable,5,5,b,estimated,0.0,0.5,5,227.2,0.013940503796656418,0.0034517381562264977,0.19040113122116004,0.0052956087871480935,0.24173973618591826,0.006885136046934744
2pl,100,1000,-0.4,2pl_n100_p1000_rho-0.4,tbaem_c,rule_stable,5,5,b,estimated,0.5,1.0,5,163.6,-0.026451254330602914,0.004637820966037653,0.2177851237762348,0.0035253270891012264,0.2707949837959346,0.008063798904013084
2pl,100,1000,-0.4,2pl_n100_p1000_rho-0.4,tbaem_c,rule_stable,5,5,b,estimated,1.0,inf,5,107.0,-0.21163922431972412,0.013288844051935103,0.317515004305231,0.00710471803302973,0.40558984464733344,0.009215241511212613
2pl,100,1000,-0.4,2pl_n100_p1000_rho-0.4,tbaem_c,rule_stable,5,5,log_a,estimated,-inf,-0.5,5,76.6,0.3381084578819507,0.008495814094414564,0.3386445899615053,0.008704910673963355,0.3803539264326477,0.010684770948541483
2pl,100,1000,-0.4,2pl_n100_p1000_rho-0.4,tbaem_c,rule_stable,5,5,log_a,estimated,-0.5,-0.25,5,170.2,0.1618910308927402,0.006122814897651602,0.18966475036710712,0.005150469597022785,0.23022827204812418,0.006118049639363555
2pl,100,1000,-0.4,2pl_n100_p1000_rho-0.4,tbaem_c,rule_stable,5,5,log_a,estimated,-0.25,0.0,5,254.8,0.029758510604712535,0.005163634660554398,0.1256613675273558,0.0016820331460354408,0.15967128517787135,0.0042552435074221925
2pl,100,1000,-0.4,2pl_n100_p1000_rho-0.4,tbaem_c,rule_stable,5,5,log_a,estimated,0.0,0.25,5,260.2,-0.0707464868831313,0.0030846530457677725,0.14555445270427975,0.004271625647934451,0.18080175640923019,0.004691547944842474
2pl,100,1000,-0.4,2pl_n100_p1000_rho-0.4,tbaem_c,rule_stable,5,5,log_a,estimated,0.25,0.5,5,157.6,-0.14366993290690938,0.006050821027447176,0.17753733966567006,0.003958013120244194,0.21325508474228838,0.00434720305666253
2pl,100,1000,-0.4,2pl_n100_p1000_rho-0.4,tbaem_c,rule_stable,5,5,log_a,estimated,0.5,inf,5,80.6,-0.24884600213997882,0.0074024691832110905,0.25584071047281015,0.008100851194842745,0.29416684549192806,0.009397303265557017
2pl,100,1000,-0.4,2pl_n100_p1000_rho-0.4,tbaem_c,rule_stable,5,5,a,estimated,0.0,0.5,5,25.6,0.25565382205263465,0.013663517899643022,0.25565382205263465,0.013663517899643022,0.28012248848802934,0.016673548995977807
2pl,100,1000,-0.4,2pl_n100_p1000_rho-0.4,tbaem_c,rule_stable,5,5,a,estimated,0.5,0.8,5,242.8,0.13896168544807758,0.006006079684170463,0.15629849757214273,0.004961733674445058,0.1931738249689746,0.005391618011718517
2pl,100,1000,-0.4,2pl_n100_p1000_rho-0.4,tbaem_c,rule_stable,5,5,a,estimated,0.8,1.0,5,233.2,0.033228878656157194,0.004955826379887574,0.11643934292373988,0.0029860825317626653,0.1537304928274793,0.00802071736538572
2pl,100,1000,-0.4,2pl_n100_p1000_rho-0.4,tbaem_c,rule_stable,5,5,a,estimated,1.0,1.25,5,236.8,-0.05992684916191332,0.0038778145327399583,0.15258042382419282,0.004182948339108084,0.18750531984699542,0.004676711191240196
2pl,100,1000,-0.4,2pl_n100_p1000_rho-0.4,tbaem_c,rule_stable,5,5,a,estimated,1.25,2.0,5,234.6,-0.20749668763719775,0.007878039736802907,0.2548245819138087,0.0033420281060052813,0.30336733862459186,0.003807496605180108
2pl,100,1000,-0.4,2pl_n100_p1000_rho-0.4,tbaem_c,rule_stable,5,5,a,estimated,2.0,inf,5,27.0,-0.6131826122621202,0.03679660020492614,0.6131826122621202,0.03679660020492614,0.690490400804495,0.05147184298491627
2pl,100,1000,-0.4,2pl_n100_p1000_rho-0.4,tbaem_d,all_returned,5,5,theta,estimated,-inf,-1.5,5,6.2,-0.11064607737814139,0.02302593738084235,0.1320327682201449,0.01107729494207261,0.15941514674229684,0.013534121638834258
2pl,100,1000,-0.4,2pl_n100_p1000_rho-0.4,tbaem_d,all_returned,5,5,theta,estimated,-1.5,-0.5,5,25.4,-0.015075549153216633,0.005578264905628658,0.07028411397370762,0.0034125426548578764,0.08791223133464884,0.002986880173142591
2pl,100,1000,-0.4,2pl_n100_p1000_rho-0.4,tbaem_d,all_returned,5,5,theta,estimated,-0.5,0.5,5,37.4,0.05206292065280477,0.004188470231953736,0.07477988056308231,0.003726806981053777,0.09295956590629186,0.003363116848846379
2pl,100,1000,-0.4,2pl_n100_p1000_rho-0.4,tbaem_d,all_returned,5,5,theta,estimated,0.5,1.5,5,25.8,0.10285116612895273,0.011510094767809741,0.11180770336558446,0.009328576457073322,0.13370945249288968,0.009307162581739258
2pl,100,1000,-0.4,2pl_n100_p1000_rho-0.4,tbaem_d,all_returned,5,5,theta,estimated,1.5,inf,5,5.2,0.1078446470408434,0.026629648623974288,0.118665629559327,0.019983687044165456,0.15113184920442047,0.023249190329766557
2pl,100,1000,-0.4,2pl_n100_p1000_rho-0.4,tbaem_d,all_returned,5,5,b,estimated,-inf,-1.0,5,106.0,0.0550468175514507,0.01269763925073392,0.21389931171150733,0.006296605905965896,0.2727212411339047,0.01005836225359216
2pl,100,1000,-0.4,2pl_n100_p1000_rho-0.4,tbaem_d,all_returned,5,5,b,estimated,-1.0,-0.5,5,161.4,0.044579653922808306,0.009257273489326326,0.19062342806971375,0.0029323719487750356,0.24443661816419401,0.005881768652825298
2pl,100,1000,-0.4,2pl_n100_p1000_rho-0.4,tbaem_d,all_returned,5,5,b,estimated,-0.5,0.0,5,234.8,0.04554136654227682,0.0070891561838895625,0.1911903425716029,0.003954449454032967,0.2387228629455391,0.005444666403920993
2pl,100,1000,-0.4,2pl_n100_p1000_rho-0.4,tbaem_d,all_returned,5,5,b,estimated,0.0,0.5,5,227.2,0.026582795592460944,0.0029578509711130187,0.19021853077883405,0.0049633123554060085,0.24165783165005492,0.006742067565328871
2pl,100,1000,-0.4,2pl_n100_p1000_rho-0.4,tbaem_d,all_returned,5,5,b,estimated,0.5,1.0,5,163.6,-0.027072575671076283,0.004566446115652102,0.2098386822324315,0.00407984128352713,0.2634429862429371,0.008276218076917592
2pl,100,1000,-0.4,2pl_n100_p1000_rho-0.4,tbaem_d,all_returned,5,5,b,estimated,1.0,inf,5,107.0,-0.2382870393482852,0.012851400790604997,0.3254093970079107,0.007002633100615967,0.41550873946696404,0.008132554343217673
2pl,100,1000,-0.4,2pl_n100_p1000_rho-0.4,tbaem_d,all_returned,5,5,log_a,estimated,-inf,-0.5,5,76.6,0.3542029131087844,0.008272120814142594,0.35458013546283196,0.008608459113479114,0.39749967245408646,0.010476997061508397
2pl,100,1000,-0.4,2pl_n100_p1000_rho-0.4,tbaem_d,all_returned,5,5,log_a,estimated,-0.5,-0.25,5,170.2,0.16948086058371092,0.006376624093179006,0.1966449473929497,0.0054025786001385585,0.23954281042993356,0.006808946840448862
2pl,100,1000,-0.4,2pl_n100_p1000_rho-0.4,tbaem_d,all_returned,5,5,log_a,estimated,-0.25,0.0,5,254.8,0.03396009016993473,0.005986476485104125,0.12906079417124006,0.0022680835824018144,0.16384570851631836,0.005063755499639499
2pl,100,1000,-0.4,2pl_n100_p1000_rho-0.4,tbaem_d,all_returned,5,5,log_a,estimated,0.0,0.25,5,260.2,-0.07184387141167432,0.002918386040259696,0.14817616916375417,0.004515604284042775,0.18366084987086215,0.004545825190577212
2pl,100,1000,-0.4,2pl_n100_p1000_rho-0.4,tbaem_d,all_returned,5,5,log_a,estimated,0.25,0.5,5,157.6,-0.15441410245360374,0.006398423657054594,0.18434911748036958,0.00503621131118498,0.22013526039057094,0.005367206301916728
2pl,100,1000,-0.4,2pl_n100_p1000_rho-0.4,tbaem_d,all_returned,5,5,log_a,estimated,0.5,inf,5,80.6,-0.2693999467800826,0.0062990349127108256,0.272900313923349,0.0064465391930687435,0.31270575822415697,0.008007402309431758
2pl,100,1000,-0.4,2pl_n100_p1000_rho-0.4,tbaem_d,all_returned,5,5,a,estimated,0.0,0.5,5,25.6,0.2702174319873622,0.014526160425221672,0.2702174319873622,0.014526160425221672,0.296544956627827,0.018752072750356185
2pl,100,1000,-0.4,2pl_n100_p1000_rho-0.4,tbaem_d,all_returned,5,5,a,estimated,0.5,0.8,5,242.8,0.1471204332726772,0.006803190029064999,0.16367719213439763,0.0053183663260596885,0.2030646101192138,0.006082216033233173
2pl,100,1000,-0.4,2pl_n100_p1000_rho-0.4,tbaem_d,all_returned,5,5,a,estimated,0.8,1.0,5,233.2,0.03721048963571939,0.006336195437048189,0.12042779345293983,0.003692933419430444,0.15973910330807223,0.008997550642886529
2pl,100,1000,-0.4,2pl_n100_p1000_rho-0.4,tbaem_d,all_returned,5,5,a,estimated,1.0,1.25,5,236.8,-0.06045426895968148,0.004320153214819894,0.155368625153148,0.004744970068986242,0.1908138263054405,0.005423732057656682
2pl,100,1000,-0.4,2pl_n100_p1000_rho-0.4,tbaem_d,all_returned,5,5,a,estimated,1.25,2.0,5,234.6,-0.22323733479521074,0.007769891241299166,0.2640235042529975,0.0042967124475942415,0.31360007130847894,0.0040354448405599125
2pl,100,1000,-0.4,2pl_n100_p1000_rho-0.4,tbaem_d,all_returned,5,5,a,estimated,2.0,inf,5,27.0,-0.6563454756500666,0.035250190973809235,0.6563454756500666,0.035250190973809235,0.7349046023522914,0.047990923606267416
2pl,100,1000,-0.4,2pl_n100_p1000_rho-0.4,tbaem_d,rule_stable,5,5,theta,estimated,-inf,-1.5,5,6.2,-0.11064607737814139,0.02302593738084235,0.1320327682201449,0.01107729494207261,0.15941514674229684,0.013534121638834258
2pl,100,1000,-0.4,2pl_n100_p1000_rho-0.4,tbaem_d,rule_stable,5,5,theta,estimated,-1.5,-0.5,5,25.4,-0.015075549153216633,0.005578264905628658,0.07028411397370762,0.0034125426548578764,0.08791223133464884,0.002986880173142591
2pl,100,1000,-0.4,2pl_n100_p1000_rho-0.4,tbaem_d,rule_stable,5,5,theta,estimated,-0.5,0.5,5,37.4,0.05206292065280477,0.004188470231953736,0.07477988056308231,0.003726806981053777,0.09295956590629186,0.003363116848846379
2pl,100,1000,-0.4,2pl_n100_p1000_rho-0.4,tbaem_d,rule_stable,5,5,theta,estimated,0.5,1.5,5,25.8,0.10285116612895273,0.011510094767809741,0.11180770336558446,0.009328576457073322,0.13370945249288968,0.009307162581739258
2pl,100,1000,-0.4,2pl_n100_p1000_rho-0.4,tbaem_d,rule_stable,5,5,theta,estimated,1.5,inf,5,5.2,0.1078446470408434,0.026629648623974288,0.118665629559327,0.019983687044165456,0.15113184920442047,0.023249190329766557
2pl,100,1000,-0.4,2pl_n100_p1000_rho-0.4,tbaem_d,rule_stable,5,5,b,estimated,-inf,-1.0,5,106.0,0.0550468175514507,0.01269763925073392,0.21389931171150733,0.006296605905965896,0.2727212411339047,0.01005836225359216
2pl,100,1000,-0.4,2pl_n100_p1000_rho-0.4,tbaem_d,rule_stable,5,5,b,estimated,-1.0,-0.5,5,161.4,0.044579653922808306,0.009257273489326326,0.19062342806971375,0.0029323719487750356,0.24443661816419401,0.005881768652825298
2pl,100,1000,-0.4,2pl_n100_p1000_rho-0.4,tbaem_d,rule_stable,5,5,b,estimated,-0.5,0.0,5,234.8,0.04554136654227682,0.0070891561838895625,0.1911903425716029,0.003954449454032967,0.2387228629455391,0.005444666403920993
2pl,100,1000,-0.4,2pl_n100_p1000_rho-0.4,tbaem_d,rule_stable,5,5,b,estimated,0.0,0.5,5,227.2,0.026582795592460944,0.0029578509711130187,0.19021853077883405,0.0049633123554060085,0.24165783165005492,0.006742067565328871
2pl,100,1000,-0.4,2pl_n100_p1000_rho-0.4,tbaem_d,rule_stable,5,5,b,estimated,0.5,1.0,5,163.6,-0.027072575671076283,0.004566446115652102,0.2098386822324315,0.00407984128352713,0.2634429862429371,0.008276218076917592
2pl,100,1000,-0.4,2pl_n100_p1000_rho-0.4,tbaem_d,rule_stable,5,5,b,estimated,1.0,inf,5,107.0,-0.2382870393482852,0.012851400790604997,0.3254093970079107,0.007002633100615967,0.41550873946696404,0.008132554343217673
2pl,100,1000,-0.4,2pl_n100_p1000_rho-0.4,tbaem_d,rule_stable,5,5,log_a,estimated,-inf,-0.5,5,76.6,0.3542029131087844,0.008272120814142594,0.35458013546283196,0.008608459113479114,0.39749967245408646,0.010476997061508397
2pl,100,1000,-0.4,2pl_n100_p1000_rho-0.4,tbaem_d,rule_stable,5,5,log_a,estimated,-0.5,-0.25,5,170.2,0.16948086058371092,0.006376624093179006,0.1966449473929497,0.0054025786001385585,0.23954281042993356,0.006808946840448862
2pl,100,1000,-0.4,2pl_n100_p1000_rho-0.4,tbaem_d,rule_stable,5,5,log_a,estimated,-0.25,0.0,5,254.8,0.03396009016993473,0.005986476485104125,0.12906079417124006,0.0022680835824018144,0.16384570851631836,0.005063755499639499
2pl,100,1000,-0.4,2pl_n100_p1000_rho-0.4,tbaem_d,rule_stable,5,5,log_a,estimated,0.0,0.25,5,260.2,-0.07184387141167432,0.002918386040259696,0.14817616916375417,0.004515604284042775,0.18366084987086215,0.004545825190577212
2pl,100,1000,-0.4,2pl_n100_p1000_rho-0.4,tbaem_d,rule_stable,5,5,log_a,estimated,0.25,0.5,5,157.6,-0.15441410245360374,0.006398423657054594,0.18434911748036958,0.00503621131118498,0.22013526039057094,0.005367206301916728
2pl,100,1000,-0.4,2pl_n100_p1000_rho-0.4,tbaem_d,rule_stable,5,5,log_a,estimated,0.5,inf,5,80.6,-0.2693999467800826,0.0062990349127108256,0.272900313923349,0.0064465391930687435,0.31270575822415697,0.008007402309431758
2pl,100,1000,-0.4,2pl_n100_p1000_rho-0.4,tbaem_d,rule_stable,5,5,a,estimated,0.0,0.5,5,25.6,0.2702174319873622,0.014526160425221672,0.2702174319873622,0.014526160425221672,0.296544956627827,0.018752072750356185
2pl,100,1000,-0.4,2pl_n100_p1000_rho-0.4,tbaem_d,rule_stable,5,5,a,estimated,0.5,0.8,5,242.8,0.1471204332726772,0.006803190029064999,0.16367719213439763,0.0053183663260596885,0.2030646101192138,0.006082216033233173
2pl,100,1000,-0.4,2pl_n100_p1000_rho-0.4,tbaem_d,rule_stable,5,5,a,estimated,0.8,1.0,5,233.2,0.03721048963571939,0.006336195437048189,0.12042779345293983,0.003692933419430444,0.15973910330807223,0.008997550642886529
2pl,100,1000,-0.4,2pl_n100_p1000_rho-0.4,tbaem_d,rule_stable,5,5,a,estimated,1.0,1.25,5,236.8,-0.06045426895968148,0.004320153214819894,0.155368625153148,0.004744970068986242,0.1908138263054405,0.005423732057656682
2pl,100,1000,-0.4,2pl_n100_p1000_rho-0.4,tbaem_d,rule_stable,5,5,a,estimated,1.25,2.0,5,234.6,-0.22323733479521074,0.007769891241299166,0.2640235042529975,0.0042967124475942415,0.31360007130847894,0.0040354448405599125
2pl,100,1000,-0.4,2pl_n100_p1000_rho-0.4,tbaem_d,rule_stable,5,5,a,estimated,2.0,inf,5,27.0,-0.6563454756500666,0.035250190973809235,0.6563454756500666,0.035250190973809235,0.7349046023522914,0.047990923606267416
2pl,100,1000,-0.4,2pl_n100_p1000_rho-0.4,vi,all_returned,5,5,theta,estimated,-inf,-1.5,5,6.2,-0.0008577451751367461,0.020180488535506726,0.095846509201742,0.009039956904132963,0.11076568714899096,0.010956438814181678
2pl,100,1000,-0.4,2pl_n100_p1000_rho-0.4,vi,all_returned,5,5,theta,estimated,-1.5,-0.5,5,25.4,0.030841131035112424,0.0054744422425908445,0.06282362843563549,0.004878747632643428,0.0805662674436248,0.004559394146099936
2pl,100,1000,-0.4,2pl_n100_p1000_rho-0.4,vi,all_returned,5,5,theta,estimated,-0.5,0.5,5,37.4,0.03255224460039395,0.004461963118221859,0.061795840915036336,0.002660221074507519,0.07690109441274791,0.0023615241381453977
2pl,100,1000,-0.4,2pl_n100_p1000_rho-0.4,vi,all_returned,5,5,theta,estimated,0.5,1.5,5,25.8,0.029162212203283043,0.010917096812736081,0.06752619195004425,0.0024217264741876205,0.08727290190153593,0.004737907804898968
2pl,100,1000,-0.4,2pl_n100_p1000_rho-0.4,vi,all_returned,5,5,theta,estimated,1.5,inf,5,5.2,-0.00040165748298933297,0.028359386154095504,0.08142685393878399,0.010473050142360593,0.11133851174834646,0.011903695633052224
2pl,100,1000,-0.4,2pl_n100_p1000_rho-0.4,vi,all_returned,5,5,b,estimated,-inf,-1.0,5,106.0,0.04952059420260742,0.013891114917846647,0.22864450818642834,0.006021871622341616,0.2913205380008339,0.010830738297384745
2pl,100,1000,-0.4,2pl_n100_p1000_rho-0.4,vi,all_returned,5,5,b,estimated,-1.0,-0.5,5,161.4,0.03603056903098546,0.009121154706676946,0.19516498515570307,0.0032339054670759487,0.2502531720351302,0.0062224959428385795
2pl,100,1000,-0.4,2pl_n100_p1000_rho-0.4,vi,all_returned,5,5,b,estimated,-0.5,0.0,5,234.8,0.032617585732632716,0.007282740294580712,0.19300151912740948,0.004059557131697123,0.24403125473134415,0.0054907758206820135
2pl,100,1000,-0.4,2pl_n100_p1000_rho-0.4,vi,all_returned,5,5,b,estimated,0.0,0.5,5,227.2,0.016170054672185154,0.003836133067579829,0.19415263767605087,0.006131095495119433,0.2500617889322502,0.008189495522403046
2pl,100,1000,-0.4,2pl_n100_p1000_rho-0.4,vi,all_returned,5,5,b,estimated,0.5,1.0,5,163.6,-0.01879737984666947,0.005263364849060449,0.2250302765396297,0.003931504340202821,0.28191652080111407,0.009089014814091783
2pl,100,1000,-0.4,2pl_n100_p1000_rho-0.4,vi,all_returned,5,5,b,estimated,1.0,inf,5,107.0,-0.18239714333190682,0.012886911372250596,0.3138072625726255,0.009435292717791411,0.4014741253734241,0.012003235598178431
2pl,100,1000,-0.4,2pl_n100_p1000_rho-0.4,vi,all_returned,5,5,log_a,estimated,-inf,-0.5,5,76.6,0.23423470643329206,0.011441281653823143,0.2643024942436276,0.011387497816876913,0.32835964066686135,0.015795781590661615
2pl,100,1000,-0.4,2pl_n100_p1000_rho-0.4,vi,all_returned,5,5,log_a,estimated,-0.5,-0.25,5,170.2,0.09769048502682513,0.008117961185865274,0.20447529431207126,0.007697477292393148,0.25270636193950824,0.008673344154493253
2pl,100,1000,-0.4,2pl_n100_p1000_rho-0.4,vi,all_returned,5,5,log_a,estimated,-0.25,0.0,5,254.8,0.00482588527216289,0.007569307628316123,0.17294637079588876,0.0022153906275557507,0.21779977643754883,0.00515449953386161
2pl,100,1000,-0.4,2pl_n100_p1000_rho-0.4,vi,all_returned,5,5,log_a,estimated,0.0,0.25,5,260.2,-0.05147082479999957,0.004071730754180204,0.18718383901499397,0.005162938440918525,0.23317443164269228,0.005662676918586547
2pl,100,1000,-0.4,2pl_n100_p1000_rho-0.4,vi,all_returned,5,5,log_a,estimated,0.25,0.5,5,157.6,-0.07909677364412177,0.007704525785404148,0.18151262229218437,0.006350799347024042,0.223678904603853,0.005824091866299478
2pl,100,1000,-0.4,2pl_n100_p1000_rho-0.4,vi,all_returned,5,5,log_a,estimated,0.5,inf,5,80.6,-0.12523589374535005,0.003909019587150158,0.19367830987212448,0.007364371562609525,0.23935073913502683,0.007560906160082532
2pl,100,1000,-0.4,2pl_n100_p1000_rho-0.4,vi,all_returned,5,5,a,estimated,0.0,0.5,5,25.6,0.18561882980306324,0.019358754531048898,0.1929055496244168,0.018250722921577398,0.23984505699086436,0.027262109556353296
2pl,100,1000,-0.4,2pl_n100_p1000_rho-0.4,vi,all_returned,5,5,a,estimated,0.5,0.8,5,242.8,0.09538327137396412,0.007199622914939978,0.1557924146183797,0.005707375105250919,0.20414310948433495,0.007912843036043168
2pl,100,1000,-0.4,2pl_n100_p1000_rho-0.4,vi,all_returned,5,5,a,estimated,0.8,1.0,5,233.2,0.02362887612711139,0.008738289857465168,0.160032624201451,0.003652784446521028,0.21223943646122295,0.011027355832867559
2pl,100,1000,-0.4,2pl_n100_p1000_rho-0.4,vi,all_returned,5,5,a,estimated,1.0,1.25,5,236.8,-0.028400630049328995,0.006370835777692549,0.20192811503449262,0.006114885151042089,0.25313320316783916,0.008438201114744661
2pl,100,1000,-0.4,2pl_n100_p1000_rho-0.4,vi,all_returned,5,5,a,estimated,1.25,2.0,5,234.6,-0.09263276442899762,0.007162600626995639,0.25995522371835633,0.005938022615694962,0.3195740231709983,0.004827856880938819
2pl,100,1000,-0.4,2pl_n100_p1000_rho-0.4,vi,all_returned,5,5,a,estimated,2.0,inf,5,27.0,-0.3031380571969517,0.028580157564822743,0.4207834528768096,0.02736776614075986,0.5118228630842521,0.030555583681131048
2pl,100,1000,-0.4,2pl_n100_p1000_rho-0.4,vi,rule_stable,5,5,theta,estimated,-inf,-1.5,5,6.2,-0.0008577451751367461,0.020180488535506726,0.095846509201742,0.009039956904132963,0.11076568714899096,0.010956438814181678
2pl,100,1000,-0.4,2pl_n100_p1000_rho-0.4,vi,rule_stable,5,5,theta,estimated,-1.5,-0.5,5,25.4,0.030841131035112424,0.0054744422425908445,0.06282362843563549,0.004878747632643428,0.0805662674436248,0.004559394146099936
2pl,100,1000,-0.4,2pl_n100_p1000_rho-0.4,vi,rule_stable,5,5,theta,estimated,-0.5,0.5,5,37.4,0.03255224460039395,0.004461963118221859,0.061795840915036336,0.002660221074507519,0.07690109441274791,0.0023615241381453977
2pl,100,1000,-0.4,2pl_n100_p1000_rho-0.4,vi,rule_stable,5,5,theta,estimated,0.5,1.5,5,25.8,0.029162212203283043,0.010917096812736081,0.06752619195004425,0.0024217264741876205,0.08727290190153593,0.004737907804898968
2pl,100,1000,-0.4,2pl_n100_p1000_rho-0.4,vi,rule_stable,5,5,theta,estimated,1.5,inf,5,5.2,-0.00040165748298933297,0.028359386154095504,0.08142685393878399,0.010473050142360593,0.11133851174834646,0.011903695633052224
2pl,100,1000,-0.4,2pl_n100_p1000_rho-0.4,vi,rule_stable,5,5,b,estimated,-inf,-1.0,5,106.0,0.04952059420260742,0.013891114917846647,0.22864450818642834,0.006021871622341616,0.2913205380008339,0.010830738297384745
2pl,100,1000,-0.4,2pl_n100_p1000_rho-0.4,vi,rule_stable,5,5,b,estimated,-1.0,-0.5,5,161.4,0.03603056903098546,0.009121154706676946,0.19516498515570307,0.0032339054670759487,0.2502531720351302,0.0062224959428385795
2pl,100,1000,-0.4,2pl_n100_p1000_rho-0.4,vi,rule_stable,5,5,b,estimated,-0.5,0.0,5,234.8,0.032617585732632716,0.007282740294580712,0.19300151912740948,0.004059557131697123,0.24403125473134415,0.0054907758206820135
2pl,100,1000,-0.4,2pl_n100_p1000_rho-0.4,vi,rule_stable,5,5,b,estimated,0.0,0.5,5,227.2,0.016170054672185154,0.003836133067579829,0.19415263767605087,0.006131095495119433,0.2500617889322502,0.008189495522403046
2pl,100,1000,-0.4,2pl_n100_p1000_rho-0.4,vi,rule_stable,5,5,b,estimated,0.5,1.0,5,163.6,-0.01879737984666947,0.005263364849060449,0.2250302765396297,0.003931504340202821,0.28191652080111407,0.009089014814091783
2pl,100,1000,-0.4,2pl_n100_p1000_rho-0.4,vi,rule_stable,5,5,b,estimated,1.0,inf,5,107.0,-0.18239714333190682,0.012886911372250596,0.3138072625726255,0.009435292717791411,0.4014741253734241,0.012003235598178431
2pl,100,1000,-0.4,2pl_n100_p1000_rho-0.4,vi,rule_stable,5,5,log_a,estimated,-inf,-0.5,5,76.6,0.23423470643329206,0.011441281653823143,0.2643024942436276,0.011387497816876913,0.32835964066686135,0.015795781590661615
2pl,100,1000,-0.4,2pl_n100_p1000_rho-0.4,vi,rule_stable,5,5,log_a,estimated,-0.5,-0.25,5,170.2,0.09769048502682513,0.008117961185865274,0.20447529431207126,0.007697477292393148,0.25270636193950824,0.008673344154493253
2pl,100,1000,-0.4,2pl_n100_p1000_rho-0.4,vi,rule_stable,5,5,log_a,estimated,-0.25,0.0,5,254.8,0.00482588527216289,0.007569307628316123,0.17294637079588876,0.0022153906275557507,0.21779977643754883,0.00515449953386161
2pl,100,1000,-0.4,2pl_n100_p1000_rho-0.4,vi,rule_stable,5,5,log_a,estimated,0.0,0.25,5,260.2,-0.05147082479999957,0.004071730754180204,0.18718383901499397,0.005162938440918525,0.23317443164269228,0.005662676918586547
2pl,100,1000,-0.4,2pl_n100_p1000_rho-0.4,vi,rule_stable,5,5,log_a,estimated,0.25,0.5,5,157.6,-0.07909677364412177,0.007704525785404148,0.18151262229218437,0.006350799347024042,0.223678904603853,0.005824091866299478
2pl,100,1000,-0.4,2pl_n100_p1000_rho-0.4,vi,rule_stable,5,5,log_a,estimated,0.5,inf,5,80.6,-0.12523589374535005,0.003909019587150158,0.19367830987212448,0.007364371562609525,0.23935073913502683,0.007560906160082532
2pl,100,1000,-0.4,2pl_n100_p1000_rho-0.4,vi,rule_stable,5,5,a,estimated,0.0,0.5,5,25.6,0.18561882980306324,0.019358754531048898,0.1929055496244168,0.018250722921577398,0.23984505699086436,0.027262109556353296
2pl,100,1000,-0.4,2pl_n100_p1000_rho-0.4,vi,rule_stable,5,5,a,estimated,0.5,0.8,5,242.8,0.09538327137396412,0.007199622914939978,0.1557924146183797,0.005707375105250919,0.20414310948433495,0.007912843036043168
2pl,100,1000,-0.4,2pl_n100_p1000_rho-0.4,vi,rule_stable,5,5,a,estimated,0.8,1.0,5,233.2,0.02362887612711139,0.008738289857465168,0.160032624201451,0.003652784446521028,0.21223943646122295,0.011027355832867559
2pl,100,1000,-0.4,2pl_n100_p1000_rho-0.4,vi,rule_stable,5,5,a,estimated,1.0,1.25,5,236.8,-0.028400630049328995,0.006370835777692549,0.20192811503449262,0.006114885151042089,0.25313320316783916,0.008438201114744661
2pl,100,1000,-0.4,2pl_n100_p1000_rho-0.4,vi,rule_stable,5,5,a,estimated,1.25,2.0,5,234.6,-0.09263276442899762,0.007162600626995639,0.25995522371835633,0.005938022615694962,0.3195740231709983,0.004827856880938819
2pl,100,1000,-0.4,2pl_n100_p1000_rho-0.4,vi,rule_stable,5,5,a,estimated,2.0,inf,5,27.0,-0.3031380571969517,0.028580157564822743,0.4207834528768096,0.02736776614075986,0.5118228630842521,0.030555583681131048
2pl,20,10000,0.0,2pl_n20_p10000_rho+0.0,jml,all_returned,5,5,theta,estimated,-inf,-1.5,3,1.6666666666666667,-0.9515325130914017,0.38717726664779417,0.9515325130914017,0.38717726664779417,1.1096588988184697,0.3930127095215464
2pl,20,10000,0.0,2pl_n20_p10000_rho+0.0,jml,all_returned,5,5,theta,estimated,-1.5,-0.5,5,5.2,-0.10933494618943536,0.024353552804687918,0.11373484894106038,0.02204127011957031,0.13833504204885,0.02077792778984061
2pl,20,10000,0.0,2pl_n20_p10000_rho+0.0,jml,all_returned,5,5,theta,estimated,-0.5,0.5,5,8.0,-0.052192803874878436,0.03066534114815166,0.07945571052255011,0.007312702358515108,0.08812920224887266,0.007888322831253543
2pl,20,10000,0.0,2pl_n20_p10000_rho+0.0,jml,all_returned,5,5,theta,estimated,0.5,1.5,5,3.8,0.06385108217205128,0.050348079634005755,0.12276607101247598,0.012984461867361227,0.1416206364861649,0.015603386827500718
2pl,20,10000,0.0,2pl_n20_p10000_rho+0.0,jml,all_returned,5,5,theta,estimated,1.5,inf,4,2.5,0.9587684387173656,0.14701739584572868,0.9587684387173656,0.14701739584572868,1.1930598372269627,0.22093083129570162
2pl,20,10000,0.0,2pl_n20_p10000_rho+0.0,jml,all_returned,5,5,b,estimated,-inf,-1.0,5,1052.6,-0.22230495476441336,0.042549218856640134,0.7066612563123702,0.04755394410883161,0.9423226878830374,0.06734850282936541
2pl,20,10000,0.0,2pl_n20_p10000_rho+0.0,jml,all_returned,5,5,b,estimated,-1.0,-0.5,5,1605.8,-0.16330793899368348,0.008515359992032944,0.5879052134749811,0.011039479337476973,0.8173852852043865,0.024844819083136502
2pl,20,10000,0.0,2pl_n20_p10000_rho+0.0,jml,all_returned,5,5,b,estimated,-0.5,0.0,5,2337.2,-0.08546199159490342,0.013523865550021958,0.5561885488316033,0.0031183387469289,0.776705308979576,0.007102905104946556
2pl,20,10000,0.0,2pl_n20_p10000_rho+0.0,jml,all_returned,5,5,b,estimated,0.0,0.5,5,2340.4,0.04121641581854333,0.006529141965994039,0.5789313573441668,0.017008447106819542,0.8003390571063221,0.025048085582864206
2pl,20,10000,0.0,2pl_n20_p10000_rho+0.0,jml,all_returned,5,5,b,estimated,0.5,1.0,5,1611.6,0.16881431994328613,0.011865274922735883,0.6515190813200634,0.030168818495524243,0.887134728194505,0.039400686432097834
2pl,20,10000,0.0,2pl_n20_p10000_rho+0.0,jml,all_returned,5,5,b,estimated,1.0,inf,5,1052.4,0.3115965852212128,0.04436525076493365,0.7806634776099157,0.04967130069479739,1.034500125299681,0.06276943227576746
2pl,20,10000,0.0,2pl_n20_p10000_rho+0.0,jml,all_returned,5,5,log_a,estimated,-inf,-0.5,5,757.2,-0.00278151295186381,0.019341124639177323,0.6078943573021872,0.024407038286282313,0.7775282296535887,0.03250917334971444
2pl,20,10000,0.0,2pl_n20_p10000_rho+0.0,jml,all_returned,5,5,log_a,estimated,-0.5,-0.25,5,1614.4,-0.026893504580844295,0.009654703354173467,0.6007498679583889,0.022184336454876896,0.7736286801622669,0.024287387217125932
2pl,20,10000,0.0,2pl_n20_p10000_rho+0.0,jml,all_returned,5,5,log_a,estimated,-0.25,0.0,5,2641.4,-0.03659056171948817,0.0029885941291824024,0.5854880783043053,0.02556106947945168,0.7629230144279207,0.03015857812100369
2pl,20,10000,0.0,2pl_n20_p10000_rho+0.0,jml,all_returned,5,5,log_a,estimated,0.0,0.25,5,2618.4,0.006748593705396028,0.00764611495545174,0.5815854096217372,0.019898439895622216,0.7728402923177055,0.022659057413898828
2pl,20,10000,0.0,2pl_n20_p10000_rho+0.0,jml,all_returned,5,5,log_a,estimated,0.25,0.5,5,1596.2,0.023392971413709475,0.006795973165289839,0.5821661419752145,0.014126110345606875,0.7740007993007552,0.01100696097144314
2pl,20,10000,0.0,2pl_n20_p10000_rho+0.0,jml,all_returned,5,5,log_a,estimated,0.5,inf,5,772.4,0.11301372695880632,0.014660393554938787,0.5840524576439245,0.023480178872783367,0.7853063665178587,0.02366695199834531
2pl,20,10000,0.0,2pl_n20_p10000_rho+0.0,jml,all_returned,5,5,a,estimated,0.0,0.5,5,239.6,0.17186905729918825,0.031513692537251586,0.343771183995754,0.03181419141742736,0.7173285947654394,0.12417090076377868
2pl,20,10000,0.0,2pl_n20_p10000_rho+0.0,jml,all_returned,5,5,a,estimated,0.5,0.8,5,2379.4,0.2699333536178946,0.02113846936615087,0.5562944522904024,0.029102255326167854,1.7271350669745,0.1619287877842898
2pl,20,10000,0.0,2pl_n20_p10000_rho+0.0,jml,all_returned,5,5,a,estimated,0.8,1.0,5,2394.0,0.34537825465777205,0.03538494042780691,0.7187814512637929,0.047615836728044245,2.060071215729933,0.17150520572079006
2pl,20,10000,0.0,2pl_n20_p10000_rho+0.0,jml,all_returned,5,5,a,estimated,1.0,1.25,5,2381.8,0.528143471388402,0.049193248764600385,0.9702603075809273,0.05252589937197701,2.778139896439731,0.26240053686115683
2pl,20,10000,0.0,2pl_n20_p10000_rho+0.0,jml,all_returned,5,5,a,estimated,1.25,2.0,5,2360.6,0.8428765713177591,0.04815168997005458,1.4073839180301224,0.05672198694383997,3.817306949793984,0.24987954245506247
2pl,20,10000,0.0,2pl_n20_p10000_rho+0.0,jml,all_returned,5,5,a,estimated,2.0,inf,5,244.6,1.440910050123581,0.14087684938086026,2.202208464956654,0.13631281081318927,4.725094990314945,0.38998044895178596
2pl,20,10000,0.0,2pl_n20_p10000_rho+0.0,tbaem_c,all_returned,5,5,theta,estimated,-inf,-1.5,3,1.6666666666666667,-0.21167199233284337,0.02815920251341956,0.21167199233284337,0.02815920251341956,0.2161462088040584,0.026608254474341363
2pl,20,10000,0.0,2pl_n20_p10000_rho+0.0,tbaem_c,all_returned,5,5,theta,estimated,-1.5,-0.5,5,5.2,-0.08192620083685309,0.005995352690156776,0.08192620083685309,0.005995352690156776,0.08861169110746558,0.005561247380635305
2pl,20,10000,0.0,2pl_n20_p10000_rho+0.0,tbaem_c,all_returned,5,5,theta,estimated,-0.5,0.5,5,8.0,-0.004224637686516763,0.008558531884419244,0.031159699398468844,0.004168708888821627,0.03812436560646049,0.004190713948567621
2pl,20,10000,0.0,2pl_n20_p10000_rho+0.0,tbaem_c,all_returned,5,5,theta,estimated,0.5,1.5,5,3.8,0.07539698876989652,0.013655528151058962,0.07539698876989652,0.013655528151058962,0.08421206519563236,0.01129710879787011
2pl,20,10000,0.0,2pl_n20_p10000_rho+0.0,tbaem_c,all_returned,5,5,theta,estimated,1.5,inf,4,2.5,0.20482200358786953,0.02320344949927301,0.20482200358786953,0.02320344949927301,0.2165633626582837,0.023199108373685075
2pl,20,10000,0.0,2pl_n20_p10000_rho+0.0,tbaem_c,all_returned,5,5,b,estimated,-inf,-1.0,5,1052.6,0.38648350430996836,0.006195848096036766,0.47661195529307887,0.004816172703119786,0.593500543588103,0.006358218492727462
2pl,20,10000,0.0,2pl_n20_p10000_rho+0.0,tbaem_c,all_returned,5,5,b,estimated,-1.0,-0.5,5,1605.8,0.17056341397326408,0.004887022106229793,0.3571300500849111,0.0025856906157332342,0.4506055883269081,0.002919749926717164
2pl,20,10000,0.0,2pl_n20_p10000_rho+0.0,tbaem_c,all_returned,5,5,b,estimated,-0.5,0.0,5,2337.2,0.046726282235232265,0.004701208007788052,0.3314746407784868,0.0028150457228730942,0.4166730594636409,0.0039216089559296835
2pl,20,10000,0.0,2pl_n20_p10000_rho+0.0,tbaem_c,all_returned,5,5,b,estimated,0.0,0.5,5,2340.4,-0.0484374744658151,0.005509355437887572,0.3303168329120907,0.001923793475575246,0.416213811789314,0.0023895735468382564
2pl,20,10000,0.0,2pl_n20_p10000_rho+0.0,tbaem_c,all_returned,5,5,b,estimated,0.5,1.0,5,1611.6,-0.16695839321574452,0.0052486449336865155,0.359143939136114,0.003330275392496918,0.45105750607279416,0.004569716269180109
2pl,20,10000,0.0,2pl_n20_p10000_rho+0.0,tbaem_c,all_returned,5,5,b,estimated,1.0,inf,5,1052.4,-0.3865797579944542,0.007672393164629423,0.4725549185833794,0.006081918300517754,0.5882795232458885,0.008358034727093162
2pl,20,10000,0.0,2pl_n20_p10000_rho+0.0,tbaem_c,all_returned,5,5,log_a,estimated,-inf,-0.5,5,757.2,0.5167424556210868,0.0075360839171705,0.5167864035690274,0.0075213215219310245,0.5519675819456139,0.006985073760397076
2pl,20,10000,0.0,2pl_n20_p10000_rho+0.0,tbaem_c,all_returned,5,5,log_a,estimated,-0.5,-0.25,5,1614.4,0.27687904273671926,0.003271354146002096,0.28251980817594324,0.002185879425380375,0.32233901840597967,0.0014771329886457043
2pl,20,10000,0.0,2pl_n20_p10000_rho+0.0,tbaem_c,all_returned,5,5,log_a,estimated,-0.25,0.0,5,2641.4,0.08898603501304211,0.001021325879561962,0.14726973727376763,0.0018344081466989122,0.18293593967448518,0.0018973974019638907
2pl,20,10000,0.0,2pl_n20_p10000_rho+0.0,tbaem_c,all_returned,5,5,log_a,estimated,0.0,0.25,5,2618.4,-0.09099393735191744,0.0020678266244569974,0.14342329488143166,0.0013694592778315863,0.17835294380355357,0.00132091700054765
2pl,20,10000,0.0,2pl_n20_p10000_rho+0.0,tbaem_c,all_returned,5,5,log_a,estimated,0.25,0.5,5,1596.2,-0.2777336610608656,0.0030848292610287016,0.27936002604122256,0.002973742899920188,0.3135452411207759,0.002250392373677471
2pl,20,10000,0.0,2pl_n20_p10000_rho+0.0,tbaem_c,all_returned,5,5,log_a,estimated,0.5,inf,5,772.4,-0.507151082170679,0.0052973835470231274,0.507151082170679,0.0052973835470231274,0.532347709698087,0.005558590666004643
2pl,20,10000,0.0,2pl_n20_p10000_rho+0.0,tbaem_c,all_returned,5,5,a,estimated,0.0,0.5,5,239.6,0.4106272661949661,0.0067473416798545524,0.4106272661949661,0.0067473416798545524,0.43262296156976665,0.00703438936027896
2pl,20,10000,0.0,2pl_n20_p10000_rho+0.0,tbaem_c,all_returned,5,5,a,estimated,0.5,0.8,5,2379.4,0.2465985160417162,0.002850051331987883,0.25089517241093295,0.0024681886882150727,0.2925377114616705,0.002007800821163464
2pl,20,10000,0.0,2pl_n20_p10000_rho+0.0,tbaem_c,all_returned,5,5,a,estimated,0.8,1.0,5,2394.0,0.08464740950143426,0.0008608257803805041,0.1377741096474136,0.0019508513344476258,0.1758094770541058,0.0022361657153278786
2pl,20,10000,0.0,2pl_n20_p10000_rho+0.0,tbaem_c,all_returned,5,5,a,estimated,1.0,1.25,5,2381.8,-0.07963271915071454,0.0022601939204624673,0.1452396517605869,0.0014733364766201288,0.17743882142579717,0.0015328969853246658
2pl,20,10000,0.0,2pl_n20_p10000_rho+0.0,tbaem_c,all_returned,5,5,a,estimated,1.25,2.0,5,2360.6,-0.3919133653956475,0.003215883145913283,0.39488077894639423,0.00316719508201431,0.44671136471444706,0.0027144233936380866
2pl,20,10000,0.0,2pl_n20_p10000_rho+0.0,tbaem_c,all_returned,5,5,a,estimated,2.0,inf,5,244.6,-1.1016896187856149,0.011017816610161841,1.1016896187856149,0.011017816610161841,1.1409159352012426,0.01303818542462722
2pl,20,10000,0.0,2pl_n20_p10000_rho+0.0,tbaem_c,rule_stable,5,5,theta,estimated,-inf,-1.5,3,1.6666666666666667,-0.21167199233284337,0.02815920251341956,0.21167199233284337,0.02815920251341956,0.2161462088040584,0.026608254474341363
2pl,20,10000,0.0,2pl_n20_p10000_rho+0.0,tbaem_c,rule_stable,5,5,theta,estimated,-1.5,-0.5,5,5.2,-0.08192620083685309,0.005995352690156776,0.08192620083685309,0.005995352690156776,0.08861169110746558,0.005561247380635305
2pl,20,10000,0.0,2pl_n20_p10000_rho+0.0,tbaem_c,rule_stable,5,5,theta,estimated,-0.5,0.5,5,8.0,-0.004224637686516763,0.008558531884419244,0.031159699398468844,0.004168708888821627,0.03812436560646049,0.004190713948567621
2pl,20,10000,0.0,2pl_n20_p10000_rho+0.0,tbaem_c,rule_stable,5,5,theta,estimated,0.5,1.5,5,3.8,0.07539698876989652,0.013655528151058962,0.07539698876989652,0.013655528151058962,0.08421206519563236,0.01129710879787011
2pl,20,10000,0.0,2pl_n20_p10000_rho+0.0,tbaem_c,rule_stable,5,5,theta,estimated,1.5,inf,4,2.5,0.20482200358786953,0.02320344949927301,0.20482200358786953,0.02320344949927301,0.2165633626582837,0.023199108373685075
2pl,20,10000,0.0,2pl_n20_p10000_rho+0.0,tbaem_c,rule_stable,5,5,b,estimated,-inf,-1.0,5,1052.6,0.38648350430996836,0.006195848096036766,0.47661195529307887,0.004816172703119786,0.593500543588103,0.006358218492727462
2pl,20,10000,0.0,2pl_n20_p10000_rho+0.0,tbaem_c,rule_stable,5,5,b,estimated,-1.0,-0.5,5,1605.8,0.17056341397326408,0.004887022106229793,0.3571300500849111,0.0025856906157332342,0.4506055883269081,0.002919749926717164
2pl,20,10000,0.0,2pl_n20_p10000_rho+0.0,tbaem_c,rule_stable,5,5,b,estimated,-0.5,0.0,5,2337.2,0.046726282235232265,0.004701208007788052,0.3314746407784868,0.0028150457228730942,0.4166730594636409,0.0039216089559296835
2pl,20,10000,0.0,2pl_n20_p10000_rho+0.0,tbaem_c,rule_stable,5,5,b,estimated,0.0,0.5,5,2340.4,-0.0484374744658151,0.005509355437887572,0.3303168329120907,0.001923793475575246,0.416213811789314,0.0023895735468382564
2pl,20,10000,0.0,2pl_n20_p10000_rho+0.0,tbaem_c,rule_stable,5,5,b,estimated,0.5,1.0,5,1611.6,-0.16695839321574452,0.0052486449336865155,0.359143939136114,0.003330275392496918,0.45105750607279416,0.004569716269180109
2pl,20,10000,0.0,2pl_n20_p10000_rho+0.0,tbaem_c,rule_stable,5,5,b,estimated,1.0,inf,5,1052.4,-0.3865797579944542,0.007672393164629423,0.4725549185833794,0.006081918300517754,0.5882795232458885,0.008358034727093162
2pl,20,10000,0.0,2pl_n20_p10000_rho+0.0,tbaem_c,rule_stable,5,5,log_a,estimated,-inf,-0.5,5,757.2,0.5167424556210868,0.0075360839171705,0.5167864035690274,0.0075213215219310245,0.5519675819456139,0.006985073760397076
2pl,20,10000,0.0,2pl_n20_p10000_rho+0.0,tbaem_c,rule_stable,5,5,log_a,estimated,-0.5,-0.25,5,1614.4,0.27687904273671926,0.003271354146002096,0.28251980817594324,0.002185879425380375,0.32233901840597967,0.0014771329886457043
2pl,20,10000,0.0,2pl_n20_p10000_rho+0.0,tbaem_c,rule_stable,5,5,log_a,estimated,-0.25,0.0,5,2641.4,0.08898603501304211,0.001021325879561962,0.14726973727376763,0.0018344081466989122,0.18293593967448518,0.0018973974019638907
2pl,20,10000,0.0,2pl_n20_p10000_rho+0.0,tbaem_c,rule_stable,5,5,log_a,estimated,0.0,0.25,5,2618.4,-0.09099393735191744,0.0020678266244569974,0.14342329488143166,0.0013694592778315863,0.17835294380355357,0.00132091700054765
2pl,20,10000,0.0,2pl_n20_p10000_rho+0.0,tbaem_c,rule_stable,5,5,log_a,estimated,0.25,0.5,5,1596.2,-0.2777336610608656,0.0030848292610287016,0.27936002604122256,0.002973742899920188,0.3135452411207759,0.002250392373677471
2pl,20,10000,0.0,2pl_n20_p10000_rho+0.0,tbaem_c,rule_stable,5,5,log_a,estimated,0.5,inf,5,772.4,-0.507151082170679,0.0052973835470231274,0.507151082170679,0.0052973835470231274,0.532347709698087,0.005558590666004643
2pl,20,10000,0.0,2pl_n20_p10000_rho+0.0,tbaem_c,rule_stable,5,5,a,estimated,0.0,0.5,5,239.6,0.4106272661949661,0.0067473416798545524,0.4106272661949661,0.0067473416798545524,0.43262296156976665,0.00703438936027896
2pl,20,10000,0.0,2pl_n20_p10000_rho+0.0,tbaem_c,rule_stable,5,5,a,estimated,0.5,0.8,5,2379.4,0.2465985160417162,0.002850051331987883,0.25089517241093295,0.0024681886882150727,0.2925377114616705,0.002007800821163464
2pl,20,10000,0.0,2pl_n20_p10000_rho+0.0,tbaem_c,rule_stable,5,5,a,estimated,0.8,1.0,5,2394.0,0.08464740950143426,0.0008608257803805041,0.1377741096474136,0.0019508513344476258,0.1758094770541058,0.0022361657153278786
2pl,20,10000,0.0,2pl_n20_p10000_rho+0.0,tbaem_c,rule_stable,5,5,a,estimated,1.0,1.25,5,2381.8,-0.07963271915071454,0.0022601939204624673,0.1452396517605869,0.0014733364766201288,0.17743882142579717,0.0015328969853246658
2pl,20,10000,0.0,2pl_n20_p10000_rho+0.0,tbaem_c,rule_stable,5,5,a,estimated,1.25,2.0,5,2360.6,-0.3919133653956475,0.003215883145913283,0.39488077894639423,0.00316719508201431,0.44671136471444706,0.0027144233936380866
2pl,20,10000,0.0,2pl_n20_p10000_rho+0.0,tbaem_c,rule_stable,5,5,a,estimated,2.0,inf,5,244.6,-1.1016896187856149,0.011017816610161841,1.1016896187856149,0.011017816610161841,1.1409159352012426,0.01303818542462722
2pl,20,10000,0.0,2pl_n20_p10000_rho+0.0,tbaem_d,all_returned,5,5,theta,estimated,-inf,-1.5,3,1.6666666666666667,-0.21250928104048192,0.028283307371901878,0.21250928104048192,0.028283307371901878,0.21714968561744227,0.026879840344631915
2pl,20,10000,0.0,2pl_n20_p10000_rho+0.0,tbaem_d,all_returned,5,5,theta,estimated,-1.5,-0.5,5,5.2,-0.08070363885947078,0.005888167294496913,0.08070363885947078,0.005888167294496913,0.08755069979017954,0.0057825690238986795
2pl,20,10000,0.0,2pl_n20_p10000_rho+0.0,tbaem_d,all_returned,5,5,theta,estimated,-0.5,0.5,5,8.0,-0.0023609514143325843,0.008880993381279003,0.03123126289277009,0.004095194902167203,0.03816158631687336,0.0039891748885644875
2pl,20,10000,0.0,2pl_n20_p10000_rho+0.0,tbaem_d,all_returned,5,5,theta,estimated,0.5,1.5,5,3.8,0.07531982258938848,0.013409865703567506,0.07531982258938848,0.013409865703567506,0.08403715390516509,0.011203344703097867
2pl,20,10000,0.0,2pl_n20_p10000_rho+0.0,tbaem_d,all_returned,5,5,theta,estimated,1.5,inf,4,2.5,0.1975444240393534,0.021153115449077973,0.1975444240393534,0.021153115449077973,0.20727240957900597,0.019966672998095836
2pl,20,10000,0.0,2pl_n20_p10000_rho+0.0,tbaem_d,all_returned,5,5,b,estimated,-inf,-1.0,5,1052.6,0.3878675543322931,0.0058819524872815165,0.4770259937026621,0.004799318487631432,0.593755164942024,0.006378424465858457
2pl,20,10000,0.0,2pl_n20_p10000_rho+0.0,tbaem_d,all_returned,5,5,b,estimated,-1.0,-0.5,5,1605.8,0.1713140965138531,0.005093259246889733,0.35674413543593453,0.0024251933614121163,0.45002601181197616,0.0027408105234115613
2pl,20,10000,0.0,2pl_n20_p10000_rho+0.0,tbaem_d,all_returned,5,5,b,estimated,-0.5,0.0,5,2337.2,0.04699568476800194,0.004773338388515537,0.33089063805744273,0.002722051940700632,0.41585724787858547,0.0038024934183260154
2pl,20,10000,0.0,2pl_n20_p10000_rho+0.0,tbaem_d,all_returned,5,5,b,estimated,0.0,0.5,5,2340.4,-0.04871784101746564,0.0054615212064688815,0.3299615235560462,0.001738121918185428,0.41572861622031865,0.002199809977596852
2pl,20,10000,0.0,2pl_n20_p10000_rho+0.0,tbaem_d,all_returned,5,5,b,estimated,0.5,1.0,5,1611.6,-0.16785716346999574,0.005570715388127543,0.3591842789210494,0.003373489519459233,0.45115097535304227,0.004642406767988626
2pl,20,10000,0.0,2pl_n20_p10000_rho+0.0,tbaem_d,all_returned,5,5,b,estimated,1.0,inf,5,1052.4,-0.3877134188529772,0.008230986015271299,0.4733855419770201,0.00655741457031905,0.5892296084619377,0.008901680911201701
2pl,20,10000,0.0,2pl_n20_p10000_rho+0.0,tbaem_d,all_returned,5,5,log_a,estimated,-inf,-0.5,5,757.2,0.5173519275867108,0.007178947668651292,0.517387332182577,0.007167874251754786,0.5522022740413634,0.00682599355590985
2pl,20,10000,0.0,2pl_n20_p10000_rho+0.0,tbaem_d,all_returned,5,5,log_a,estimated,-0.5,-0.25,5,1614.4,0.27708331697412414,0.003201331697372877,0.28247209362267417,0.0022073243779493754,0.3219967200983948,0.0015945088033652037
2pl,20,10000,0.0,2pl_n20_p10000_rho+0.0,tbaem_d,all_returned,5,5,log_a,estimated,-0.25,0.0,5,2641.4,0.0890680583847028,0.0010572093267914044,0.14670451559181408,0.00154969616602708,0.18215944295098196,0.0015794090100429417
2pl,20,10000,0.0,2pl_n20_p10000_rho+0.0,tbaem_d,all_returned,5,5,log_a,estimated,0.0,0.25,5,2618.4,-0.0911933455395362,0.0019819033628171393,0.14296944205305348,0.0014051475360506794,0.17780872756212332,0.0013732261791860436
2pl,20,10000,0.0,2pl_n20_p10000_rho+0.0,tbaem_d,all_returned,5,5,log_a,estimated,0.25,0.5,5,1596.2,-0.27788452762196447,0.0030244732389267267,0.27941052276345657,0.0029300319754091745,0.3134598481969215,0.0022405829309304136
2pl,20,10000,0.0,2pl_n20_p10000_rho+0.0,tbaem_d,all_returned,5,5,log_a,estimated,0.5,inf,5,772.4,-0.5074595333406093,0.005168601619517779,0.5074595333406093,0.005168601619517779,0.5326010356375124,0.00547210227187053
2pl,20,10000,0.0,2pl_n20_p10000_rho+0.0,tbaem_d,all_returned,5,5,a,estimated,0.0,0.5,5,239.6,0.41111299881340785,0.006456612911452222,0.41111299881340785,0.006456612911452222,0.4327341612265086,0.006945721320362463
2pl,20,10000,0.0,2pl_n20_p10000_rho+0.0,tbaem_d,all_returned,5,5,a,estimated,0.5,0.8,5,2379.4,0.24671303321205157,0.002768691571094299,0.25083826358338757,0.002450168609748419,0.29215568612160725,0.002075570931809852
2pl,20,10000,0.0,2pl_n20_p10000_rho+0.0,tbaem_d,all_returned,5,5,a,estimated,0.8,1.0,5,2394.0,0.08453780144783443,0.0008176036175964058,0.13716143167116784,0.0016405294506271033,0.17488461111772222,0.001847840234443893
2pl,20,10000,0.0,2pl_n20_p10000_rho+0.0,tbaem_d,all_returned,5,5,a,estimated,1.0,1.25,5,2381.8,-0.07994657966584383,0.002131319046382763,0.14471129930538904,0.001462945027925438,0.17686806229434002,0.0015665311519862594
2pl,20,10000,0.0,2pl_n20_p10000_rho+0.0,tbaem_d,all_returned,5,5,a,estimated,1.25,2.0,5,2360.6,-0.39221293007181063,0.00312737187820893,0.39504941018276146,0.0031129745107568757,0.4468064929645603,0.0026984997020608505
2pl,20,10000,0.0,2pl_n20_p10000_rho+0.0,tbaem_d,all_returned,5,5,a,estimated,2.0,inf,5,244.6,-1.102242939184926,0.01085236275428065,1.102242939184926,0.01085236275428065,1.1414465555114675,0.012975269070867386
2pl,20,10000,0.0,2pl_n20_p10000_rho+0.0,tbaem_d,rule_stable,5,5,theta,estimated,-inf,-1.5,3,1.6666666666666667,-0.21250928104048192,0.028283307371901878,0.21250928104048192,0.028283307371901878,0.21714968561744227,0.026879840344631915
2pl,20,10000,0.0,2pl_n20_p10000_rho+0.0,tbaem_d,rule_stable,5,5,theta,estimated,-1.5,-0.5,5,5.2,-0.08070363885947078,0.005888167294496913,0.08070363885947078,0.005888167294496913,0.08755069979017954,0.0057825690238986795
2pl,20,10000,0.0,2pl_n20_p10000_rho+0.0,tbaem_d,rule_stable,5,5,theta,estimated,-0.5,0.5,5,8.0,-0.0023609514143325843,0.008880993381279003,0.03123126289277009,0.004095194902167203,0.03816158631687336,0.0039891748885644875
2pl,20,10000,0.0,2pl_n20_p10000_rho+0.0,tbaem_d,rule_stable,5,5,theta,estimated,0.5,1.5,5,3.8,0.07531982258938848,0.013409865703567506,0.07531982258938848,0.013409865703567506,0.08403715390516509,0.011203344703097867
2pl,20,10000,0.0,2pl_n20_p10000_rho+0.0,tbaem_d,rule_stable,5,5,theta,estimated,1.5,inf,4,2.5,0.1975444240393534,0.021153115449077973,0.1975444240393534,0.021153115449077973,0.20727240957900597,0.019966672998095836
2pl,20,10000,0.0,2pl_n20_p10000_rho+0.0,tbaem_d,rule_stable,5,5,b,estimated,-inf,-1.0,5,1052.6,0.3878675543322931,0.0058819524872815165,0.4770259937026621,0.004799318487631432,0.593755164942024,0.006378424465858457
2pl,20,10000,0.0,2pl_n20_p10000_rho+0.0,tbaem_d,rule_stable,5,5,b,estimated,-1.0,-0.5,5,1605.8,0.1713140965138531,0.005093259246889733,0.35674413543593453,0.0024251933614121163,0.45002601181197616,0.0027408105234115613
2pl,20,10000,0.0,2pl_n20_p10000_rho+0.0,tbaem_d,rule_stable,5,5,b,estimated,-0.5,0.0,5,2337.2,0.04699568476800194,0.004773338388515537,0.33089063805744273,0.002722051940700632,0.41585724787858547,0.0038024934183260154
2pl,20,10000,0.0,2pl_n20_p10000_rho+0.0,tbaem_d,rule_stable,5,5,b,estimated,0.0,0.5,5,2340.4,-0.04871784101746564,0.0054615212064688815,0.3299615235560462,0.001738121918185428,0.41572861622031865,0.002199809977596852
2pl,20,10000,0.0,2pl_n20_p10000_rho+0.0,tbaem_d,rule_stable,5,5,b,estimated,0.5,1.0,5,1611.6,-0.16785716346999574,0.005570715388127543,0.3591842789210494,0.003373489519459233,0.45115097535304227,0.004642406767988626
2pl,20,10000,0.0,2pl_n20_p10000_rho+0.0,tbaem_d,rule_stable,5,5,b,estimated,1.0,inf,5,1052.4,-0.3877134188529772,0.008230986015271299,0.4733855419770201,0.00655741457031905,0.5892296084619377,0.008901680911201701
2pl,20,10000,0.0,2pl_n20_p10000_rho+0.0,tbaem_d,rule_stable,5,5,log_a,estimated,-inf,-0.5,5,757.2,0.5173519275867108,0.007178947668651292,0.517387332182577,0.007167874251754786,0.5522022740413634,0.00682599355590985
2pl,20,10000,0.0,2pl_n20_p10000_rho+0.0,tbaem_d,rule_stable,5,5,log_a,estimated,-0.5,-0.25,5,1614.4,0.27708331697412414,0.003201331697372877,0.28247209362267417,0.0022073243779493754,0.3219967200983948,0.0015945088033652037
2pl,20,10000,0.0,2pl_n20_p10000_rho+0.0,tbaem_d,rule_stable,5,5,log_a,estimated,-0.25,0.0,5,2641.4,0.0890680583847028,0.0010572093267914044,0.14670451559181408,0.00154969616602708,0.18215944295098196,0.0015794090100429417
2pl,20,10000,0.0,2pl_n20_p10000_rho+0.0,tbaem_d,rule_stable,5,5,log_a,estimated,0.0,0.25,5,2618.4,-0.0911933455395362,0.0019819033628171393,0.14296944205305348,0.0014051475360506794,0.17780872756212332,0.0013732261791860436
2pl,20,10000,0.0,2pl_n20_p10000_rho+0.0,tbaem_d,rule_stable,5,5,log_a,estimated,0.25,0.5,5,1596.2,-0.27788452762196447,0.0030244732389267267,0.27941052276345657,0.0029300319754091745,0.3134598481969215,0.0022405829309304136
2pl,20,10000,0.0,2pl_n20_p10000_rho+0.0,tbaem_d,rule_stable,5,5,log_a,estimated,0.5,inf,5,772.4,-0.5074595333406093,0.005168601619517779,0.5074595333406093,0.005168601619517779,0.5326010356375124,0.00547210227187053
2pl,20,10000,0.0,2pl_n20_p10000_rho+0.0,tbaem_d,rule_stable,5,5,a,estimated,0.0,0.5,5,239.6,0.41111299881340785,0.006456612911452222,0.41111299881340785,0.006456612911452222,0.4327341612265086,0.006945721320362463
2pl,20,10000,0.0,2pl_n20_p10000_rho+0.0,tbaem_d,rule_stable,5,5,a,estimated,0.5,0.8,5,2379.4,0.24671303321205157,0.002768691571094299,0.25083826358338757,0.002450168609748419,0.29215568612160725,0.002075570931809852
2pl,20,10000,0.0,2pl_n20_p10000_rho+0.0,tbaem_d,rule_stable,5,5,a,estimated,0.8,1.0,5,2394.0,0.08453780144783443,0.0008176036175964058,0.13716143167116784,0.0016405294506271033,0.17488461111772222,0.001847840234443893
2pl,20,10000,0.0,2pl_n20_p10000_rho+0.0,tbaem_d,rule_stable,5,5,a,estimated,1.0,1.25,5,2381.8,-0.07994657966584383,0.002131319046382763,0.14471129930538904,0.001462945027925438,0.17686806229434002,0.0015665311519862594
2pl,20,10000,0.0,2pl_n20_p10000_rho+0.0,tbaem_d,rule_stable,5,5,a,estimated,1.25,2.0,5,2360.6,-0.39221293007181063,0.00312737187820893,0.39504941018276146,0.0031129745107568757,0.4468064929645603,0.0026984997020608505
2pl,20,10000,0.0,2pl_n20_p10000_rho+0.0,tbaem_d,rule_stable,5,5,a,estimated,2.0,inf,5,244.6,-1.102242939184926,0.01085236275428065,1.102242939184926,0.01085236275428065,1.1414465555114675,0.012975269070867386
2pl,20,10000,0.0,2pl_n20_p10000_rho+0.0,vi,all_returned,5,5,theta,estimated,-inf,-1.5,3,1.6666666666666667,-0.24004697438248213,0.03371928634092714,0.24004697438248213,0.03371928634092714,0.24602739741171478,0.03268429369270183
2pl,20,10000,0.0,2pl_n20_p10000_rho+0.0,vi,all_returned,5,5,theta,estimated,-1.5,-0.5,5,5.2,-0.09042808361685409,0.007160027971287774,0.09042808361685409,0.007160027971287774,0.0985558954949244,0.0067801953542830085
2pl,20,10000,0.0,2pl_n20_p10000_rho+0.0,vi,all_returned,5,5,theta,estimated,-0.5,0.5,5,8.0,0.0003406940264010894,0.010161028522280648,0.0326309133271985,0.004587839816821609,0.04077557739511181,0.004274320265380012
2pl,20,10000,0.0,2pl_n20_p10000_rho+0.0,vi,all_returned,5,5,theta,estimated,0.5,1.5,5,3.8,0.08680826902299317,0.012152099457244462,0.08680826902299317,0.012152099457244462,0.09384235657811867,0.011610154443453372
2pl,20,10000,0.0,2pl_n20_p10000_rho+0.0,vi,all_returned,5,5,theta,estimated,1.5,inf,4,2.5,0.22024261968398665,0.02043616786494507,0.22024261968398665,0.02043616786494507,0.2286640675019246,0.01903446122476027
2pl,20,10000,0.0,2pl_n20_p10000_rho+0.0,vi,all_returned,5,5,b,estimated,-inf,-1.0,5,1052.6,0.21582334039188272,0.009429432839229616,0.4509000936409862,0.009320162784602428,0.5684498567703758,0.009482246109646644
2pl,20,10000,0.0,2pl_n20_p10000_rho+0.0,vi,all_returned,5,5,b,estimated,-1.0,-0.5,5,1605.8,0.08479105664995094,0.0005837496764274293,0.38833542409970423,0.002897611867772312,0.49141965653902914,0.003112809683736892
2pl,20,10000,0.0,2pl_n20_p10000_rho+0.0,vi,all_returned,5,5,b,estimated,-0.5,0.0,5,2337.2,0.015433465283561076,0.0031890115726717814,0.37875468979134325,0.0054879751855266045,0.47970539625164,0.00688273855950624
2pl,20,10000,0.0,2pl_n20_p10000_rho+0.0,vi,all_returned,5,5,b,estimated,0.0,0.5,5,2340.4,-0.023539071850941774,0.004351254586913679,0.3807211073808715,0.00521867113480074,0.48356719373413415,0.006581122080053006
2pl,20,10000,0.0,2pl_n20_p10000_rho+0.0,vi,all_returned,5,5,b,estimated,0.5,1.0,5,1611.6,-0.08054210061544942,0.0028586764837230834,0.39972599844857515,0.006761419298199309,0.5024956719644984,0.00874428783201236
2pl,20,10000,0.0,2pl_n20_p10000_rho+0.0,vi,all_returned,5,5,b,estimated,1.0,inf,5,1052.4,-0.20317194296168747,0.0029002591479364913,0.45231176166532594,0.00898074422564852,0.5683250931170665,0.009815275944612425
2pl,20,10000,0.0,2pl_n20_p10000_rho+0.0,vi,all_returned,5,5,log_a,estimated,-inf,-0.5,5,757.2,0.4225235641246762,0.01199463585587605,0.4307217595445554,0.010697886078098458,0.5022004912721767,0.009936348113642891
2pl,20,10000,0.0,2pl_n20_p10000_rho+0.0,vi,all_returned,5,5,log_a,estimated,-0.5,-0.25,5,1614.4,0.21921258577477482,0.005623917543950451,0.2709588606044339,0.0021390590207194496,0.3404828034972732,0.0016041182680253281
2pl,20,10000,0.0,2pl_n20_p10000_rho+0.0,vi,all_returned,5,5,log_a,estimated,-0.25,0.0,5,2641.4,0.0640091207817126,0.001973990154221462,0.21206839083904921,0.0023061221692762647,0.26774234965441496,0.002004383833677357
2pl,20,10000,0.0,2pl_n20_p10000_rho+0.0,vi,all_returned,5,5,log_a,estimated,0.0,0.25,5,2618.4,-0.07431818153420483,0.0032098678668401708,0.21781540281152817,0.0029725739739562564,0.2675016238928748,0.003259315034693029
2pl,20,10000,0.0,2pl_n20_p10000_rho+0.0,vi,all_returned,5,5,log_a,estimated,0.25,0.5,5,1596.2,-0.2191184490513316,0.0064498415509685915,0.27366476250093064,0.0025106210110791465,0.3325939408585849,0.0020938396852863833
2pl,20,10000,0.0,2pl_n20_p10000_rho+0.0,vi,all_returned,5,5,log_a,estimated,0.5,inf,5,772.4,-0.3864570052634703,0.00894949012288613,0.3953040644752856,0.008506914385152671,0.45403638411811714,0.008233289042349852
2pl,20,10000,0.0,2pl_n20_p10000_rho+0.0,vi,all_returned,5,5,a,estimated,0.0,0.5,5,239.6,0.33486993009623545,0.01157884872420847,0.33508215083557646,0.011485568278939614,0.39139072862165414,0.013906297521513051
2pl,20,10000,0.0,2pl_n20_p10000_rho+0.0,vi,all_returned,5,5,a,estimated,0.5,0.8,5,2379.4,0.2096869532557414,0.004863603920621387,0.24133541738455894,0.0030134024402833194,0.3228990611918084,0.0016863459156146508
2pl,20,10000,0.0,2pl_n20_p10000_rho+0.0,vi,all_returned,5,5,a,estimated,0.8,1.0,5,2394.0,0.08467578268373574,0.001207823281824004,0.20692559419691894,0.0023953823067740534,0.2796726359857069,0.002934235175099303
2pl,20,10000,0.0,2pl_n20_p10000_rho+0.0,vi,all_returned,5,5,a,estimated,1.0,1.25,5,2381.8,-0.040823527185739006,0.0037894582288525236,0.23168197559388223,0.003730524426853482,0.2871796456704421,0.0049346946461535654
2pl,20,10000,0.0,2pl_n20_p10000_rho+0.0,vi,all_returned,5,5,a,estimated,1.25,2.0,5,2360.6,-0.2880608898820596,0.008128375133866841,0.36591040181463785,0.002795869151052913,0.4325706453524696,0.002764086959196818
2pl,20,10000,0.0,2pl_n20_p10000_rho+0.0,vi,all_returned,5,5,a,estimated,2.0,inf,5,244.6,-0.883991936221354,0.020859573135340776,0.8856681118572528,0.02071725917995426,0.9592870064428018,0.020819812487658653
2pl,20,10000,0.0,2pl_n20_p10000_rho+0.0,vi,rule_stable,5,5,theta,estimated,-inf,-1.5,3,1.6666666666666667,-0.24004697438248213,0.03371928634092714,0.24004697438248213,0.03371928634092714,0.24602739741171478,0.03268429369270183
2pl,20,10000,0.0,2pl_n20_p10000_rho+0.0,vi,rule_stable,5,5,theta,estimated,-1.5,-0.5,5,5.2,-0.09042808361685409,0.007160027971287774,0.09042808361685409,0.007160027971287774,0.0985558954949244,0.0067801953542830085
2pl,20,10000,0.0,2pl_n20_p10000_rho+0.0,vi,rule_stable,5,5,theta,estimated,-0.5,0.5,5,8.0,0.0003406940264010894,0.010161028522280648,0.0326309133271985,0.004587839816821609,0.04077557739511181,0.004274320265380012
2pl,20,10000,0.0,2pl_n20_p10000_rho+0.0,vi,rule_stable,5,5,theta,estimated,0.5,1.5,5,3.8,0.08680826902299317,0.012152099457244462,0.08680826902299317,0.012152099457244462,0.09384235657811867,0.011610154443453372
2pl,20,10000,0.0,2pl_n20_p10000_rho+0.0,vi,rule_stable,5,5,theta,estimated,1.5,inf,4,2.5,0.22024261968398665,0.02043616786494507,0.22024261968398665,0.02043616786494507,0.2286640675019246,0.01903446122476027
2pl,20,10000,0.0,2pl_n20_p10000_rho+0.0,vi,rule_stable,5,5,b,estimated,-inf,-1.0,5,1052.6,0.21582334039188272,0.009429432839229616,0.4509000936409862,0.009320162784602428,0.5684498567703758,0.009482246109646644
2pl,20,10000,0.0,2pl_n20_p10000_rho+0.0,vi,rule_stable,5,5,b,estimated,-1.0,-0.5,5,1605.8,0.08479105664995094,0.0005837496764274293,0.38833542409970423,0.002897611867772312,0.49141965653902914,0.003112809683736892
2pl,20,10000,0.0,2pl_n20_p10000_rho+0.0,vi,rule_stable,5,5,b,estimated,-0.5,0.0,5,2337.2,0.015433465283561076,0.0031890115726717814,0.37875468979134325,0.0054879751855266045,0.47970539625164,0.00688273855950624
2pl,20,10000,0.0,2pl_n20_p10000_rho+0.0,vi,rule_stable,5,5,b,estimated,0.0,0.5,5,2340.4,-0.023539071850941774,0.004351254586913679,0.3807211073808715,0.00521867113480074,0.48356719373413415,0.006581122080053006
2pl,20,10000,0.0,2pl_n20_p10000_rho+0.0,vi,rule_stable,5,5,b,estimated,0.5,1.0,5,1611.6,-0.08054210061544942,0.0028586764837230834,0.39972599844857515,0.006761419298199309,0.5024956719644984,0.00874428783201236
2pl,20,10000,0.0,2pl_n20_p10000_rho+0.0,vi,rule_stable,5,5,b,estimated,1.0,inf,5,1052.4,-0.20317194296168747,0.0029002591479364913,0.45231176166532594,0.00898074422564852,0.5683250931170665,0.009815275944612425
2pl,20,10000,0.0,2pl_n20_p10000_rho+0.0,vi,rule_stable,5,5,log_a,estimated,-inf,-0.5,5,757.2,0.4225235641246762,0.01199463585587605,0.4307217595445554,0.010697886078098458,0.5022004912721767,0.009936348113642891
2pl,20,10000,0.0,2pl_n20_p10000_rho+0.0,vi,rule_stable,5,5,log_a,estimated,-0.5,-0.25,5,1614.4,0.21921258577477482,0.005623917543950451,0.2709588606044339,0.0021390590207194496,0.3404828034972732,0.0016041182680253281
2pl,20,10000,0.0,2pl_n20_p10000_rho+0.0,vi,rule_stable,5,5,log_a,estimated,-0.25,0.0,5,2641.4,0.0640091207817126,0.001973990154221462,0.21206839083904921,0.0023061221692762647,0.26774234965441496,0.002004383833677357
2pl,20,10000,0.0,2pl_n20_p10000_rho+0.0,vi,rule_stable,5,5,log_a,estimated,0.0,0.25,5,2618.4,-0.07431818153420483,0.0032098678668401708,0.21781540281152817,0.0029725739739562564,0.2675016238928748,0.003259315034693029
2pl,20,10000,0.0,2pl_n20_p10000_rho+0.0,vi,rule_stable,5,5,log_a,estimated,0.25,0.5,5,1596.2,-0.2191184490513316,0.0064498415509685915,0.27366476250093064,0.0025106210110791465,0.3325939408585849,0.0020938396852863833
2pl,20,10000,0.0,2pl_n20_p10000_rho+0.0,vi,rule_stable,5,5,log_a,estimated,0.5,inf,5,772.4,-0.3864570052634703,0.00894949012288613,0.3953040644752856,0.008506914385152671,0.45403638411811714,0.008233289042349852
2pl,20,10000,0.0,2pl_n20_p10000_rho+0.0,vi,rule_stable,5,5,a,estimated,0.0,0.5,5,239.6,0.33486993009623545,0.01157884872420847,0.33508215083557646,0.011485568278939614,0.39139072862165414,0.013906297521513051
2pl,20,10000,0.0,2pl_n20_p10000_rho+0.0,vi,rule_stable,5,5,a,estimated,0.5,0.8,5,2379.4,0.2096869532557414,0.004863603920621387,0.24133541738455894,0.0030134024402833194,0.3228990611918084,0.0016863459156146508
2pl,20,10000,0.0,2pl_n20_p10000_rho+0.0,vi,rule_stable,5,5,a,estimated,0.8,1.0,5,2394.0,0.08467578268373574,0.001207823281824004,0.20692559419691894,0.0023953823067740534,0.2796726359857069,0.002934235175099303
2pl,20,10000,0.0,2pl_n20_p10000_rho+0.0,vi,rule_stable,5,5,a,estimated,1.0,1.25,5,2381.8,-0.040823527185739006,0.0037894582288525236,0.23168197559388223,0.003730524426853482,0.2871796456704421,0.0049346946461535654
2pl,20,10000,0.0,2pl_n20_p10000_rho+0.0,vi,rule_stable,5,5,a,estimated,1.25,2.0,5,2360.6,-0.2880608898820596,0.008128375133866841,0.36591040181463785,0.002795869151052913,0.4325706453524696,0.002764086959196818
2pl,20,10000,0.0,2pl_n20_p10000_rho+0.0,vi,rule_stable,5,5,a,estimated,2.0,inf,5,244.6,-0.883991936221354,0.020859573135340776,0.8856681118572528,0.02071725917995426,0.9592870064428018,0.020819812487658653
2pl,20,10000,0.4,2pl_n20_p10000_rho+0.4,jml,all_returned,5,5,theta,estimated,-inf,-1.5,4,1.5,-0.8634830346410891,0.295433881364228,0.8634830346410891,0.295433881364228,1.007802901125544,0.33358602783363367
2pl,20,10000,0.4,2pl_n20_p10000_rho+0.4,jml,all_returned,5,5,theta,estimated,-1.5,-0.5,5,5.8,-0.14482560135340786,0.010185620448160609,0.14482560135340786,0.010185620448160609,0.16536287454186024,0.011137384407742174
2pl,20,10000,0.4,2pl_n20_p10000_rho+0.4,jml,all_returned,5,5,theta,estimated,-0.5,0.5,5,7.2,-0.02295442867334287,0.027294479491828266,0.05298842187456174,0.013453537497773173,0.06743960975693236,0.013060114482409705
2pl,20,10000,0.4,2pl_n20_p10000_rho+0.4,jml,all_returned,5,5,theta,estimated,0.5,1.5,5,3.8,0.06375164018577092,0.008963179542610368,0.07505486292292085,0.009908831984885994,0.10231390767549375,0.014042222695052077
2pl,20,10000,0.4,2pl_n20_p10000_rho+0.4,jml,all_returned,5,5,theta,estimated,1.5,inf,4,2.5,0.4609254704569218,0.09133655198047654,0.4609254704569218,0.09133655198047654,0.49413465540603413,0.08709346632201972
2pl,20,10000,0.4,2pl_n20_p10000_rho+0.4,jml,all_returned,5,5,b,estimated,-inf,-1.0,5,1051.2,-0.1658185539559185,0.03509984615754042,0.7421575499540732,0.018043960866368086,0.9693205757690029,0.020178497158129277
2pl,20,10000,0.4,2pl_n20_p10000_rho+0.4,jml,all_returned,5,5,b,estimated,-1.0,-0.5,5,1619.4,-0.14930896268779853,0.013972481839476691,0.6353433229361003,0.01364599114847134,0.8609004810168098,0.015526449426951727
2pl,20,10000,0.4,2pl_n20_p10000_rho+0.4,jml,all_returned,5,5,b,estimated,-0.5,0.0,5,2346.6,-0.052502802345988774,0.015468007931768215,0.5714203654191203,0.00679036548742902,0.7853492319383564,0.009750795783360092
2pl,20,10000,0.4,2pl_n20_p10000_rho+0.4,jml,all_returned,5,5,b,estimated,0.0,0.5,5,2327.0,0.04554492631358704,0.01952357057920957,0.546805582702138,0.014378447239386841,0.7516431722741508,0.021603599913073424
2pl,20,10000,0.4,2pl_n20_p10000_rho+0.4,jml,all_returned,5,5,b,estimated,0.5,1.0,5,1594.0,0.13181259433253686,0.0046883720049263776,0.5665202500342135,0.030102027405885162,0.7647358392477218,0.030362311514471187
2pl,20,10000,0.4,2pl_n20_p10000_rho+0.4,jml,all_returned,5,5,b,estimated,1.0,inf,5,1061.8,0.20872992517205513,0.045485862971086005,0.6419198946239797,0.027809518316121395,0.8292088330056335,0.024012543027778784
2pl,20,10000,0.4,2pl_n20_p10000_rho+0.4,jml,all_returned,5,5,log_a,estimated,-inf,-0.5,5,761.8,0.026641164737438005,0.017222578005764166,0.58129678862778,0.00886304761023315,0.7300100697367553,0.013167030556577001
2pl,20,10000,0.4,2pl_n20_p10000_rho+0.4,jml,all_returned,5,5,log_a,estimated,-0.5,-0.25,5,1621.0,-0.03493115186219392,0.011746017968798254,0.5687367130075969,0.005047261402657865,0.7278878499316558,0.005542779044344621
2pl,20,10000,0.4,2pl_n20_p10000_rho+0.4,jml,all_returned,5,5,log_a,estimated,-0.25,0.0,5,2602.6,-0.03186146293134674,0.004543974185657176,0.5571770751471499,0.012006021594550395,0.7302243049542,0.013557020074506704
2pl,20,10000,0.4,2pl_n20_p10000_rho+0.4,jml,all_returned,5,5,log_a,estimated,0.0,0.25,5,2619.8,-0.01753083906141976,0.00928723277417401,0.5582239034705851,0.01259233135992311,0.7424489453352026,0.015830529307357923
2pl,20,10000,0.4,2pl_n20_p10000_rho+0.4,jml,all_returned,5,5,log_a,estimated,0.25,0.5,5,1643.2,0.044050407674667266,0.009250179942585127,0.5561303588071053,0.014551300461387631,0.7520913591731511,0.016718420878292495
2pl,20,10000,0.4,2pl_n20_p10000_rho+0.4,jml,all_returned,5,5,log_a,estimated,0.5,inf,5,751.6,0.12467916642293912,0.020931003776235673,0.5878653074283463,0.008729868881215175,0.8046879599302116,0.015003040681981925
2pl,20,10000,0.4,2pl_n20_p10000_rho+0.4,jml,all_returned,5,5,a,estimated,0.0,0.5,5,234.4,0.17680548194181098,0.014708293575668888,0.3364484095166043,0.012967573031247487,0.563472898578414,0.024229515709012182
2pl,20,10000,0.4,2pl_n20_p10000_rho+0.4,jml,all_returned,5,5,a,estimated,0.5,0.8,5,2386.2,0.21943521745609287,0.01567801912732838,0.4920447061322311,0.01224365723699781,1.365555903287489,0.1332798273626132
2pl,20,10000,0.4,2pl_n20_p10000_rho+0.4,jml,all_returned,5,5,a,estimated,0.8,1.0,5,2364.8,0.31169809671771354,0.015599036563491441,0.672997886461767,0.02184787741063502,2.001735917428729,0.1635093908682531
2pl,20,10000,0.4,2pl_n20_p10000_rho+0.4,jml,all_returned,5,5,a,estimated,1.0,1.25,5,2379.8,0.45306047167736807,0.04252076892497421,0.8994124438881691,0.04303378048535189,2.738600125968212,0.21227131834360505
2pl,20,10000,0.4,2pl_n20_p10000_rho+0.4,jml,all_returned,5,5,a,estimated,1.25,2.0,5,2413.0,0.8518104377233383,0.05570249326477653,1.3924123511200293,0.05489169842055312,3.8047412466453427,0.27169459857891004
2pl,20,10000,0.4,2pl_n20_p10000_rho+0.4,jml,all_returned,5,5,a,estimated,2.0,inf,5,221.8,1.6998720786694388,0.14356425514547974,2.4000342896395734,0.12950330451336112,5.178273065618355,0.34776705973981253
2pl,20,10000,0.4,2pl_n20_p10000_rho+0.4,jml,rule_stable,5,5,theta,estimated,-inf,-1.5,3,1.6666666666666667,-0.5716574800519061,0.0651002910384966,0.5716574800519061,0.0651002910384966,0.5884119637858015,0.07547709019056292
2pl,20,10000,0.4,2pl_n20_p10000_rho+0.4,jml,rule_stable,5,5,theta,estimated,-1.5,-0.5,4,5.75,-0.14755506595684464,0.01266865468341536,0.14755506595684464,0.01266865468341536,0.16781928357149364,0.013813683822780356
2pl,20,10000,0.4,2pl_n20_p10000_rho+0.4,jml,rule_stable,5,5,theta,estimated,-0.5,0.5,4,7.75,-0.04721612150226258,0.016143051746028883,0.047712441682618185,0.015977155786633203,0.058729835598577085,0.01513171645812124
2pl,20,10000,0.4,2pl_n20_p10000_rho+0.4,jml,rule_stable,5,5,theta,estimated,0.5,1.5,4,3.0,0.05747838362862465,0.008264869396154038,0.07160741205006205,0.011993055892468551,0.10386674569837032,0.017746210083551307
2pl,20,10000,0.4,2pl_n20_p10000_rho+0.4,jml,rule_stable,5,5,theta,estimated,1.5,inf,3,3.0,0.5271351789832215,0.08897910119286136,0.5271351789832215,0.08897910119286136,0.5501141875879315,0.08120506033125663
2pl,20,10000,0.4,2pl_n20_p10000_rho+0.4,jml,rule_stable,5,5,b,estimated,-inf,-1.0,4,1051.5,-0.1559942809309,0.043502545132687344,0.7297967196207914,0.016970287623708818,0.9503894824307613,0.009831395958935656
2pl,20,10000,0.4,2pl_n20_p10000_rho+0.4,jml,rule_stable,5,5,b,estimated,-1.0,-0.5,4,1626.25,-0.1366545283487077,0.007648043356761753,0.6272118948624594,0.014147611807142753,0.8485574139504175,0.012487285592039012
2pl,20,10000,0.4,2pl_n20_p10000_rho+0.4,jml,rule_stable,5,5,b,estimated,-0.5,0.0,4,2342.5,-0.0582335508798947,0.0185480363119828,0.570755070125927,0.008724147104991775,0.7855215110576546,0.01258349744223517
2pl,20,10000,0.4,2pl_n20_p10000_rho+0.4,jml,rule_stable,5,5,b,estimated,0.0,0.5,4,2327.5,0.0398614144831845,0.024113188004183245,0.5496000876964695,0.018208536773195488,0.7535692749966367,0.027707771420243017
2pl,20,10000,0.4,2pl_n20_p10000_rho+0.4,jml,rule_stable,5,5,b,estimated,0.5,1.0,4,1591.5,0.13038357118403998,0.0057646516080964525,0.587997429815809,0.02722935923391284,0.7849110697157252,0.028238365218855224
2pl,20,10000,0.4,2pl_n20_p10000_rho+0.4,jml,rule_stable,5,5,b,estimated,1.0,inf,4,1060.75,0.2083309819579836,0.05871973794412971,0.6520471883788473,0.03343668719080165,0.8355034790753695,0.029682265837233785
2pl,20,10000,0.4,2pl_n20_p10000_rho+0.4,jml,rule_stable,5,5,log_a,estimated,-inf,-0.5,4,770.25,0.037884288641860185,0.016842869808638222,0.5878530973257498,0.007699397075765722,0.7404352753124641,0.010112942994862529
2pl,20,10000,0.4,2pl_n20_p10000_rho+0.4,jml,rule_stable,5,5,log_a,estimated,-0.5,-0.25,4,1620.5,-0.03177501578754136,0.014606376644101266,0.5658577070946168,0.005351973564300926,0.7232647623326647,0.004001382196640653
2pl,20,10000,0.4,2pl_n20_p10000_rho+0.4,jml,rule_stable,5,5,log_a,estimated,-0.25,0.0,4,2600.25,-0.03125430126782529,0.005813641445524005,0.5593195378730589,0.01525092390626991,0.730721953420975,0.017478322474215102
2pl,20,10000,0.4,2pl_n20_p10000_rho+0.4,jml,rule_stable,5,5,log_a,estimated,0.0,0.25,4,2603.75,-0.01578898880509027,0.0117770009118208,0.5614683998040504,0.015707750349229596,0.7472349700924241,0.019349682833121433
2pl,20,10000,0.4,2pl_n20_p10000_rho+0.4,jml,rule_stable,5,5,log_a,estimated,0.25,0.5,4,1643.25,0.03875031258320855,0.009787306489504611,0.5592890543189414,0.018337711043143044,0.7556413217078476,0.02098977774752557
2pl,20,10000,0.4,2pl_n20_p10000_rho+0.4,jml,rule_stable,5,5,log_a,estimated,0.5,inf,4,762.0,0.10703202083528789,0.014530724442196809,0.5811671222619155,0.0072278311822445065,0.7914613568875358,0.00955672081571095
2pl,20,10000,0.4,2pl_n20_p10000_rho+0.4,jml,rule_stable,5,5,a,estimated,0.0,0.5,4,234.0,0.18118656124843896,0.018126410014906374,0.3356230458752665,0.01670712049697647,0.5510793422343805,0.027589195038591384
2pl,20,10000,0.4,2pl_n20_p10000_rho+0.4,jml,rule_stable,5,5,a,estimated,0.5,0.8,4,2395.5,0.22844385083434482,0.01656526528679409,0.5003721772386733,0.011587375853952689,1.427277508923924,0.14499307038527323
2pl,20,10000,0.4,2pl_n20_p10000_rho+0.4,jml,rule_stable,5,5,a,estimated,0.8,1.0,4,2361.5,0.3046355267292053,0.017955966829374847,0.6669982641246822,0.02712115653760883,1.8573231755481419,0.1193479273980395
2pl,20,10000,0.4,2pl_n20_p10000_rho+0.4,jml,rule_stable,5,5,a,estimated,1.0,1.25,4,2365.0,0.463265185950551,0.05328976756960867,0.9104317365852529,0.05370415023250768,2.683022432704699,0.27016048475581245
2pl,20,10000,0.4,2pl_n20_p10000_rho+0.4,jml,rule_stable,5,5,a,estimated,1.25,2.0,4,2421.5,0.8206268599170154,0.05958680266509629,1.3705717134823927,0.06501391008948788,3.5847920763644545,0.2300825567539689
2pl,20,10000,0.4,2pl_n20_p10000_rho+0.4,jml,rule_stable,5,5,a,estimated,2.0,inf,4,222.5,1.5814473595216112,0.10477182549262781,2.2854330052415266,0.07786367889029171,4.928040514474614,0.3359061992821705
2pl,20,10000,0.4,2pl_n20_p10000_rho+0.4,tbaem_c,all_returned,5,5,theta,estimated,-inf,-1.5,4,1.5,-0.1591863226410896,0.015153064820747962,0.1591863226410896,0.015153064820747962,0.16191320924783212,0.01476477842763558
2pl,20,10000,0.4,2pl_n20_p10000_rho+0.4,tbaem_c,all_returned,5,5,theta,estimated,-1.5,-0.5,5,5.8,-0.1293846621775694,0.009737345372367767,0.1293846621775694,0.009737345372367767,0.13256125387168866,0.009489415712193762
2pl,20,10000,0.4,2pl_n20_p10000_rho+0.4,tbaem_c,all_returned,5,5,theta,estimated,-0.5,0.5,5,7.2,-0.057986174535146574,0.00895743579925054,0.062158461742653805,0.0075239410801556,0.07033076335260036,0.006845016081303671
2pl,20,10000,0.4,2pl_n20_p10000_rho+0.4,tbaem_c,all_returned,5,5,theta,estimated,0.5,1.5,5,3.8,0.02713915825536096,0.009580640729411696,0.040056126707092334,0.006264737540961729,0.04729021915170628,0.004660844849906912
2pl,20,10000,0.4,2pl_n20_p10000_rho+0.4,tbaem_c,all_returned,5,5,theta,estimated,1.5,inf,4,2.5,0.10449867941085797,0.01990585324083252,0.10449867941085797,0.01990585324083252,0.1114195654750896,0.01936212569756886
2pl,20,10000,0.4,2pl_n20_p10000_rho+0.4,tbaem_c,all_returned,5,5,b,estimated,-inf,-1.0,5,1051.2,0.46653289205257503,0.025150873351767647,0.534162480526347,0.017349145962664,0.666258064402444,0.021075405124695645
2pl,20,10000,0.4,2pl_n20_p10000_rho+0.4,tbaem_c,all_returned,5,5,b,estimated,-1.0,-0.5,5,1619.4,0.16991435140440042,0.009111980649033536,0.36178433558798717,0.0044066471845281415,0.4565746962609369,0.005653935709847798
2pl,20,10000,0.4,2pl_n20_p10000_rho+0.4,tbaem_c,all_returned,5,5,b,estimated,-0.5,0.0,5,2346.6,0.02326812397775787,0.0040630151608665255,0.32749700067482285,0.002855605180879789,0.41182302403282367,0.004117733665195862
2pl,20,10000,0.4,2pl_n20_p10000_rho+0.4,tbaem_c,all_returned,5,5,b,estimated,0.0,0.5,5,2327.0,-0.08501242612142947,0.011698742240519944,0.330987829473932,0.0037651084489790277,0.41513151623248934,0.004326762697641702
2pl,20,10000,0.4,2pl_n20_p10000_rho+0.4,tbaem_c,all_returned,5,5,b,estimated,0.5,1.0,5,1594.0,-0.17547545347004145,0.011543730330157908,0.35067610576964425,0.003814442962519921,0.4409517626282818,0.0047804983515320155
2pl,20,10000,0.4,2pl_n20_p10000_rho+0.4,tbaem_c,all_returned,5,5,b,estimated,1.0,inf,5,1061.8,-0.3231702192585732,0.006597762930859024,0.4144582219156856,0.0036323545217417977,0.5208138338412006,0.005886695722002074
2pl,20,10000,0.4,2pl_n20_p10000_rho+0.4,tbaem_c,all_returned,5,5,log_a,estimated,-inf,-0.5,5,761.8,0.5160068948669139,0.006664386427512907,0.5160378839572205,0.006653129149822235,0.549107849807736,0.006232639923526217
2pl,20,10000,0.4,2pl_n20_p10000_rho+0.4,tbaem_c,all_returned,5,5,log_a,estimated,-0.5,-0.25,5,1621.0,0.2685318345648269,0.0018248032096399238,0.2726982876232843,0.001620113372501051,0.31024987203151455,0.001542725239341379
2pl,20,10000,0.4,2pl_n20_p10000_rho+0.4,tbaem_c,all_returned,5,5,log_a,estimated,-0.25,0.0,5,2602.6,0.08447629355129277,0.0018228220378923806,0.14212269835224722,0.0012444993651686647,0.17716984183354892,0.0015270965639458973
2pl,20,10000,0.4,2pl_n20_p10000_rho+0.4,tbaem_c,all_returned,5,5,log_a,estimated,0.0,0.25,5,2619.8,-0.09698230146501752,0.0015551173594883301,0.14595544308828942,0.000971675103585931,0.18000197619753916,0.0007530573923531055
2pl,20,10000,0.4,2pl_n20_p10000_rho+0.4,tbaem_c,all_returned,5,5,log_a,estimated,0.25,0.5,5,1643.2,-0.2648873296537214,0.003548692552943539,0.26769586654027927,0.003326636049003464,0.3022156995021522,0.0028762757198600693
2pl,20,10000,0.4,2pl_n20_p10000_rho+0.4,tbaem_c,all_returned,5,5,log_a,estimated,0.5,inf,5,751.6,-0.477201363528696,0.007810209963088682,0.477201363528696,0.007810209963088682,0.5034612499976509,0.006898011811694792
2pl,20,10000,0.4,2pl_n20_p10000_rho+0.4,tbaem_c,all_returned,5,5,a,estimated,0.0,0.5,5,234.4,0.41599399446710256,0.004594721693823557,0.41599399446710256,0.004594721693823557,0.43659284484834743,0.0038695213904152504
2pl,20,10000,0.4,2pl_n20_p10000_rho+0.4,tbaem_c,all_returned,5,5,a,estimated,0.5,0.8,5,2386.2,0.2402698279139865,0.002731558391587822,0.24319187796544234,0.0026401656562631266,0.2814326830258223,0.0028297617022037622
2pl,20,10000,0.4,2pl_n20_p10000_rho+0.4,tbaem_c,all_returned,5,5,a,estimated,0.8,1.0,5,2364.8,0.07861131521715317,0.0015666800680227235,0.13205890987899718,0.0016221898899649737,0.1695344494278142,0.0020464942534616035
2pl,20,10000,0.4,2pl_n20_p10000_rho+0.4,tbaem_c,all_returned,5,5,a,estimated,1.0,1.25,5,2379.8,-0.08674501765767659,0.0014361394260371581,0.1477210214438715,0.0007288602702044894,0.17923338345197867,0.0006540565876589465
2pl,20,10000,0.4,2pl_n20_p10000_rho+0.4,tbaem_c,all_returned,5,5,a,estimated,1.25,2.0,5,2413.0,-0.37576852858744186,0.005611321143170283,0.3804545877676775,0.0051677580196906586,0.4326340465141738,0.005423101605543516
2pl,20,10000,0.4,2pl_n20_p10000_rho+0.4,tbaem_c,all_returned,5,5,a,estimated,2.0,inf,5,221.8,-1.0414305325394817,0.008856206346525494,1.0414305325394817,0.008856206346525494,1.085186072075442,0.00689703345776796
2pl,20,10000,0.4,2pl_n20_p10000_rho+0.4,tbaem_c,rule_stable,5,5,theta,estimated,-inf,-1.5,4,1.5,-0.1591863226410896,0.015153064820747962,0.1591863226410896,0.015153064820747962,0.16191320924783212,0.01476477842763558
2pl,20,10000,0.4,2pl_n20_p10000_rho+0.4,tbaem_c,rule_stable,5,5,theta,estimated,-1.5,-0.5,5,5.8,-0.1293846621775694,0.009737345372367767,0.1293846621775694,0.009737345372367767,0.13256125387168866,0.009489415712193762
2pl,20,10000,0.4,2pl_n20_p10000_rho+0.4,tbaem_c,rule_stable,5,5,theta,estimated,-0.5,0.5,5,7.2,-0.057986174535146574,0.00895743579925054,0.062158461742653805,0.0075239410801556,0.07033076335260036,0.006845016081303671
2pl,20,10000,0.4,2pl_n20_p10000_rho+0.4,tbaem_c,rule_stable,5,5,theta,estimated,0.5,1.5,5,3.8,0.02713915825536096,0.009580640729411696,0.040056126707092334,0.006264737540961729,0.04729021915170628,0.004660844849906912
2pl,20,10000,0.4,2pl_n20_p10000_rho+0.4,tbaem_c,rule_stable,5,5,theta,estimated,1.5,inf,4,2.5,0.10449867941085797,0.01990585324083252,0.10449867941085797,0.01990585324083252,0.1114195654750896,0.01936212569756886
2pl,20,10000,0.4,2pl_n20_p10000_rho+0.4,tbaem_c,rule_stable,5,5,b,estimated,-inf,-1.0,5,1051.2,0.46653289205257503,0.025150873351767647,0.534162480526347,0.017349145962664,0.666258064402444,0.021075405124695645
2pl,20,10000,0.4,2pl_n20_p10000_rho+0.4,tbaem_c,rule_stable,5,5,b,estimated,-1.0,-0.5,5,1619.4,0.16991435140440042,0.009111980649033536,0.36178433558798717,0.0044066471845281415,0.4565746962609369,0.005653935709847798
2pl,20,10000,0.4,2pl_n20_p10000_rho+0.4,tbaem_c,rule_stable,5,5,b,estimated,-0.5,0.0,5,2346.6,0.02326812397775787,0.0040630151608665255,0.32749700067482285,0.002855605180879789,0.41182302403282367,0.004117733665195862
2pl,20,10000,0.4,2pl_n20_p10000_rho+0.4,tbaem_c,rule_stable,5,5,b,estimated,0.0,0.5,5,2327.0,-0.08501242612142947,0.011698742240519944,0.330987829473932,0.0037651084489790277,0.41513151623248934,0.004326762697641702
2pl,20,10000,0.4,2pl_n20_p10000_rho+0.4,tbaem_c,rule_stable,5,5,b,estimated,0.5,1.0,5,1594.0,-0.17547545347004145,0.011543730330157908,0.35067610576964425,0.003814442962519921,0.4409517626282818,0.0047804983515320155
2pl,20,10000,0.4,2pl_n20_p10000_rho+0.4,tbaem_c,rule_stable,5,5,b,estimated,1.0,inf,5,1061.8,-0.3231702192585732,0.006597762930859024,0.4144582219156856,0.0036323545217417977,0.5208138338412006,0.005886695722002074
2pl,20,10000,0.4,2pl_n20_p10000_rho+0.4,tbaem_c,rule_stable,5,5,log_a,estimated,-inf,-0.5,5,761.8,0.5160068948669139,0.006664386427512907,0.5160378839572205,0.006653129149822235,0.549107849807736,0.006232639923526217
2pl,20,10000,0.4,2pl_n20_p10000_rho+0.4,tbaem_c,rule_stable,5,5,log_a,estimated,-0.5,-0.25,5,1621.0,0.2685318345648269,0.0018248032096399238,0.2726982876232843,0.001620113372501051,0.31024987203151455,0.001542725239341379
2pl,20,10000,0.4,2pl_n20_p10000_rho+0.4,tbaem_c,rule_stable,5,5,log_a,estimated,-0.25,0.0,5,2602.6,0.08447629355129277,0.0018228220378923806,0.14212269835224722,0.0012444993651686647,0.17716984183354892,0.0015270965639458973
2pl,20,10000,0.4,2pl_n20_p10000_rho+0.4,tbaem_c,rule_stable,5,5,log_a,estimated,0.0,0.25,5,2619.8,-0.09698230146501752,0.0015551173594883301,0.14595544308828942,0.000971675103585931,0.18000197619753916,0.0007530573923531055
2pl,20,10000,0.4,2pl_n20_p10000_rho+0.4,tbaem_c,rule_stable,5,5,log_a,estimated,0.25,0.5,5,1643.2,-0.2648873296537214,0.003548692552943539,0.26769586654027927,0.003326636049003464,0.3022156995021522,0.0028762757198600693
2pl,20,10000,0.4,2pl_n20_p10000_rho+0.4,tbaem_c,rule_stable,5,5,log_a,estimated,0.5,inf,5,751.6,-0.477201363528696,0.007810209963088682,0.477201363528696,0.007810209963088682,0.5034612499976509,0.006898011811694792
2pl,20,10000,0.4,2pl_n20_p10000_rho+0.4,tbaem_c,rule_stable,5,5,a,estimated,0.0,0.5,5,234.4,0.41599399446710256,0.004594721693823557,0.41599399446710256,0.004594721693823557,0.43659284484834743,0.0038695213904152504
2pl,20,10000,0.4,2pl_n20_p10000_rho+0.4,tbaem_c,rule_stable,5,5,a,estimated,0.5,0.8,5,2386.2,0.2402698279139865,0.002731558391587822,0.24319187796544234,0.0026401656562631266,0.2814326830258223,0.0028297617022037622
2pl,20,10000,0.4,2pl_n20_p10000_rho+0.4,tbaem_c,rule_stable,5,5,a,estimated,0.8,1.0,5,2364.8,0.07861131521715317,0.0015666800680227235,0.13205890987899718,0.0016221898899649737,0.1695344494278142,0.0020464942534616035
2pl,20,10000,0.4,2pl_n20_p10000_rho+0.4,tbaem_c,rule_stable,5,5,a,estimated,1.0,1.25,5,2379.8,-0.08674501765767659,0.0014361394260371581,0.1477210214438715,0.0007288602702044894,0.17923338345197867,0.0006540565876589465
2pl,20,10000,0.4,2pl_n20_p10000_rho+0.4,tbaem_c,rule_stable,5,5,a,estimated,1.25,2.0,5,2413.0,-0.37576852858744186,0.005611321143170283,0.3804545877676775,0.0051677580196906586,0.4326340465141738,0.005423101605543516
2pl,20,10000,0.4,2pl_n20_p10000_rho+0.4,tbaem_c,rule_stable,5,5,a,estimated,2.0,inf,5,221.8,-1.0414305325394817,0.008856206346525494,1.0414305325394817,0.008856206346525494,1.085186072075442,0.00689703345776796
2pl,20,10000,0.4,2pl_n20_p10000_rho+0.4,tbaem_d,all_returned,5,5,theta,estimated,-inf,-1.5,4,1.5,-0.13526011888134634,0.009422845728131044,0.13526011888134634,0.009422845728131044,0.13689673397737806,0.009786212845907164
2pl,20,10000,0.4,2pl_n20_p10000_rho+0.4,tbaem_d,all_returned,5,5,theta,estimated,-1.5,-0.5,5,5.8,-0.13293401052539414,0.009297083943211399,0.13293401052539414,0.009297083943211399,0.1360449995358298,0.009144818860949831
2pl,20,10000,0.4,2pl_n20_p10000_rho+0.4,tbaem_d,all_returned,5,5,theta,estimated,-0.5,0.5,5,7.2,-0.07335132427877095,0.012355300373223103,0.07604631159015889,0.011424948076914224,0.08513646113933845,0.00986794538306626
2pl,20,10000,0.4,2pl_n20_p10000_rho+0.4,tbaem_d,all_returned,5,5,theta,estimated,0.5,1.5,5,3.8,0.02071788974739776,0.012648192204467834,0.04433696586754508,0.006750668342569682,0.05122676555142456,0.004907407991993028
2pl,20,10000,0.4,2pl_n20_p10000_rho+0.4,tbaem_d,all_returned,5,5,theta,estimated,1.5,inf,4,2.5,0.1291769491294651,0.026671983657190035,0.1291769491294651,0.026671983657190035,0.13863488875326196,0.02571451280389142
2pl,20,10000,0.4,2pl_n20_p10000_rho+0.4,tbaem_d,all_returned,5,5,b,estimated,-inf,-1.0,5,1051.2,0.46771449337571347,0.027133083613456243,0.5384845216342067,0.019484068580009645,0.6722150836651174,0.023410290296287096
2pl,20,10000,0.4,2pl_n20_p10000_rho+0.4,tbaem_d,all_returned,5,5,b,estimated,-1.0,-0.5,5,1619.4,0.1714752639765072,0.009935470954027543,0.36468395425333855,0.004643038330186271,0.46034223143454056,0.006024274415788943
2pl,20,10000,0.4,2pl_n20_p10000_rho+0.4,tbaem_d,all_returned,5,5,b,estimated,-0.5,0.0,5,2346.6,0.024150054600322927,0.00317808843778964,0.32862068885106555,0.003008462326189491,0.4136533856163493,0.0037452792617800796
2pl,20,10000,0.4,2pl_n20_p10000_rho+0.4,tbaem_d,all_returned,5,5,b,estimated,0.0,0.5,5,2327.0,-0.08581512392118512,0.01213923765794648,0.3320653742376908,0.002647082502782567,0.41577845111134526,0.0030992297649915495
2pl,20,10000,0.4,2pl_n20_p10000_rho+0.4,tbaem_d,all_returned,5,5,b,estimated,0.5,1.0,5,1594.0,-0.1766840019802828,0.012481854172841674,0.3514752723537319,0.0038813898862002857,0.44129741310023246,0.004593886939909186
2pl,20,10000,0.4,2pl_n20_p10000_rho+0.4,tbaem_d,all_returned,5,5,b,estimated,1.0,inf,5,1061.8,-0.3251781363600501,0.005501836469281113,0.4152120045059344,0.003703184936650305,0.5210447142756989,0.005697253841245765
2pl,20,10000,0.4,2pl_n20_p10000_rho+0.4,tbaem_d,all_returned,5,5,log_a,estimated,-inf,-0.5,5,761.8,0.5267809297169112,0.005741642609621843,0.5268414061509619,0.005714023450117538,0.5612475951586564,0.005058457234830704
2pl,20,10000,0.4,2pl_n20_p10000_rho+0.4,tbaem_d,all_returned,5,5,log_a,estimated,-0.5,-0.25,5,1621.0,0.2767024379720595,0.002870628900485333,0.28103432851523663,0.0025850947776424912,0.32021192626992967,0.002392417158679702
2pl,20,10000,0.4,2pl_n20_p10000_rho+0.4,tbaem_d,all_returned,5,5,log_a,estimated,-0.25,0.0,5,2602.6,0.08945303585784611,0.0013475138336437981,0.14632036026520073,0.0010907883672269737,0.18195350327941134,0.0012502390093953313
2pl,20,10000,0.4,2pl_n20_p10000_rho+0.4,tbaem_d,all_returned,5,5,log_a,estimated,0.0,0.25,5,2619.8,-0.09857533120845648,0.0016376802789118522,0.14572542697956997,0.0013224586333187222,0.18062899211354494,0.0013686660810703997
2pl,20,10000,0.4,2pl_n20_p10000_rho+0.4,tbaem_d,all_returned,5,5,log_a,estimated,0.25,0.5,5,1643.2,-0.2741119616093725,0.0027790336773679185,0.2753019195068752,0.002624188013840467,0.30841445149461616,0.002192272670471684
2pl,20,10000,0.4,2pl_n20_p10000_rho+0.4,tbaem_d,all_returned,5,5,log_a,estimated,0.5,inf,5,751.6,-0.4974919447705566,0.0054941355771102795,0.4974919447705566,0.0054941355771102795,0.5216812442545177,0.004943272897206502
2pl,20,10000,0.4,2pl_n20_p10000_rho+0.4,tbaem_d,all_returned,5,5,a,estimated,0.0,0.5,5,234.4,0.4260389195791382,0.0022490689960467645,0.4260389195791382,0.0022490689960467645,0.44857175837258406,0.001820151410735894
2pl,20,10000,0.4,2pl_n20_p10000_rho+0.4,tbaem_d,all_returned,5,5,a,estimated,0.5,0.8,5,2386.2,0.2489460154170861,0.002417023246144791,0.25191630943085286,0.002259578747201389,0.2923886750487978,0.0019212198782935527
2pl,20,10000,0.4,2pl_n20_p10000_rho+0.4,tbaem_d,all_returned,5,5,a,estimated,0.8,1.0,5,2364.8,0.0836388605098046,0.0006291689352900875,0.13627263433441764,0.0014081190768545945,0.1739981117150381,0.001759962514173481
2pl,20,10000,0.4,2pl_n20_p10000_rho+0.4,tbaem_d,all_returned,5,5,a,estimated,1.0,1.25,5,2379.8,-0.08839754851475023,0.0015148436414011996,0.1471561169010077,0.0014582473568185352,0.17903373922229313,0.0014156303512722897
2pl,20,10000,0.4,2pl_n20_p10000_rho+0.4,tbaem_d,all_returned,5,5,a,estimated,1.25,2.0,5,2413.0,-0.38836685263365434,0.003254493271250613,0.3908812084650891,0.0030736453958192327,0.4423928446927915,0.0031819125688632914
2pl,20,10000,0.4,2pl_n20_p10000_rho+0.4,tbaem_d,all_returned,5,5,a,estimated,2.0,inf,5,221.8,-1.0782998562781878,0.00578094506453185,1.0782998562781878,0.00578094506453185,1.121396072066093,0.007183262790496263
2pl,20,10000,0.4,2pl_n20_p10000_rho+0.4,tbaem_d,rule_stable,5,5,theta,estimated,-inf,-1.5,4,1.5,-0.13526011888134634,0.009422845728131044,0.13526011888134634,0.009422845728131044,0.13689673397737806,0.009786212845907164
2pl,20,10000,0.4,2pl_n20_p10000_rho+0.4,tbaem_d,rule_stable,5,5,theta,estimated,-1.5,-0.5,5,5.8,-0.13293401052539414,0.009297083943211399,0.13293401052539414,0.009297083943211399,0.1360449995358298,0.009144818860949831
2pl,20,10000,0.4,2pl_n20_p10000_rho+0.4,tbaem_d,rule_stable,5,5,theta,estimated,-0.5,0.5,5,7.2,-0.07335132427877095,0.012355300373223103,0.07604631159015889,0.011424948076914224,0.08513646113933845,0.00986794538306626
2pl,20,10000,0.4,2pl_n20_p10000_rho+0.4,tbaem_d,rule_stable,5,5,theta,estimated,0.5,1.5,5,3.8,0.02071788974739776,0.012648192204467834,0.04433696586754508,0.006750668342569682,0.05122676555142456,0.004907407991993028
2pl,20,10000,0.4,2pl_n20_p10000_rho+0.4,tbaem_d,rule_stable,5,5,theta,estimated,1.5,inf,4,2.5,0.1291769491294651,0.026671983657190035,0.1291769491294651,0.026671983657190035,0.13863488875326196,0.02571451280389142
2pl,20,10000,0.4,2pl_n20_p10000_rho+0.4,tbaem_d,rule_stable,5,5,b,estimated,-inf,-1.0,5,1051.2,0.46771449337571347,0.027133083613456243,0.5384845216342067,0.019484068580009645,0.6722150836651174,0.023410290296287096
2pl,20,10000,0.4,2pl_n20_p10000_rho+0.4,tbaem_d,rule_stable,5,5,b,estimated,-1.0,-0.5,5,1619.4,0.1714752639765072,0.009935470954027543,0.36468395425333855,0.004643038330186271,0.46034223143454056,0.006024274415788943
2pl,20,10000,0.4,2pl_n20_p10000_rho+0.4,tbaem_d,rule_stable,5,5,b,estimated,-0.5,0.0,5,2346.6,0.024150054600322927,0.00317808843778964,0.32862068885106555,0.003008462326189491,0.4136533856163493,0.0037452792617800796
2pl,20,10000,0.4,2pl_n20_p10000_rho+0.4,tbaem_d,rule_stable,5,5,b,estimated,0.0,0.5,5,2327.0,-0.08581512392118512,0.01213923765794648,0.3320653742376908,0.002647082502782567,0.41577845111134526,0.0030992297649915495
2pl,20,10000,0.4,2pl_n20_p10000_rho+0.4,tbaem_d,rule_stable,5,5,b,estimated,0.5,1.0,5,1594.0,-0.1766840019802828,0.012481854172841674,0.3514752723537319,0.0038813898862002857,0.44129741310023246,0.004593886939909186
2pl,20,10000,0.4,2pl_n20_p10000_rho+0.4,tbaem_d,rule_stable,5,5,b,estimated,1.0,inf,5,1061.8,-0.3251781363600501,0.005501836469281113,0.4152120045059344,0.003703184936650305,0.5210447142756989,0.005697253841245765
2pl,20,10000,0.4,2pl_n20_p10000_rho+0.4,tbaem_d,rule_stable,5,5,log_a,estimated,-inf,-0.5,5,761.8,0.5267809297169112,0.005741642609621843,0.5268414061509619,0.005714023450117538,0.5612475951586564,0.005058457234830704
2pl,20,10000,0.4,2pl_n20_p10000_rho+0.4,tbaem_d,rule_stable,5,5,log_a,estimated,-0.5,-0.25,5,1621.0,0.2767024379720595,0.002870628900485333,0.28103432851523663,0.0025850947776424912,0.32021192626992967,0.002392417158679702
2pl,20,10000,0.4,2pl_n20_p10000_rho+0.4,tbaem_d,rule_stable,5,5,log_a,estimated,-0.25,0.0,5,2602.6,0.08945303585784611,0.0013475138336437981,0.14632036026520073,0.0010907883672269737,0.18195350327941134,0.0012502390093953313
2pl,20,10000,0.4,2pl_n20_p10000_rho+0.4,tbaem_d,rule_stable,5,5,log_a,estimated,0.0,0.25,5,2619.8,-0.09857533120845648,0.0016376802789118522,0.14572542697956997,0.0013224586333187222,0.18062899211354494,0.0013686660810703997
2pl,20,10000,0.4,2pl_n20_p10000_rho+0.4,tbaem_d,rule_stable,5,5,log_a,estimated,0.25,0.5,5,1643.2,-0.2741119616093725,0.0027790336773679185,0.2753019195068752,0.002624188013840467,0.30841445149461616,0.002192272670471684
2pl,20,10000,0.4,2pl_n20_p10000_rho+0.4,tbaem_d,rule_stable,5,5,log_a,estimated,0.5,inf,5,751.6,-0.4974919447705566,0.0054941355771102795,0.4974919447705566,0.0054941355771102795,0.5216812442545177,0.004943272897206502
2pl,20,10000,0.4,2pl_n20_p10000_rho+0.4,tbaem_d,rule_stable,5,5,a,estimated,0.0,0.5,5,234.4,0.4260389195791382,0.0022490689960467645,0.4260389195791382,0.0022490689960467645,0.44857175837258406,0.001820151410735894
2pl,20,10000,0.4,2pl_n20_p10000_rho+0.4,tbaem_d,rule_stable,5,5,a,estimated,0.5,0.8,5,2386.2,0.2489460154170861,0.002417023246144791,0.25191630943085286,0.002259578747201389,0.2923886750487978,0.0019212198782935527
2pl,20,10000,0.4,2pl_n20_p10000_rho+0.4,tbaem_d,rule_stable,5,5,a,estimated,0.8,1.0,5,2364.8,0.0836388605098046,0.0006291689352900875,0.13627263433441764,0.0014081190768545945,0.1739981117150381,0.001759962514173481
2pl,20,10000,0.4,2pl_n20_p10000_rho+0.4,tbaem_d,rule_stable,5,5,a,estimated,1.0,1.25,5,2379.8,-0.08839754851475023,0.0015148436414011996,0.1471561169010077,0.0014582473568185352,0.17903373922229313,0.0014156303512722897
2pl,20,10000,0.4,2pl_n20_p10000_rho+0.4,tbaem_d,rule_stable,5,5,a,estimated,1.25,2.0,5,2413.0,-0.38836685263365434,0.003254493271250613,0.3908812084650891,0.0030736453958192327,0.4423928446927915,0.0031819125688632914
2pl,20,10000,0.4,2pl_n20_p10000_rho+0.4,tbaem_d,rule_stable,5,5,a,estimated,2.0,inf,5,221.8,-1.0782998562781878,0.00578094506453185,1.0782998562781878,0.00578094506453185,1.121396072066093,0.007183262790496263
2pl,20,10000,0.4,2pl_n20_p10000_rho+0.4,vi,all_returned,5,5,theta,estimated,-inf,-1.5,4,1.5,-0.16467833298263526,0.011662871382167926,0.16467833298263526,0.011662871382167926,0.16623866650647914,0.01135267617556681
2pl,20,10000,0.4,2pl_n20_p10000_rho+0.4,vi,all_returned,5,5,theta,estimated,-1.5,-0.5,5,5.8,-0.13806808222278222,0.012867543721012606,0.13806808222278222,0.012867543721012606,0.14220187046072946,0.012885104610470523
2pl,20,10000,0.4,2pl_n20_p10000_rho+0.4,vi,all_returned,5,5,theta,estimated,-0.5,0.5,5,7.2,-0.06378741496412492,0.015316179831553567,0.07100628900644372,0.01159133681263244,0.08018566725268218,0.010759647869298339
2pl,20,10000,0.4,2pl_n20_p10000_rho+0.4,vi,all_returned,5,5,theta,estimated,0.5,1.5,5,3.8,0.039244583999093856,0.018062232649903365,0.056726583016194446,0.012159523598190301,0.06789972754024579,0.010220134048318544
2pl,20,10000,0.4,2pl_n20_p10000_rho+0.4,vi,all_returned,5,5,theta,estimated,1.5,inf,4,2.5,0.15398080043245022,0.02688824120709515,0.15398080043245022,0.02688824120709515,0.16182561603752568,0.026523122136871122
2pl,20,10000,0.4,2pl_n20_p10000_rho+0.4,vi,all_returned,5,5,b,estimated,-inf,-1.0,5,1051.2,0.3021118973341041,0.022051873724438998,0.49613079417665373,0.016935159306772262,0.6314260860022975,0.021550427946239088
2pl,20,10000,0.4,2pl_n20_p10000_rho+0.4,vi,all_returned,5,5,b,estimated,-1.0,-0.5,5,1619.4,0.07824987640555084,0.008775837627561704,0.40127881188112485,0.005976688647571367,0.5080933492552807,0.007719422258591983
2pl,20,10000,0.4,2pl_n20_p10000_rho+0.4,vi,all_returned,5,5,b,estimated,-0.5,0.0,5,2346.6,-0.01004574893501844,0.0037150308765423715,0.3816795839016958,0.003134619547460259,0.48375541756880697,0.003939775370313776
2pl,20,10000,0.4,2pl_n20_p10000_rho+0.4,vi,all_returned,5,5,b,estimated,0.0,0.5,5,2327.0,-0.06162006579188141,0.009584127918530002,0.38141960722163765,0.002211112421195579,0.48092442193088564,0.0026182257009399958
2pl,20,10000,0.4,2pl_n20_p10000_rho+0.4,vi,all_returned,5,5,b,estimated,0.5,1.0,5,1594.0,-0.08862668761462096,0.010372152093681137,0.3872343232177392,0.007735128666796226,0.4889548334354353,0.009684379705724945
2pl,20,10000,0.4,2pl_n20_p10000_rho+0.4,vi,all_returned,5,5,b,estimated,1.0,inf,5,1061.8,-0.12876176940967482,0.005929857687837427,0.4060658969097878,0.008210037420568578,0.5134603935178449,0.009402205651192486
2pl,20,10000,0.4,2pl_n20_p10000_rho+0.4,vi,all_returned,5,5,log_a,estimated,-inf,-0.5,5,761.8,0.43429140026469615,0.0061653289469189645,0.44039221620781255,0.00588831774390034,0.5122102254155823,0.0055183640090177705
2pl,20,10000,0.4,2pl_n20_p10000_rho+0.4,vi,all_returned,5,5,log_a,estimated,-0.5,-0.25,5,1621.0,0.2150196445477853,0.003248130196398196,0.26504899018139866,0.0036284614286492163,0.33667374169542125,0.004143569970916678
2pl,20,10000,0.4,2pl_n20_p10000_rho+0.4,vi,all_returned,5,5,log_a,estimated,-0.25,0.0,5,2602.6,0.06360393168363589,0.0015130027462992952,0.21287446480870376,0.0017503038289198175,0.26912875575114326,0.0021151185663081623
2pl,20,10000,0.4,2pl_n20_p10000_rho+0.4,vi,all_returned,5,5,log_a,estimated,0.0,0.25,5,2619.8,-0.08531127168663444,0.002327703467546203,0.22242584709809257,0.0024265549330556913,0.27194972241813875,0.0028926137503166526
2pl,20,10000,0.4,2pl_n20_p10000_rho+0.4,vi,all_returned,5,5,log_a,estimated,0.25,0.5,5,1643.2,-0.20958848383243608,0.0036096370976921185,0.26674445758031134,0.0023887186247790663,0.3252745423980512,0.002982635530063747
2pl,20,10000,0.4,2pl_n20_p10000_rho+0.4,vi,all_returned,5,5,log_a,estimated,0.5,inf,5,751.6,-0.3684293647060294,0.007260970229522145,0.3794158625528567,0.006165430108958452,0.4394460403139731,0.005141607649652233
2pl,20,10000,0.4,2pl_n20_p10000_rho+0.4,vi,all_returned,5,5,a,estimated,0.0,0.5,5,234.4,0.3529795091160177,0.0043784635160480975,0.35331227785270747,0.0043745384381228365,0.41239749958189426,0.0044121152843286
2pl,20,10000,0.4,2pl_n20_p10000_rho+0.4,vi,all_returned,5,5,a,estimated,0.5,0.8,5,2386.2,0.2102493828339787,0.003410235837026368,0.23922006908226603,0.0033005407560478235,0.32256024526539634,0.004046896486794973
2pl,20,10000,0.4,2pl_n20_p10000_rho+0.4,vi,all_returned,5,5,a,estimated,0.8,1.0,5,2364.8,0.08267772546480717,0.0011075492409457729,0.207627539599842,0.001796724046914431,0.280770858731362,0.0029148017611585245
2pl,20,10000,0.4,2pl_n20_p10000_rho+0.4,vi,all_returned,5,5,a,estimated,1.0,1.25,5,2379.8,-0.05355411141959967,0.0016984450444415618,0.23449953713682642,0.0022129298117737977,0.2882872114115531,0.0030267634232586235
2pl,20,10000,0.4,2pl_n20_p10000_rho+0.4,vi,all_returned,5,5,a,estimated,1.25,2.0,5,2413.0,-0.27711326860625657,0.006005376758062132,0.3598131803498153,0.003243485313177249,0.42712739596581906,0.004109857844215772
2pl,20,10000,0.4,2pl_n20_p10000_rho+0.4,vi,all_returned,5,5,a,estimated,2.0,inf,5,221.8,-0.830536391148722,0.008039791295790672,0.8333331766241677,0.007931138714791522,0.9146981664115433,0.0050906209616483405
2pl,20,10000,0.4,2pl_n20_p10000_rho+0.4,vi,rule_stable,5,5,theta,estimated,-inf,-1.5,4,1.5,-0.16467833298263526,0.011662871382167926,0.16467833298263526,0.011662871382167926,0.16623866650647914,0.01135267617556681
2pl,20,10000,0.4,2pl_n20_p10000_rho+0.4,vi,rule_stable,5,5,theta,estimated,-1.5,-0.5,5,5.8,-0.13806808222278222,0.012867543721012606,0.13806808222278222,0.012867543721012606,0.14220187046072946,0.012885104610470523
2pl,20,10000,0.4,2pl_n20_p10000_rho+0.4,vi,rule_stable,5,5,theta,estimated,-0.5,0.5,5,7.2,-0.06378741496412492,0.015316179831553567,0.07100628900644372,0.01159133681263244,0.08018566725268218,0.010759647869298339
2pl,20,10000,0.4,2pl_n20_p10000_rho+0.4,vi,rule_stable,5,5,theta,estimated,0.5,1.5,5,3.8,0.039244583999093856,0.018062232649903365,0.056726583016194446,0.012159523598190301,0.06789972754024579,0.010220134048318544
2pl,20,10000,0.4,2pl_n20_p10000_rho+0.4,vi,rule_stable,5,5,theta,estimated,1.5,inf,4,2.5,0.15398080043245022,0.02688824120709515,0.15398080043245022,0.02688824120709515,0.16182561603752568,0.026523122136871122
2pl,20,10000,0.4,2pl_n20_p10000_rho+0.4,vi,rule_stable,5,5,b,estimated,-inf,-1.0,5,1051.2,0.3021118973341041,0.022051873724438998,0.49613079417665373,0.016935159306772262,0.6314260860022975,0.021550427946239088
2pl,20,10000,0.4,2pl_n20_p10000_rho+0.4,vi,rule_stable,5,5,b,estimated,-1.0,-0.5,5,1619.4,0.07824987640555084,0.008775837627561704,0.40127881188112485,0.005976688647571367,0.5080933492552807,0.007719422258591983
2pl,20,10000,0.4,2pl_n20_p10000_rho+0.4,vi,rule_stable,5,5,b,estimated,-0.5,0.0,5,2346.6,-0.01004574893501844,0.0037150308765423715,0.3816795839016958,0.003134619547460259,0.48375541756880697,0.003939775370313776
2pl,20,10000,0.4,2pl_n20_p10000_rho+0.4,vi,rule_stable,5,5,b,estimated,0.0,0.5,5,2327.0,-0.06162006579188141,0.009584127918530002,0.38141960722163765,0.002211112421195579,0.48092442193088564,0.0026182257009399958
2pl,20,10000,0.4,2pl_n20_p10000_rho+0.4,vi,rule_stable,5,5,b,estimated,0.5,1.0,5,1594.0,-0.08862668761462096,0.010372152093681137,0.3872343232177392,0.007735128666796226,0.4889548334354353,0.009684379705724945
2pl,20,10000,0.4,2pl_n20_p10000_rho+0.4,vi,rule_stable,5,5,b,estimated,1.0,inf,5,1061.8,-0.12876176940967482,0.005929857687837427,0.4060658969097878,0.008210037420568578,0.5134603935178449,0.009402205651192486
2pl,20,10000,0.4,2pl_n20_p10000_rho+0.4,vi,rule_stable,5,5,log_a,estimated,-inf,-0.5,5,761.8,0.43429140026469615,0.0061653289469189645,0.44039221620781255,0.00588831774390034,0.5122102254155823,0.0055183640090177705
2pl,20,10000,0.4,2pl_n20_p10000_rho+0.4,vi,rule_stable,5,5,log_a,estimated,-0.5,-0.25,5,1621.0,0.2150196445477853,0.003248130196398196,0.26504899018139866,0.0036284614286492163,0.33667374169542125,0.004143569970916678
2pl,20,10000,0.4,2pl_n20_p10000_rho+0.4,vi,rule_stable,5,5,log_a,estimated,-0.25,0.0,5,2602.6,0.06360393168363589,0.0015130027462992952,0.21287446480870376,0.0017503038289198175,0.26912875575114326,0.0021151185663081623
2pl,20,10000,0.4,2pl_n20_p10000_rho+0.4,vi,rule_stable,5,5,log_a,estimated,0.0,0.25,5,2619.8,-0.08531127168663444,0.002327703467546203,0.22242584709809257,0.0024265549330556913,0.27194972241813875,0.0028926137503166526
2pl,20,10000,0.4,2pl_n20_p10000_rho+0.4,vi,rule_stable,5,5,log_a,estimated,0.25,0.5,5,1643.2,-0.20958848383243608,0.0036096370976921185,0.26674445758031134,0.0023887186247790663,0.3252745423980512,0.002982635530063747
2pl,20,10000,0.4,2pl_n20_p10000_rho+0.4,vi,rule_stable,5,5,log_a,estimated,0.5,inf,5,751.6,-0.3684293647060294,0.007260970229522145,0.3794158625528567,0.006165430108958452,0.4394460403139731,0.005141607649652233
2pl,20,10000,0.4,2pl_n20_p10000_rho+0.4,vi,rule_stable,5,5,a,estimated,0.0,0.5,5,234.4,0.3529795091160177,0.0043784635160480975,0.35331227785270747,0.0043745384381228365,0.41239749958189426,0.0044121152843286
2pl,20,10000,0.4,2pl_n20_p10000_rho+0.4,vi,rule_stable,5,5,a,estimated,0.5,0.8,5,2386.2,0.2102493828339787,0.003410235837026368,0.23922006908226603,0.0033005407560478235,0.32256024526539634,0.004046896486794973
2pl,20,10000,0.4,2pl_n20_p10000_rho+0.4,vi,rule_stable,5,5,a,estimated,0.8,1.0,5,2364.8,0.08267772546480717,0.0011075492409457729,0.207627539599842,0.001796724046914431,0.280770858731362,0.0029148017611585245
2pl,20,10000,0.4,2pl_n20_p10000_rho+0.4,vi,rule_stable,5,5,a,estimated,1.0,1.25,5,2379.8,-0.05355411141959967,0.0016984450444415618,0.23449953713682642,0.0022129298117737977,0.2882872114115531,0.0030267634232586235
2pl,20,10000,0.4,2pl_n20_p10000_rho+0.4,vi,rule_stable,5,5,a,estimated,1.25,2.0,5,2413.0,-0.27711326860625657,0.006005376758062132,0.3598131803498153,0.003243485313177249,0.42712739596581906,0.004109857844215772
2pl,20,10000,0.4,2pl_n20_p10000_rho+0.4,vi,rule_stable,5,5,a,estimated,2.0,inf,5,221.8,-0.830536391148722,0.008039791295790672,0.8333331766241677,0.007931138714791522,0.9146981664115433,0.0050906209616483405
2pl,20,10000,-0.4,2pl_n20_p10000_rho-0.4,jml,all_returned,5,5,theta,estimated,-inf,-1.5,5,2.2,-0.7199427614227526,0.1945718783284763,0.7199427614227526,0.1945718783284763,0.9253916899481696,0.23725904825462035
2pl,20,10000,-0.4,2pl_n20_p10000_rho-0.4,jml,all_returned,5,5,theta,estimated,-1.5,-0.5,5,6.2,-0.0566875938257164,0.04334411136598819,0.10134179699201758,0.023635326623299584,0.12770080498581027,0.025158200075956143
2pl,20,10000,-0.4,2pl_n20_p10000_rho-0.4,jml,all_returned,5,5,theta,estimated,-0.5,0.5,5,7.4,0.03240096541562624,0.009436806905956448,0.0393360973362611,0.007018492325973785,0.04809751180512433,0.0074536198732446214
2pl,20,10000,-0.4,2pl_n20_p10000_rho-0.4,jml,all_returned,5,5,theta,estimated,0.5,1.5,5,3.6,0.10792681510899275,0.03095918963537643,0.11500795912323372,0.028685325622484242,0.15343398823550086,0.025226307494124876
2pl,20,10000,-0.4,2pl_n20_p10000_rho-0.4,jml,all_returned,5,5,theta,estimated,1.5,inf,2,1.5,1.328246574798224,0.3387285584836659,1.328246574798224,0.3387285584836659,1.3855361721565018,0.3100228012412527
2pl,20,10000,-0.4,2pl_n20_p10000_rho-0.4,jml,all_returned,5,5,b,estimated,-inf,-1.0,5,1041.6,-0.33752286898689743,0.04916178034046922,0.6825206428407801,0.08298023710097635,0.9429218751292499,0.11366353536365532
2pl,20,10000,-0.4,2pl_n20_p10000_rho-0.4,jml,all_returned,5,5,b,estimated,-1.0,-0.5,5,1615.2,-0.13162906081767103,0.01108636440723196,0.5464839688141993,0.02562450220411747,0.7568239062312481,0.03935901608670054
2pl,20,10000,-0.4,2pl_n20_p10000_rho-0.4,jml,all_returned,5,5,b,estimated,-0.5,0.0,5,2352.0,-0.007306096100954509,0.016800504951357882,0.5322533924183549,0.007480276694724804,0.7482626325576031,0.02050967205019376
2pl,20,10000,-0.4,2pl_n20_p10000_rho-0.4,jml,all_returned,5,5,b,estimated,0.0,0.5,5,2336.2,0.1050709710696203,0.009442095186802455,0.577198083222707,0.008190497921809509,0.8033911205589909,0.023062722633701085
2pl,20,10000,-0.4,2pl_n20_p10000_rho-0.4,jml,all_returned,5,5,b,estimated,0.5,1.0,5,1620.2,0.15029068704681003,0.013991558968146628,0.6823247416129526,0.021182082954043075,0.9176226478543974,0.03661026372534806
2pl,20,10000,-0.4,2pl_n20_p10000_rho-0.4,jml,all_returned,5,5,b,estimated,1.0,inf,5,1034.8,0.08728421224736269,0.07035242042070892,0.812211545665404,0.04313071138498109,1.0258773755919548,0.05833712074789401
2pl,20,10000,-0.4,2pl_n20_p10000_rho-0.4,jml,all_returned,5,5,log_a,estimated,-inf,-0.5,5,758.6,0.08475761065200324,0.029043046843789017,0.6180884175919668,0.02941716785190989,0.8006955081957392,0.037237904644827076
2pl,20,10000,-0.4,2pl_n20_p10000_rho-0.4,jml,all_returned,5,5,log_a,estimated,-0.5,-0.25,5,1619.2,-0.009507568322221084,0.018916518808260615,0.6067308830505735,0.029210438708142213,0.7755564058834868,0.033444925212946605
2pl,20,10000,-0.4,2pl_n20_p10000_rho-0.4,jml,all_returned,5,5,log_a,estimated,-0.25,0.0,5,2629.8,-0.02759975820936878,0.008555509250633045,0.5964883153164061,0.03139602220936774,0.7717802579503185,0.034581596469050666
2pl,20,10000,-0.4,2pl_n20_p10000_rho-0.4,jml,all_returned,5,5,log_a,estimated,0.0,0.25,5,2619.2,-0.02410108865876661,0.00660207857855972,0.5963703157697656,0.028786477839887827,0.7840335709963708,0.02892056709954738
2pl,20,10000,-0.4,2pl_n20_p10000_rho-0.4,jml,all_returned,5,5,log_a,estimated,0.25,0.5,5,1604.6,0.008547732439260736,0.020825601987647532,0.5872665260685277,0.026630698084160378,0.7849724324249348,0.025262380304713603
2pl,20,10000,-0.4,2pl_n20_p10000_rho-0.4,jml,all_returned,5,5,log_a,estimated,0.5,inf,5,768.6,0.09398426877208875,0.027705575335398136,0.5871582472335677,0.024537940427304613,0.7906636947953819,0.028413398024557886
2pl,20,10000,-0.4,2pl_n20_p10000_rho-0.4,jml,all_returned,5,5,a,estimated,0.0,0.5,5,235.4,0.2997646336169032,0.04542848510765283,0.4573587926550557,0.05347436843580313,1.7787635432275466,0.4687211901097619
2pl,20,10000,-0.4,2pl_n20_p10000_rho-0.4,jml,all_returned,5,5,a,estimated,0.5,0.8,5,2380.0,0.3123585514647705,0.022026270857784358,0.5884286180191622,0.03526868847839284,1.762029032746717,0.19434366680599327
2pl,20,10000,-0.4,2pl_n20_p10000_rho-0.4,jml,all_returned,5,5,a,estimated,0.8,1.0,5,2392.2,0.359966012645382,0.03951612484116616,0.7367637162293457,0.05110600087561017,2.015376332972516,0.1467784363620782
2pl,20,10000,-0.4,2pl_n20_p10000_rho-0.4,jml,all_returned,5,5,a,estimated,1.0,1.25,5,2363.4,0.4957522966309643,0.029133004942881006,0.9644886725848141,0.04104553157510444,2.6200476529579637,0.1287250015198258
2pl,20,10000,-0.4,2pl_n20_p10000_rho-0.4,jml,all_returned,5,5,a,estimated,1.25,2.0,5,2386.6,0.7942182181599268,0.08978941406566698,1.3799197927477176,0.0876476141151271,3.607133745825717,0.2520817892639393
2pl,20,10000,-0.4,2pl_n20_p10000_rho-0.4,jml,all_returned,5,5,a,estimated,2.0,inf,5,242.4,1.4914835708670668,0.16241728056677818,2.233609640025649,0.1466327332357268,5.023499407693224,0.3210203690413022
2pl,20,10000,-0.4,2pl_n20_p10000_rho-0.4,jml,rule_stable,5,5,theta,estimated,-inf,-1.5,1,1.0,-0.4127759738886707,,0.4127759738886707,,0.4127759738886707,
2pl,20,10000,-0.4,2pl_n20_p10000_rho-0.4,jml,rule_stable,5,5,theta,estimated,-1.5,-0.5,1,9.0,-0.10154282098761724,,0.10154282098761724,,0.10621746471138592,
2pl,20,10000,-0.4,2pl_n20_p10000_rho-0.4,jml,rule_stable,5,5,theta,estimated,-0.5,0.5,1,3.0,0.05393581872518044,,0.05393581872518044,,0.05872863476757179,
2pl,20,10000,-0.4,2pl_n20_p10000_rho-0.4,jml,rule_stable,5,5,theta,estimated,0.5,1.5,1,7.0,0.18602223248073257,,0.18602223248073257,,0.20827470557532102,
2pl,20,10000,-0.4,2pl_n20_p10000_rho-0.4,jml,rule_stable,5,5,b,estimated,-inf,-1.0,1,998.0,-0.2578789821344173,,0.5748379031698049,,0.7700210576772146,
2pl,20,10000,-0.4,2pl_n20_p10000_rho-0.4,jml,rule_stable,5,5,b,estimated,-1.0,-0.5,1,1672.0,-0.12884366353334262,,0.5219825046691251,,0.7123463221726547,
2pl,20,10000,-0.4,2pl_n20_p10000_rho-0.4,jml,rule_stable,5,5,b,estimated,-0.5,0.0,1,2372.0,-0.028323044567196923,,0.5249399414672421,,0.7040393089736942,
2pl,20,10000,-0.4,2pl_n20_p10000_rho-0.4,jml,rule_stable,5,5,b,estimated,0.0,0.5,1,2281.0,0.08263458783220161,,0.5653350300809616,,0.7554959079388162,
2pl,20,10000,-0.4,2pl_n20_p10000_rho-0.4,jml,rule_stable,5,5,b,estimated,0.5,1.0,1,1639.0,0.15809783619156445,,0.6263277302891671,,0.8565061807942475,
2pl,20,10000,-0.4,2pl_n20_p10000_rho-0.4,jml,rule_stable,5,5,b,estimated,1.0,inf,1,1038.0,0.08897903944900029,,0.7035733023730718,,0.9117709127071244,
2pl,20,10000,-0.4,2pl_n20_p10000_rho-0.4,jml,rule_stable,5,5,log_a,estimated,-inf,-0.5,1,762.0,0.08382235231238241,,0.5482131738290136,,0.6967202394920752,
2pl,20,10000,-0.4,2pl_n20_p10000_rho-0.4,jml,rule_stable,5,5,log_a,estimated,-0.5,-0.25,1,1602.0,0.00013259581449024695,,0.5390239782423017,,0.7030297763802852,
2pl,20,10000,-0.4,2pl_n20_p10000_rho-0.4,jml,rule_stable,5,5,log_a,estimated,-0.25,0.0,1,2622.0,-0.050776791008081565,,0.5194273732619493,,0.6862231270326825,
2pl,20,10000,-0.4,2pl_n20_p10000_rho-0.4,jml,rule_stable,5,5,log_a,estimated,0.0,0.25,1,2666.0,-0.013546030518837253,,0.5256179422458634,,0.7051776510017683,
2pl,20,10000,-0.4,2pl_n20_p10000_rho-0.4,jml,rule_stable,5,5,log_a,estimated,0.25,0.5,1,1585.0,0.01391499619572258,,0.5384659407319073,,0.7518924258011055,
2pl,20,10000,-0.4,2pl_n20_p10000_rho-0.4,jml,rule_stable,5,5,log_a,estimated,0.5,inf,1,763.0,0.10892548290870332,,0.5749713700004718,,0.7796928803389486,
2pl,20,10000,-0.4,2pl_n20_p10000_rho-0.4,jml,rule_stable,5,5,a,estimated,0.0,0.5,1,249.0,0.15025539987890216,,0.2956715828537814,,0.42878252207235645,
2pl,20,10000,-0.4,2pl_n20_p10000_rho-0.4,jml,rule_stable,5,5,a,estimated,0.5,0.8,1,2345.0,0.26349369428434344,,0.5070159306020259,,1.6011937211495493,
2pl,20,10000,-0.4,2pl_n20_p10000_rho-0.4,jml,rule_stable,5,5,a,estimated,0.8,1.0,1,2392.0,0.24299812612286129,,0.6038572341981535,,1.6520373713012126,
2pl,20,10000,-0.4,2pl_n20_p10000_rho-0.4,jml,rule_stable,5,5,a,estimated,1.0,1.25,1,2406.0,0.4429811765649425,,0.869315561758881,,2.5589961072972973,
2pl,20,10000,-0.4,2pl_n20_p10000_rho-0.4,jml,rule_stable,5,5,a,estimated,1.25,2.0,1,2370.0,0.8140277946772516,,1.3576980599028312,,3.7951980833809715,
2pl,20,10000,-0.4,2pl_n20_p10000_rho-0.4,jml,rule_stable,5,5,a,estimated,2.0,inf,1,238.0,1.2820353502665638,,2.0306083016930345,,4.299900232936817,
2pl,20,10000,-0.4,2pl_n20_p10000_rho-0.4,tbaem_c,all_returned,5,5,theta,estimated,-inf,-1.5,5,2.2,-0.13594142168482842,0.029878855374359886,0.13594142168482842,0.029878855374359886,0.1593586953490799,0.03345348079158169
2pl,20,10000,-0.4,2pl_n20_p10000_rho-0.4,tbaem_c,all_returned,5,5,theta,estimated,-1.5,-0.5,5,6.2,-0.004867981344999136,0.006585040890607053,0.031245150532935657,0.005928389062627587,0.03857947682044787,0.006944171567710473
2pl,20,10000,-0.4,2pl_n20_p10000_rho-0.4,tbaem_c,all_returned,5,5,theta,estimated,-0.5,0.5,5,7.4,0.08526785653845718,0.003653194433117975,0.08526785653845718,0.003653194433117975,0.08973782121945816,0.0040880735140179985
2pl,20,10000,-0.4,2pl_n20_p10000_rho-0.4,tbaem_c,all_returned,5,5,theta,estimated,0.5,1.5,5,3.6,0.14330123785063117,0.008323638642384465,0.14330123785063117,0.008323638642384465,0.14566031222097267,0.008514069485449376
2pl,20,10000,-0.4,2pl_n20_p10000_rho-0.4,tbaem_c,all_returned,5,5,theta,estimated,1.5,inf,2,1.5,0.23069557829583187,0.012108733938143044,0.23069557829583187,0.012108733938143044,0.2313423913624317,0.012403895112428643
2pl,20,10000,-0.4,2pl_n20_p10000_rho-0.4,tbaem_c,all_returned,5,5,b,estimated,-inf,-1.0,5,1041.6,0.2935662020759592,0.013122709895807579,0.39754031521775335,0.009766926916729602,0.5004581042217985,0.009864220916949626
2pl,20,10000,-0.4,2pl_n20_p10000_rho-0.4,tbaem_c,all_returned,5,5,b,estimated,-1.0,-0.5,5,1615.2,0.18585160679156967,0.004337241989645898,0.3487113303334315,0.0029010013980025565,0.44167629249976814,0.00356145851495678
2pl,20,10000,-0.4,2pl_n20_p10000_rho-0.4,tbaem_c,all_returned,5,5,b,estimated,-0.5,0.0,5,2352.0,0.1077756908372742,0.0029890350974026087,0.3250560530603643,0.00316888838326457,0.4105371893238295,0.0030684010798811504
2pl,20,10000,-0.4,2pl_n20_p10000_rho-0.4,tbaem_c,all_returned,5,5,b,estimated,0.0,0.5,5,2336.2,-0.003007825388174759,0.005786492443186901,0.3242749169131264,0.0023471896622321298,0.4072001978159863,0.002898030392950565
2pl,20,10000,-0.4,2pl_n20_p10000_rho-0.4,tbaem_c,all_returned,5,5,b,estimated,0.5,1.0,5,1620.2,-0.17820838697586067,0.0020937013233361485,0.3620338081277997,0.0025958627832498803,0.4583085076607349,0.002542907366825715
2pl,20,10000,-0.4,2pl_n20_p10000_rho-0.4,tbaem_c,all_returned,5,5,b,estimated,1.0,inf,5,1034.8,-0.5444586025555325,0.01668672400926637,0.5914331099661105,0.012810097347779142,0.7270151374290231,0.014914815337939018
2pl,20,10000,-0.4,2pl_n20_p10000_rho-0.4,tbaem_c,all_returned,5,5,log_a,estimated,-inf,-0.5,5,758.6,0.5263735936802914,0.007822479348144134,0.5264382722874048,0.007763997877565694,0.5593136836586687,0.005450182494766339
2pl,20,10000,-0.4,2pl_n20_p10000_rho-0.4,tbaem_c,all_returned,5,5,log_a,estimated,-0.5,-0.25,5,1619.2,0.27366926071503606,0.003604488467388639,0.27763769428950147,0.002648800025481838,0.3145747094976449,0.001762218692787949
2pl,20,10000,-0.4,2pl_n20_p10000_rho-0.4,tbaem_c,all_returned,5,5,log_a,estimated,-0.25,0.0,5,2629.8,0.0833479306510636,0.0017377259229968249,0.1400635425446834,0.0029058328003328,0.1752348050380617,0.00309353453156221
2pl,20,10000,-0.4,2pl_n20_p10000_rho-0.4,tbaem_c,all_returned,5,5,log_a,estimated,0.0,0.25,5,2619.2,-0.10007362005221813,0.0022413566585116544,0.14977805177532952,0.002912362787201752,0.18460009012394746,0.0033852972935751883
2pl,20,10000,-0.4,2pl_n20_p10000_rho-0.4,tbaem_c,all_returned,5,5,log_a,estimated,0.25,0.5,5,1604.6,-0.2720120311425769,0.004593712186896496,0.27674591327102666,0.004579644210853523,0.31140120685152023,0.004050605081218744
2pl,20,10000,-0.4,2pl_n20_p10000_rho-0.4,tbaem_c,all_returned,5,5,log_a,estimated,0.5,inf,5,768.6,-0.4726028717899323,0.0058713006104827966,0.4726028717899323,0.0058713006104827966,0.5018081406301245,0.005495659521963166
2pl,20,10000,-0.4,2pl_n20_p10000_rho-0.4,tbaem_c,all_returned,5,5,a,estimated,0.0,0.5,5,235.4,0.4197587167965674,0.006530894522346223,0.4197587167965674,0.006530894522346223,0.4404828081469895,0.005469289134544779
2pl,20,10000,-0.4,2pl_n20_p10000_rho-0.4,tbaem_c,all_returned,5,5,a,estimated,0.5,0.8,5,2380.0,0.24523536985619754,0.0038894253231213168,0.2483625976433626,0.0031373329257155685,0.28661967076706646,0.0020262515571208522
2pl,20,10000,-0.4,2pl_n20_p10000_rho-0.4,tbaem_c,all_returned,5,5,a,estimated,0.8,1.0,5,2392.2,0.07769376454205017,0.0017170444742222824,0.129856214437315,0.003057167367649596,0.1675312273658862,0.003480552118296426
2pl,20,10000,-0.4,2pl_n20_p10000_rho-0.4,tbaem_c,all_returned,5,5,a,estimated,1.0,1.25,5,2363.4,-0.08726005344535767,0.0023746464703348893,0.1503571825115518,0.0031411263021409314,0.18325791353335874,0.0035985992456483706
2pl,20,10000,-0.4,2pl_n20_p10000_rho-0.4,tbaem_c,all_returned,5,5,a,estimated,1.25,2.0,5,2386.6,-0.3799496659875842,0.00508939277158849,0.3863894546358726,0.004873882919949425,0.4378504850709385,0.00447225147725699
2pl,20,10000,-0.4,2pl_n20_p10000_rho-0.4,tbaem_c,all_returned,5,5,a,estimated,2.0,inf,5,242.4,-1.0131958567941595,0.007890801869321113,1.0131958567941595,0.007890801869321113,1.0567196195767965,0.009692448113428296
2pl,20,10000,-0.4,2pl_n20_p10000_rho-0.4,tbaem_c,rule_stable,5,5,theta,estimated,-inf,-1.5,5,2.2,-0.13594142168482842,0.029878855374359886,0.13594142168482842,0.029878855374359886,0.1593586953490799,0.03345348079158169
2pl,20,10000,-0.4,2pl_n20_p10000_rho-0.4,tbaem_c,rule_stable,5,5,theta,estimated,-1.5,-0.5,5,6.2,-0.004867981344999136,0.006585040890607053,0.031245150532935657,0.005928389062627587,0.03857947682044787,0.006944171567710473
2pl,20,10000,-0.4,2pl_n20_p10000_rho-0.4,tbaem_c,rule_stable,5,5,theta,estimated,-0.5,0.5,5,7.4,0.08526785653845718,0.003653194433117975,0.08526785653845718,0.003653194433117975,0.08973782121945816,0.0040880735140179985
2pl,20,10000,-0.4,2pl_n20_p10000_rho-0.4,tbaem_c,rule_stable,5,5,theta,estimated,0.5,1.5,5,3.6,0.14330123785063117,0.008323638642384465,0.14330123785063117,0.008323638642384465,0.14566031222097267,0.008514069485449376
2pl,20,10000,-0.4,2pl_n20_p10000_rho-0.4,tbaem_c,rule_stable,5,5,theta,estimated,1.5,inf,2,1.5,0.23069557829583187,0.012108733938143044,0.23069557829583187,0.012108733938143044,0.2313423913624317,0.012403895112428643
2pl,20,10000,-0.4,2pl_n20_p10000_rho-0.4,tbaem_c,rule_stable,5,5,b,estimated,-inf,-1.0,5,1041.6,0.2935662020759592,0.013122709895807579,0.39754031521775335,0.009766926916729602,0.5004581042217985,0.009864220916949626
2pl,20,10000,-0.4,2pl_n20_p10000_rho-0.4,tbaem_c,rule_stable,5,5,b,estimated,-1.0,-0.5,5,1615.2,0.18585160679156967,0.004337241989645898,0.3487113303334315,0.0029010013980025565,0.44167629249976814,0.00356145851495678
2pl,20,10000,-0.4,2pl_n20_p10000_rho-0.4,tbaem_c,rule_stable,5,5,b,estimated,-0.5,0.0,5,2352.0,0.1077756908372742,0.0029890350974026087,0.3250560530603643,0.00316888838326457,0.4105371893238295,0.0030684010798811504
2pl,20,10000,-0.4,2pl_n20_p10000_rho-0.4,tbaem_c,rule_stable,5,5,b,estimated,0.0,0.5,5,2336.2,-0.003007825388174759,0.005786492443186901,0.3242749169131264,0.0023471896622321298,0.4072001978159863,0.002898030392950565
2pl,20,10000,-0.4,2pl_n20_p10000_rho-0.4,tbaem_c,rule_stable,5,5,b,estimated,0.5,1.0,5,1620.2,-0.17820838697586067,0.0020937013233361485,0.3620338081277997,0.0025958627832498803,0.4583085076607349,0.002542907366825715
2pl,20,10000,-0.4,2pl_n20_p10000_rho-0.4,tbaem_c,rule_stable,5,5,b,estimated,1.0,inf,5,1034.8,-0.5444586025555325,0.01668672400926637,0.5914331099661105,0.012810097347779142,0.7270151374290231,0.014914815337939018
2pl,20,10000,-0.4,2pl_n20_p10000_rho-0.4,tbaem_c,rule_stable,5,5,log_a,estimated,-inf,-0.5,5,758.6,0.5263735936802914,0.007822479348144134,0.5264382722874048,0.007763997877565694,0.5593136836586687,0.005450182494766339
2pl,20,10000,-0.4,2pl_n20_p10000_rho-0.4,tbaem_c,rule_stable,5,5,log_a,estimated,-0.5,-0.25,5,1619.2,0.27366926071503606,0.003604488467388639,0.27763769428950147,0.002648800025481838,0.3145747094976449,0.001762218692787949
2pl,20,10000,-0.4,2pl_n20_p10000_rho-0.4,tbaem_c,rule_stable,5,5,log_a,estimated,-0.25,0.0,5,2629.8,0.0833479306510636,0.0017377259229968249,0.1400635425446834,0.0029058328003328,0.1752348050380617,0.00309353453156221
2pl,20,10000,-0.4,2pl_n20_p10000_rho-0.4,tbaem_c,rule_stable,5,5,log_a,estimated,0.0,0.25,5,2619.2,-0.10007362005221813,0.0022413566585116544,0.14977805177532952,0.002912362787201752,0.18460009012394746,0.0033852972935751883
2pl,20,10000,-0.4,2pl_n20_p10000_rho-0.4,tbaem_c,rule_stable,5,5,log_a,estimated,0.25,0.5,5,1604.6,-0.2720120311425769,0.004593712186896496,0.27674591327102666,0.004579644210853523,0.31140120685152023,0.004050605081218744
2pl,20,10000,-0.4,2pl_n20_p10000_rho-0.4,tbaem_c,rule_stable,5,5,log_a,estimated,0.5,inf,5,768.6,-0.4726028717899323,0.0058713006104827966,0.4726028717899323,0.0058713006104827966,0.5018081406301245,0.005495659521963166
2pl,20,10000,-0.4,2pl_n20_p10000_rho-0.4,tbaem_c,rule_stable,5,5,a,estimated,0.0,0.5,5,235.4,0.4197587167965674,0.006530894522346223,0.4197587167965674,0.006530894522346223,0.4404828081469895,0.005469289134544779
2pl,20,10000,-0.4,2pl_n20_p10000_rho-0.4,tbaem_c,rule_stable,5,5,a,estimated,0.5,0.8,5,2380.0,0.24523536985619754,0.0038894253231213168,0.2483625976433626,0.0031373329257155685,0.28661967076706646,0.0020262515571208522
2pl,20,10000,-0.4,2pl_n20_p10000_rho-0.4,tbaem_c,rule_stable,5,5,a,estimated,0.8,1.0,5,2392.2,0.07769376454205017,0.0017170444742222824,0.129856214437315,0.003057167367649596,0.1675312273658862,0.003480552118296426
2pl,20,10000,-0.4,2pl_n20_p10000_rho-0.4,tbaem_c,rule_stable,5,5,a,estimated,1.0,1.25,5,2363.4,-0.08726005344535767,0.0023746464703348893,0.1503571825115518,0.0031411263021409314,0.18325791353335874,0.0035985992456483706
2pl,20,10000,-0.4,2pl_n20_p10000_rho-0.4,tbaem_c,rule_stable,5,5,a,estimated,1.25,2.0,5,2386.6,-0.3799496659875842,0.00508939277158849,0.3863894546358726,0.004873882919949425,0.4378504850709385,0.00447225147725699
2pl,20,10000,-0.4,2pl_n20_p10000_rho-0.4,tbaem_c,rule_stable,5,5,a,estimated,2.0,inf,5,242.4,-1.0131958567941595,0.007890801869321113,1.0131958567941595,0.007890801869321113,1.0567196195767965,0.009692448113428296
2pl,20,10000,-0.4,2pl_n20_p10000_rho-0.4,tbaem_d,all_returned,5,5,theta,estimated,-inf,-1.5,5,2.2,-0.16841170104245395,0.0376160669939586,0.16841170104245395,0.0376160669939586,0.1992862997333844,0.041898357297233874
2pl,20,10000,-0.4,2pl_n20_p10000_rho-0.4,tbaem_d,all_returned,5,5,theta,estimated,-1.5,-0.5,5,6.2,0.008136349535613926,0.0072369828517764865,0.03686676260252879,0.007025523821526331,0.0453393865691775,0.008884740691990897
2pl,20,10000,-0.4,2pl_n20_p10000_rho-0.4,tbaem_d,all_returned,5,5,theta,estimated,-0.5,0.5,5,7.4,0.10664696370608132,0.0049795263269895,0.10664696370608132,0.0049795263269895,0.11012855285773838,0.005163777078736646
2pl,20,10000,-0.4,2pl_n20_p10000_rho-0.4,tbaem_d,all_returned,5,5,theta,estimated,0.5,1.5,5,3.6,0.1479279639925049,0.006030330997781185,0.1479279639925049,0.006030330997781185,0.1494888024287148,0.006337274551492077
2pl,20,10000,-0.4,2pl_n20_p10000_rho-0.4,tbaem_d,all_returned,5,5,theta,estimated,1.5,inf,2,1.5,0.19048982840513984,0.011819204094934643,0.19048982840513984,0.011819204094934643,0.1908850146698314,0.011823601873386515
2pl,20,10000,-0.4,2pl_n20_p10000_rho-0.4,tbaem_d,all_returned,5,5,b,estimated,-inf,-1.0,5,1041.6,0.3013344631636305,0.010810192832890166,0.40004697240580817,0.008056422829328095,0.5022849230044882,0.00834308258048805
2pl,20,10000,-0.4,2pl_n20_p10000_rho-0.4,tbaem_d,all_returned,5,5,b,estimated,-1.0,-0.5,5,1615.2,0.19214316936328774,0.006369134679361245,0.35047972999256494,0.0025352981149132747,0.44220235432249133,0.003406329816974746
2pl,20,10000,-0.4,2pl_n20_p10000_rho-0.4,tbaem_d,all_returned,5,5,b,estimated,-0.5,0.0,5,2352.0,0.10971113624987043,0.0036332971193261962,0.32364992042021223,0.0023924708928399507,0.40813333339231134,0.002519092813862974
2pl,20,10000,-0.4,2pl_n20_p10000_rho-0.4,tbaem_d,all_returned,5,5,b,estimated,0.0,0.5,5,2336.2,-0.005540789211908151,0.005030710876760151,0.32288919139070826,0.0012704926056991085,0.40615387118753127,0.0018793604678690266
2pl,20,10000,-0.4,2pl_n20_p10000_rho-0.4,tbaem_d,all_returned,5,5,b,estimated,0.5,1.0,5,1620.2,-0.18404275079333016,0.0016490812154738826,0.36520084138853387,0.0021856359618191456,0.4627001053398135,0.002134986292080793
2pl,20,10000,-0.4,2pl_n20_p10000_rho-0.4,tbaem_d,all_returned,5,5,b,estimated,1.0,inf,5,1034.8,-0.5515537811935475,0.019459559058615888,0.6004787158576752,0.014635155016418374,0.7371257033780256,0.016132955138917823
2pl,20,10000,-0.4,2pl_n20_p10000_rho-0.4,tbaem_d,all_returned,5,5,log_a,estimated,-inf,-0.5,5,758.6,0.540138192975283,0.007737474871422497,0.5402232927738753,0.007669417910928551,0.5748030877792485,0.005303895584858881
2pl,20,10000,-0.4,2pl_n20_p10000_rho-0.4,tbaem_d,all_returned,5,5,log_a,estimated,-0.5,-0.25,5,1619.2,0.28511853014892874,0.003913458326526167,0.2894125072326933,0.0029677911267202072,0.3279546868250979,0.001821715022643272
2pl,20,10000,-0.4,2pl_n20_p10000_rho-0.4,tbaem_d,all_returned,5,5,log_a,estimated,-0.25,0.0,5,2629.8,0.09051573845435719,0.0016950876520114271,0.14699066770883149,0.0032760345357346486,0.18220226153239177,0.0035271232308047556
2pl,20,10000,-0.4,2pl_n20_p10000_rho-0.4,tbaem_d,all_returned,5,5,log_a,estimated,0.0,0.25,5,2619.2,-0.10095345551099193,0.0017012983248107893,0.14942206174265554,0.003024531925688192,0.1848684985979202,0.003670831649696028
2pl,20,10000,-0.4,2pl_n20_p10000_rho-0.4,tbaem_d,all_returned,5,5,log_a,estimated,0.25,0.5,5,1604.6,-0.2850677593946841,0.004654748048603362,0.2865110485750991,0.004458092102520959,0.3195703038392317,0.003997271015589059
2pl,20,10000,-0.4,2pl_n20_p10000_rho-0.4,tbaem_d,all_returned,5,5,log_a,estimated,0.5,inf,5,768.6,-0.504526321874942,0.006523321996722165,0.504526321874942,0.006523321996722165,0.5293382023714123,0.006363728326418634
2pl,20,10000,-0.4,2pl_n20_p10000_rho-0.4,tbaem_d,all_returned,5,5,a,estimated,0.0,0.5,5,235.4,0.4330636438783756,0.006391630219386779,0.4330636438783756,0.006391630219386779,0.4563586693611924,0.005317683452030329
2pl,20,10000,-0.4,2pl_n20_p10000_rho-0.4,tbaem_d,all_returned,5,5,a,estimated,0.5,0.8,5,2380.0,0.25726708401244636,0.0042469809010605335,0.2605552168045503,0.003541525365905951,0.30101328740355493,0.002267389138695194
2pl,20,10000,-0.4,2pl_n20_p10000_rho-0.4,tbaem_d,all_returned,5,5,a,estimated,0.8,1.0,5,2392.2,0.08476154137717405,0.002035874446747521,0.13657846800163856,0.0036380373196797087,0.17365033696429835,0.004101222235151601
2pl,20,10000,-0.4,2pl_n20_p10000_rho-0.4,tbaem_d,all_returned,5,5,a,estimated,1.0,1.25,5,2363.4,-0.08782477525144744,0.001823786887622317,0.14913047837939106,0.0030984075503137773,0.18145383713344146,0.0035990798527396127
2pl,20,10000,-0.4,2pl_n20_p10000_rho-0.4,tbaem_d,all_returned,5,5,a,estimated,1.25,2.0,5,2386.6,-0.39905812664057655,0.005103726142039813,0.40140811646310226,0.004715851201302176,0.4518978575878892,0.004399965766655478
2pl,20,10000,-0.4,2pl_n20_p10000_rho-0.4,tbaem_d,all_returned,5,5,a,estimated,2.0,inf,5,242.4,-1.070250658452656,0.00823003495895203,1.070250658452656,0.00823003495895203,1.1098191439194394,0.008918535251172078
2pl,20,10000,-0.4,2pl_n20_p10000_rho-0.4,tbaem_d,rule_stable,5,5,theta,estimated,-inf,-1.5,5,2.2,-0.16841170104245395,0.0376160669939586,0.16841170104245395,0.0376160669939586,0.1992862997333844,0.041898357297233874
2pl,20,10000,-0.4,2pl_n20_p10000_rho-0.4,tbaem_d,rule_stable,5,5,theta,estimated,-1.5,-0.5,5,6.2,0.008136349535613926,0.0072369828517764865,0.03686676260252879,0.007025523821526331,0.0453393865691775,0.008884740691990897
2pl,20,10000,-0.4,2pl_n20_p10000_rho-0.4,tbaem_d,rule_stable,5,5,theta,estimated,-0.5,0.5,5,7.4,0.10664696370608132,0.0049795263269895,0.10664696370608132,0.0049795263269895,0.11012855285773838,0.005163777078736646
2pl,20,10000,-0.4,2pl_n20_p10000_rho-0.4,tbaem_d,rule_stable,5,5,theta,estimated,0.5,1.5,5,3.6,0.1479279639925049,0.006030330997781185,0.1479279639925049,0.006030330997781185,0.1494888024287148,0.006337274551492077
2pl,20,10000,-0.4,2pl_n20_p10000_rho-0.4,tbaem_d,rule_stable,5,5,theta,estimated,1.5,inf,2,1.5,0.19048982840513984,0.011819204094934643,0.19048982840513984,0.011819204094934643,0.1908850146698314,0.011823601873386515
2pl,20,10000,-0.4,2pl_n20_p10000_rho-0.4,tbaem_d,rule_stable,5,5,b,estimated,-inf,-1.0,5,1041.6,0.3013344631636305,0.010810192832890166,0.40004697240580817,0.008056422829328095,0.5022849230044882,0.00834308258048805
2pl,20,10000,-0.4,2pl_n20_p10000_rho-0.4,tbaem_d,rule_stable,5,5,b,estimated,-1.0,-0.5,5,1615.2,0.19214316936328774,0.006369134679361245,0.35047972999256494,0.0025352981149132747,0.44220235432249133,0.003406329816974746
2pl,20,10000,-0.4,2pl_n20_p10000_rho-0.4,tbaem_d,rule_stable,5,5,b,estimated,-0.5,0.0,5,2352.0,0.10971113624987043,0.0036332971193261962,0.32364992042021223,0.0023924708928399507,0.40813333339231134,0.002519092813862974
2pl,20,10000,-0.4,2pl_n20_p10000_rho-0.4,tbaem_d,rule_stable,5,5,b,estimated,0.0,0.5,5,2336.2,-0.005540789211908151,0.005030710876760151,0.32288919139070826,0.0012704926056991085,0.40615387118753127,0.0018793604678690266
2pl,20,10000,-0.4,2pl_n20_p10000_rho-0.4,tbaem_d,rule_stable,5,5,b,estimated,0.5,1.0,5,1620.2,-0.18404275079333016,0.0016490812154738826,0.36520084138853387,0.0021856359618191456,0.4627001053398135,0.002134986292080793
2pl,20,10000,-0.4,2pl_n20_p10000_rho-0.4,tbaem_d,rule_stable,5,5,b,estimated,1.0,inf,5,1034.8,-0.5515537811935475,0.019459559058615888,0.6004787158576752,0.014635155016418374,0.7371257033780256,0.016132955138917823
2pl,20,10000,-0.4,2pl_n20_p10000_rho-0.4,tbaem_d,rule_stable,5,5,log_a,estimated,-inf,-0.5,5,758.6,0.540138192975283,0.007737474871422497,0.5402232927738753,0.007669417910928551,0.5748030877792485,0.005303895584858881
2pl,20,10000,-0.4,2pl_n20_p10000_rho-0.4,tbaem_d,rule_stable,5,5,log_a,estimated,-0.5,-0.25,5,1619.2,0.28511853014892874,0.003913458326526167,0.2894125072326933,0.0029677911267202072,0.3279546868250979,0.001821715022643272
2pl,20,10000,-0.4,2pl_n20_p10000_rho-0.4,tbaem_d,rule_stable,5,5,log_a,estimated,-0.25,0.0,5,2629.8,0.09051573845435719,0.0016950876520114271,0.14699066770883149,0.0032760345357346486,0.18220226153239177,0.0035271232308047556
2pl,20,10000,-0.4,2pl_n20_p10000_rho-0.4,tbaem_d,rule_stable,5,5,log_a,estimated,0.0,0.25,5,2619.2,-0.10095345551099193,0.0017012983248107893,0.14942206174265554,0.003024531925688192,0.1848684985979202,0.003670831649696028
2pl,20,10000,-0.4,2pl_n20_p10000_rho-0.4,tbaem_d,rule_stable,5,5,log_a,estimated,0.25,0.5,5,1604.6,-0.2850677593946841,0.004654748048603362,0.2865110485750991,0.004458092102520959,0.3195703038392317,0.003997271015589059
2pl,20,10000,-0.4,2pl_n20_p10000_rho-0.4,tbaem_d,rule_stable,5,5,log_a,estimated,0.5,inf,5,768.6,-0.504526321874942,0.006523321996722165,0.504526321874942,0.006523321996722165,0.5293382023714123,0.006363728326418634
2pl,20,10000,-0.4,2pl_n20_p10000_rho-0.4,tbaem_d,rule_stable,5,5,a,estimated,0.0,0.5,5,235.4,0.4330636438783756,0.006391630219386779,0.4330636438783756,0.006391630219386779,0.4563586693611924,0.005317683452030329
2pl,20,10000,-0.4,2pl_n20_p10000_rho-0.4,tbaem_d,rule_stable,5,5,a,estimated,0.5,0.8,5,2380.0,0.25726708401244636,0.0042469809010605335,0.2605552168045503,0.003541525365905951,0.30101328740355493,0.002267389138695194
2pl,20,10000,-0.4,2pl_n20_p10000_rho-0.4,tbaem_d,rule_stable,5,5,a,estimated,0.8,1.0,5,2392.2,0.08476154137717405,0.002035874446747521,0.13657846800163856,0.0036380373196797087,0.17365033696429835,0.004101222235151601
2pl,20,10000,-0.4,2pl_n20_p10000_rho-0.4,tbaem_d,rule_stable,5,5,a,estimated,1.0,1.25,5,2363.4,-0.08782477525144744,0.001823786887622317,0.14913047837939106,0.0030984075503137773,0.18145383713344146,0.0035990798527396127
2pl,20,10000,-0.4,2pl_n20_p10000_rho-0.4,tbaem_d,rule_stable,5,5,a,estimated,1.25,2.0,5,2386.6,-0.39905812664057655,0.005103726142039813,0.40140811646310226,0.004715851201302176,0.4518978575878892,0.004399965766655478
2pl,20,10000,-0.4,2pl_n20_p10000_rho-0.4,tbaem_d,rule_stable,5,5,a,estimated,2.0,inf,5,242.4,-1.070250658452656,0.00823003495895203,1.070250658452656,0.00823003495895203,1.1098191439194394,0.008918535251172078
2pl,20,10000,-0.4,2pl_n20_p10000_rho-0.4,vi,all_returned,5,5,theta,estimated,-inf,-1.5,5,2.2,-0.1932613248771063,0.03833587806006282,0.1932613248771063,0.03833587806006282,0.2222068695761294,0.04193430394383654
2pl,20,10000,-0.4,2pl_n20_p10000_rho-0.4,vi,all_returned,5,5,theta,estimated,-1.5,-0.5,5,6.2,-0.0018232850325946722,0.007811356805688547,0.0387639590637647,0.008053948172936818,0.04761523146721609,0.010196432554507109
2pl,20,10000,-0.4,2pl_n20_p10000_rho-0.4,vi,all_returned,5,5,theta,estimated,-0.5,0.5,5,7.4,0.10795254001082857,0.008076737853110178,0.10795254001082857,0.008076737853110178,0.11255137357721871,0.0081834100173429
2pl,20,10000,-0.4,2pl_n20_p10000_rho-0.4,vi,all_returned,5,5,theta,estimated,0.5,1.5,5,3.6,0.1642363650689967,0.009256888236706496,0.1642363650689967,0.009256888236706496,0.16660839278571937,0.009629722755436243
2pl,20,10000,-0.4,2pl_n20_p10000_rho-0.4,vi,all_returned,5,5,theta,estimated,1.5,inf,2,1.5,0.21324267615372738,0.0015099278077310707,0.21324267615372738,0.0015099278077310707,0.21325431715610496,0.0015035501533153049
2pl,20,10000,-0.4,2pl_n20_p10000_rho-0.4,vi,all_returned,5,5,b,estimated,-inf,-1.0,5,1041.6,0.10971817294566569,0.006202507502988855,0.39692959573087777,0.011977107263682205,0.4989207358176305,0.014351561457414098
2pl,20,10000,-0.4,2pl_n20_p10000_rho-0.4,vi,all_returned,5,5,b,estimated,-1.0,-0.5,5,1615.2,0.10612953430685809,0.006283231433488004,0.376972569894453,0.005270322722889092,0.47761339966647853,0.00575877200186973
2pl,20,10000,-0.4,2pl_n20_p10000_rho-0.4,vi,all_returned,5,5,b,estimated,-0.5,0.0,5,2352.0,0.08378109545228625,0.0039715621730211275,0.3672903012125316,0.0037780550630652212,0.4667798450939266,0.004194591252231434
2pl,20,10000,-0.4,2pl_n20_p10000_rho-0.4,vi,all_returned,5,5,b,estimated,0.0,0.5,5,2336.2,0.027828584085027384,0.003466485785274786,0.37692436098387233,0.0021422936367408835,0.4780230951268619,0.0019211970017585245
2pl,20,10000,-0.4,2pl_n20_p10000_rho-0.4,vi,all_returned,5,5,b,estimated,0.5,1.0,5,1620.2,-0.09235771892112368,0.0045510950372667485,0.4068187880079184,0.002370083557931983,0.5166344383566468,0.0024523542837788775
2pl,20,10000,-0.4,2pl_n20_p10000_rho-0.4,vi,all_returned,5,5,b,estimated,1.0,inf,5,1034.8,-0.3848570568587106,0.02206245958917647,0.546673682587343,0.012773469555260705,0.6905436859607269,0.015778123362158784
2pl,20,10000,-0.4,2pl_n20_p10000_rho-0.4,vi,all_returned,5,5,log_a,estimated,-inf,-0.5,5,758.6,0.45822362736417677,0.010619405383016443,0.46283429581420343,0.009644565304926082,0.5344777024025078,0.006645084331454505
2pl,20,10000,-0.4,2pl_n20_p10000_rho-0.4,vi,all_returned,5,5,log_a,estimated,-0.5,-0.25,5,1619.2,0.2306099451844509,0.0060050654390815476,0.27548456617903583,0.003292699783807138,0.3461888104318969,0.0022198856242014614
2pl,20,10000,-0.4,2pl_n20_p10000_rho-0.4,vi,all_returned,5,5,log_a,estimated,-0.25,0.0,5,2629.8,0.06636877630656286,0.004079740323843839,0.2123866140260468,0.0021968532759547104,0.2668387178416309,0.0022312549830094943
2pl,20,10000,-0.4,2pl_n20_p10000_rho-0.4,vi,all_returned,5,5,log_a,estimated,0.0,0.25,5,2619.2,-0.0888769730768246,0.0031667924793702656,0.22455082918052338,0.0027212171122242084,0.2744131649371062,0.0025515947323388717
2pl,20,10000,-0.4,2pl_n20_p10000_rho-0.4,vi,all_returned,5,5,log_a,estimated,0.25,0.5,5,1604.6,-0.22984038520340486,0.00701975368382395,0.2814112891124808,0.005672725153299704,0.33990266453176726,0.005619891970630244
2pl,20,10000,-0.4,2pl_n20_p10000_rho-0.4,vi,all_returned,5,5,log_a,estimated,0.5,inf,5,768.6,-0.38290324560489447,0.012253638774115757,0.39250546496347594,0.011216960857673758,0.45379674343412285,0.011434575412882708
2pl,20,10000,-0.4,2pl_n20_p10000_rho-0.4,vi,all_returned,5,5,a,estimated,0.0,0.5,5,235.4,0.36566791011064165,0.008983395882371136,0.3657770858838974,0.009002809532344001,0.42639602685741756,0.008771517952419993
2pl,20,10000,-0.4,2pl_n20_p10000_rho-0.4,vi,all_returned,5,5,a,estimated,0.5,0.8,5,2380.0,0.2247715426032416,0.005724937726743957,0.2516039045068131,0.0036929765129369322,0.33435550033664796,0.001899450946459529
2pl,20,10000,-0.4,2pl_n20_p10000_rho-0.4,vi,all_returned,5,5,a,estimated,0.8,1.0,5,2392.2,0.0844403389545472,0.003961893380785831,0.20631395347661705,0.002344002843432647,0.2766522285669165,0.0038093438510664874
2pl,20,10000,-0.4,2pl_n20_p10000_rho-0.4,vi,all_returned,5,5,a,estimated,1.0,1.25,5,2363.4,-0.05288110883958622,0.003578160660055241,0.23608974984387174,0.003604513399835738,0.2902917150044038,0.00450188226906862
2pl,20,10000,-0.4,2pl_n20_p10000_rho-0.4,vi,all_returned,5,5,a,estimated,1.25,2.0,5,2386.6,-0.29999507393094393,0.00913289026965144,0.37191875866969376,0.006151696673705103,0.4395492454652698,0.006293609120786105
2pl,20,10000,-0.4,2pl_n20_p10000_rho-0.4,vi,all_returned,5,5,a,estimated,2.0,inf,5,242.4,-0.8429923092306613,0.005060275375071062,0.8470181686208853,0.005592904547100722,0.9238389582663157,0.009836291014901547
2pl,20,10000,-0.4,2pl_n20_p10000_rho-0.4,vi,rule_stable,5,5,theta,estimated,-inf,-1.5,5,2.2,-0.1932613248771063,0.03833587806006282,0.1932613248771063,0.03833587806006282,0.2222068695761294,0.04193430394383654
2pl,20,10000,-0.4,2pl_n20_p10000_rho-0.4,vi,rule_stable,5,5,theta,estimated,-1.5,-0.5,5,6.2,-0.0018232850325946722,0.007811356805688547,0.0387639590637647,0.008053948172936818,0.04761523146721609,0.010196432554507109
2pl,20,10000,-0.4,2pl_n20_p10000_rho-0.4,vi,rule_stable,5,5,theta,estimated,-0.5,0.5,5,7.4,0.10795254001082857,0.008076737853110178,0.10795254001082857,0.008076737853110178,0.11255137357721871,0.0081834100173429
2pl,20,10000,-0.4,2pl_n20_p10000_rho-0.4,vi,rule_stable,5,5,theta,estimated,0.5,1.5,5,3.6,0.1642363650689967,0.009256888236706496,0.1642363650689967,0.009256888236706496,0.16660839278571937,0.009629722755436243
2pl,20,10000,-0.4,2pl_n20_p10000_rho-0.4,vi,rule_stable,5,5,theta,estimated,1.5,inf,2,1.5,0.21324267615372738,0.0015099278077310707,0.21324267615372738,0.0015099278077310707,0.21325431715610496,0.0015035501533153049
2pl,20,10000,-0.4,2pl_n20_p10000_rho-0.4,vi,rule_stable,5,5,b,estimated,-inf,-1.0,5,1041.6,0.10971817294566569,0.006202507502988855,0.39692959573087777,0.011977107263682205,0.4989207358176305,0.014351561457414098
2pl,20,10000,-0.4,2pl_n20_p10000_rho-0.4,vi,rule_stable,5,5,b,estimated,-1.0,-0.5,5,1615.2,0.10612953430685809,0.006283231433488004,0.376972569894453,0.005270322722889092,0.47761339966647853,0.00575877200186973
2pl,20,10000,-0.4,2pl_n20_p10000_rho-0.4,vi,rule_stable,5,5,b,estimated,-0.5,0.0,5,2352.0,0.08378109545228625,0.0039715621730211275,0.3672903012125316,0.0037780550630652212,0.4667798450939266,0.004194591252231434
2pl,20,10000,-0.4,2pl_n20_p10000_rho-0.4,vi,rule_stable,5,5,b,estimated,0.0,0.5,5,2336.2,0.027828584085027384,0.003466485785274786,0.37692436098387233,0.0021422936367408835,0.4780230951268619,0.0019211970017585245
2pl,20,10000,-0.4,2pl_n20_p10000_rho-0.4,vi,rule_stable,5,5,b,estimated,0.5,1.0,5,1620.2,-0.09235771892112368,0.0045510950372667485,0.4068187880079184,0.002370083557931983,0.5166344383566468,0.0024523542837788775
2pl,20,10000,-0.4,2pl_n20_p10000_rho-0.4,vi,rule_stable,5,5,b,estimated,1.0,inf,5,1034.8,-0.3848570568587106,0.02206245958917647,0.546673682587343,0.012773469555260705,0.6905436859607269,0.015778123362158784
2pl,20,10000,-0.4,2pl_n20_p10000_rho-0.4,vi,rule_stable,5,5,log_a,estimated,-inf,-0.5,5,758.6,0.45822362736417677,0.010619405383016443,0.46283429581420343,0.009644565304926082,0.5344777024025078,0.006645084331454505
2pl,20,10000,-0.4,2pl_n20_p10000_rho-0.4,vi,rule_stable,5,5,log_a,estimated,-0.5,-0.25,5,1619.2,0.2306099451844509,0.0060050654390815476,0.27548456617903583,0.003292699783807138,0.3461888104318969,0.0022198856242014614
2pl,20,10000,-0.4,2pl_n20_p10000_rho-0.4,vi,rule_stable,5,5,log_a,estimated,-0.25,0.0,5,2629.8,0.06636877630656286,0.004079740323843839,0.2123866140260468,0.0021968532759547104,0.2668387178416309,0.0022312549830094943
2pl,20,10000,-0.4,2pl_n20_p10000_rho-0.4,vi,rule_stable,5,5,log_a,estimated,0.0,0.25,5,2619.2,-0.0888769730768246,0.0031667924793702656,0.22455082918052338,0.0027212171122242084,0.2744131649371062,0.0025515947323388717
2pl,20,10000,-0.4,2pl_n20_p10000_rho-0.4,vi,rule_stable,5,5,log_a,estimated,0.25,0.5,5,1604.6,-0.22984038520340486,0.00701975368382395,0.2814112891124808,0.005672725153299704,0.33990266453176726,0.005619891970630244
2pl,20,10000,-0.4,2pl_n20_p10000_rho-0.4,vi,rule_stable,5,5,log_a,estimated,0.5,inf,5,768.6,-0.38290324560489447,0.012253638774115757,0.39250546496347594,0.011216960857673758,0.45379674343412285,0.011434575412882708
2pl,20,10000,-0.4,2pl_n20_p10000_rho-0.4,vi,rule_stable,5,5,a,estimated,0.0,0.5,5,235.4,0.36566791011064165,0.008983395882371136,0.3657770858838974,0.009002809532344001,0.42639602685741756,0.008771517952419993
2pl,20,10000,-0.4,2pl_n20_p10000_rho-0.4,vi,rule_stable,5,5,a,estimated,0.5,0.8,5,2380.0,0.2247715426032416,0.005724937726743957,0.2516039045068131,0.0036929765129369322,0.33435550033664796,0.001899450946459529
2pl,20,10000,-0.4,2pl_n20_p10000_rho-0.4,vi,rule_stable,5,5,a,estimated,0.8,1.0,5,2392.2,0.0844403389545472,0.003961893380785831,0.20631395347661705,0.002344002843432647,0.2766522285669165,0.0038093438510664874
2pl,20,10000,-0.4,2pl_n20_p10000_rho-0.4,vi,rule_stable,5,5,a,estimated,1.0,1.25,5,2363.4,-0.05288110883958622,0.003578160660055241,0.23608974984387174,0.003604513399835738,0.2902917150044038,0.00450188226906862
2pl,20,10000,-0.4,2pl_n20_p10000_rho-0.4,vi,rule_stable,5,5,a,estimated,1.25,2.0,5,2386.6,-0.29999507393094393,0.00913289026965144,0.37191875866969376,0.006151696673705103,0.4395492454652698,0.006293609120786105
2pl,20,10000,-0.4,2pl_n20_p10000_rho-0.4,vi,rule_stable,5,5,a,estimated,2.0,inf,5,242.4,-0.8429923092306613,0.005060275375071062,0.8470181686208853,0.005592904547100722,0.9238389582663157,0.009836291014901547
2pl,20,1000,0.0,2pl_n20_p1000_rho+0.0,jml,all_returned,5,5,theta,estimated,-inf,-1.5,4,2.0,-0.4743123813021454,0.10747898605152473,0.4743123813021454,0.10747898605152473,0.5732857222100124,0.11317827413569255
2pl,20,1000,0.0,2pl_n20_p1000_rho+0.0,jml,all_returned,5,5,theta,estimated,-1.5,-0.5,5,6.0,-0.11138746570748533,0.026416875584255782,0.1419334369771253,0.015902033429820318,0.1686727265558167,0.017625059186765046
2pl,20,1000,0.0,2pl_n20_p1000_rho+0.0,jml,all_returned,5,5,theta,estimated,-0.5,0.5,5,7.8,-0.09778442001600517,0.01385523174158514,0.11185068204096464,0.00827508147684315,0.13258328823319468,0.00468975919101708
2pl,20,1000,0.0,2pl_n20_p1000_rho+0.0,jml,all_returned,5,5,theta,estimated,0.5,1.5,5,2.8,0.057101936240936,0.09422592951161411,0.19126250694021074,0.029570756738541336,0.23625432217667247,0.039945192135875024
2pl,20,1000,0.0,2pl_n20_p1000_rho+0.0,jml,all_returned,5,5,theta,estimated,1.5,inf,5,1.8,0.8423533322498991,0.2521784422361623,0.8423533322498991,0.2521784422361623,1.0310904674948038,0.21161934004441424
2pl,20,1000,0.0,2pl_n20_p1000_rho+0.0,jml,all_returned,5,5,b,estimated,-inf,-1.0,5,103.8,-0.26650224734190026,0.03822563674915362,0.6831440888387514,0.03290973104644651,0.915865294108422,0.05111148441819512
2pl,20,1000,0.0,2pl_n20_p1000_rho+0.0,jml,all_returned,5,5,b,estimated,-1.0,-0.5,5,164.8,-0.12601536463175705,0.012734664338312142,0.5607207335837041,0.01760770889517779,0.787127530688108,0.023988731519720995
2pl,20,1000,0.0,2pl_n20_p1000_rho+0.0,jml,all_returned,5,5,b,estimated,-0.5,0.0,5,226.6,-0.054365833448871324,0.015163273805695132,0.5549169335275378,0.011392657579879301,0.7628646951206113,0.018442069636566163
2pl,20,1000,0.0,2pl_n20_p1000_rho+0.0,jml,all_returned,5,5,b,estimated,0.0,0.5,5,235.8,0.014442744855378048,0.01635170924142444,0.5943936715791583,0.018993306843662256,0.7977537935317793,0.020447961103969955
2pl,20,1000,0.0,2pl_n20_p1000_rho+0.0,jml,all_returned,5,5,b,estimated,0.5,1.0,5,163.4,0.18761595790669489,0.03150829809030817,0.695028524996743,0.048190673286679246,0.9185130571021788,0.06284695029386929
2pl,20,1000,0.0,2pl_n20_p1000_rho+0.0,jml,all_returned,5,5,b,estimated,1.0,inf,5,105.6,0.2568376069963101,0.07776752346017851,0.8244539265998625,0.05705226788763546,1.090940517097753,0.06697828424909325
2pl,20,1000,0.0,2pl_n20_p1000_rho+0.0,jml,all_returned,5,5,log_a,estimated,-inf,-0.5,5,76.8,-0.0545792893865351,0.03716719077306853,0.5891271034241846,0.026578802654243748,0.7388471454495337,0.038613135225690105
2pl,20,1000,0.0,2pl_n20_p1000_rho+0.0,jml,all_returned,5,5,log_a,estimated,-0.5,-0.25,5,165.6,-0.05672007723740417,0.04410584882821314,0.5747440202103455,0.028997083463759527,0.7474175119730658,0.03228542664391101
2pl,20,1000,0.0,2pl_n20_p1000_rho+0.0,jml,all_returned,5,5,log_a,estimated,-0.25,0.0,5,262.0,-0.03915707961634344,0.01831217249012284,0.5802687592392148,0.010929215437832148,0.7651032119493585,0.01894256660269464
2pl,20,1000,0.0,2pl_n20_p1000_rho+0.0,jml,all_returned,5,5,log_a,estimated,0.0,0.25,5,253.4,-0.028770764781590907,0.026614497169668447,0.5864857980363479,0.026787161836481017,0.7675238214355623,0.03311101287205381
2pl,20,1000,0.0,2pl_n20_p1000_rho+0.0,jml,all_returned,5,5,log_a,estimated,0.25,0.5,5,162.4,0.1077073847417733,0.050577400650616694,0.5803581176020006,0.032647931046739784,0.7965829448850257,0.043851268033106516
2pl,20,1000,0.0,2pl_n20_p1000_rho+0.0,jml,all_returned,5,5,log_a,estimated,0.5,inf,5,79.8,0.16635917167702563,0.0584657088891234,0.606162190627079,0.04285622176955514,0.8130075384464406,0.05566899345498876
2pl,20,1000,0.0,2pl_n20_p1000_rho+0.0,jml,all_returned,5,5,a,estimated,0.0,0.5,5,24.2,0.12078964138049134,0.049492406107960775,0.3035870307432953,0.051170781455259655,0.587738394851672,0.17405154126144412
2pl,20,1000,0.0,2pl_n20_p1000_rho+0.0,jml,all_returned,5,5,a,estimated,0.5,0.8,5,239.2,0.20759608004791152,0.0329935624094203,0.5034735161597775,0.031623427494928545,1.4374040675507405,0.25810371968019064
2pl,20,1000,0.0,2pl_n20_p1000_rho+0.0,jml,all_returned,5,5,a,estimated,0.8,1.0,5,241.0,0.3936488140704152,0.061244081478547104,0.7613737185342697,0.0649592406330025,2.516657837182766,0.3825514739355175
2pl,20,1000,0.0,2pl_n20_p1000_rho+0.0,jml,all_returned,5,5,a,estimated,1.0,1.25,5,228.8,0.426415695283906,0.12112199377231753,0.8924130530310922,0.12051214641500431,2.3534649474559646,0.4682316082769815
2pl,20,1000,0.0,2pl_n20_p1000_rho+0.0,jml,all_returned,5,5,a,estimated,1.25,2.0,5,240.2,1.062574452915151,0.10320513592276853,1.5622494862133784,0.09302411095408857,3.9857708192759596,0.37968474284541787
2pl,20,1000,0.0,2pl_n20_p1000_rho+0.0,jml,all_returned,5,5,a,estimated,2.0,inf,5,26.6,1.5926510392517002,0.4406682247701616,2.4043884648463503,0.4484053373095948,5.349918053648406,1.1707776895474615
2pl,20,1000,0.0,2pl_n20_p1000_rho+0.0,jml,rule_stable,5,5,theta,estimated,-inf,-1.5,4,2.0,-0.4743123813021454,0.10747898605152473,0.4743123813021454,0.10747898605152473,0.5732857222100124,0.11317827413569255
2pl,20,1000,0.0,2pl_n20_p1000_rho+0.0,jml,rule_stable,5,5,theta,estimated,-1.5,-0.5,5,6.0,-0.11138746570748533,0.026416875584255782,0.1419334369771253,0.015902033429820318,0.1686727265558167,0.017625059186765046
2pl,20,1000,0.0,2pl_n20_p1000_rho+0.0,jml,rule_stable,5,5,theta,estimated,-0.5,0.5,5,7.8,-0.09778442001600517,0.01385523174158514,0.11185068204096464,0.00827508147684315,0.13258328823319468,0.00468975919101708
2pl,20,1000,0.0,2pl_n20_p1000_rho+0.0,jml,rule_stable,5,5,theta,estimated,0.5,1.5,5,2.8,0.057101936240936,0.09422592951161411,0.19126250694021074,0.029570756738541336,0.23625432217667247,0.039945192135875024
2pl,20,1000,0.0,2pl_n20_p1000_rho+0.0,jml,rule_stable,5,5,theta,estimated,1.5,inf,5,1.8,0.8423533322498991,0.2521784422361623,0.8423533322498991,0.2521784422361623,1.0310904674948038,0.21161934004441424
2pl,20,1000,0.0,2pl_n20_p1000_rho+0.0,jml,rule_stable,5,5,b,estimated,-inf,-1.0,5,103.8,-0.26650224734190026,0.03822563674915362,0.6831440888387514,0.03290973104644651,0.915865294108422,0.05111148441819512
2pl,20,1000,0.0,2pl_n20_p1000_rho+0.0,jml,rule_stable,5,5,b,estimated,-1.0,-0.5,5,164.8,-0.12601536463175705,0.012734664338312142,0.5607207335837041,0.01760770889517779,0.787127530688108,0.023988731519720995
2pl,20,1000,0.0,2pl_n20_p1000_rho+0.0,jml,rule_stable,5,5,b,estimated,-0.5,0.0,5,226.6,-0.054365833448871324,0.015163273805695132,0.5549169335275378,0.011392657579879301,0.7628646951206113,0.018442069636566163
2pl,20,1000,0.0,2pl_n20_p1000_rho+0.0,jml,rule_stable,5,5,b,estimated,0.0,0.5,5,235.8,0.014442744855378048,0.01635170924142444,0.5943936715791583,0.018993306843662256,0.7977537935317793,0.020447961103969955
2pl,20,1000,0.0,2pl_n20_p1000_rho+0.0,jml,rule_stable,5,5,b,estimated,0.5,1.0,5,163.4,0.18761595790669489,0.03150829809030817,0.695028524996743,0.048190673286679246,0.9185130571021788,0.06284695029386929
2pl,20,1000,0.0,2pl_n20_p1000_rho+0.0,jml,rule_stable,5,5,b,estimated,1.0,inf,5,105.6,0.2568376069963101,0.07776752346017851,0.8244539265998625,0.05705226788763546,1.090940517097753,0.06697828424909325
2pl,20,1000,0.0,2pl_n20_p1000_rho+0.0,jml,rule_stable,5,5,log_a,estimated,-inf,-0.5,5,76.8,-0.0545792893865351,0.03716719077306853,0.5891271034241846,0.026578802654243748,0.7388471454495337,0.038613135225690105
2pl,20,1000,0.0,2pl_n20_p1000_rho+0.0,jml,rule_stable,5,5,log_a,estimated,-0.5,-0.25,5,165.6,-0.05672007723740417,0.04410584882821314,0.5747440202103455,0.028997083463759527,0.7474175119730658,0.03228542664391101
2pl,20,1000,0.0,2pl_n20_p1000_rho+0.0,jml,rule_stable,5,5,log_a,estimated,-0.25,0.0,5,262.0,-0.03915707961634344,0.01831217249012284,0.5802687592392148,0.010929215437832148,0.7651032119493585,0.01894256660269464
2pl,20,1000,0.0,2pl_n20_p1000_rho+0.0,jml,rule_stable,5,5,log_a,estimated,0.0,0.25,5,253.4,-0.028770764781590907,0.026614497169668447,0.5864857980363479,0.026787161836481017,0.7675238214355623,0.03311101287205381
2pl,20,1000,0.0,2pl_n20_p1000_rho+0.0,jml,rule_stable,5,5,log_a,estimated,0.25,0.5,5,162.4,0.1077073847417733,0.050577400650616694,0.5803581176020006,0.032647931046739784,0.7965829448850257,0.043851268033106516
2pl,20,1000,0.0,2pl_n20_p1000_rho+0.0,jml,rule_stable,5,5,log_a,estimated,0.5,inf,5,79.8,0.16635917167702563,0.0584657088891234,0.606162190627079,0.04285622176955514,0.8130075384464406,0.05566899345498876
2pl,20,1000,0.0,2pl_n20_p1000_rho+0.0,jml,rule_stable,5,5,a,estimated,0.0,0.5,5,24.2,0.12078964138049134,0.049492406107960775,0.3035870307432953,0.051170781455259655,0.587738394851672,0.17405154126144412
2pl,20,1000,0.0,2pl_n20_p1000_rho+0.0,jml,rule_stable,5,5,a,estimated,0.5,0.8,5,239.2,0.20759608004791152,0.0329935624094203,0.5034735161597775,0.031623427494928545,1.4374040675507405,0.25810371968019064
2pl,20,1000,0.0,2pl_n20_p1000_rho+0.0,jml,rule_stable,5,5,a,estimated,0.8,1.0,5,241.0,0.3936488140704152,0.061244081478547104,0.7613737185342697,0.0649592406330025,2.516657837182766,0.3825514739355175
2pl,20,1000,0.0,2pl_n20_p1000_rho+0.0,jml,rule_stable,5,5,a,estimated,1.0,1.25,5,228.8,0.426415695283906,0.12112199377231753,0.8924130530310922,0.12051214641500431,2.3534649474559646,0.4682316082769815
2pl,20,1000,0.0,2pl_n20_p1000_rho+0.0,jml,rule_stable,5,5,a,estimated,1.25,2.0,5,240.2,1.062574452915151,0.10320513592276853,1.5622494862133784,0.09302411095408857,3.9857708192759596,0.37968474284541787
2pl,20,1000,0.0,2pl_n20_p1000_rho+0.0,jml,rule_stable,5,5,a,estimated,2.0,inf,5,26.6,1.5926510392517002,0.4406682247701616,2.4043884648463503,0.4484053373095948,5.349918053648406,1.1707776895474615
2pl,20,1000,0.0,2pl_n20_p1000_rho+0.0,tbaem_c,all_returned,5,5,theta,estimated,-inf,-1.5,4,2.0,-0.14669537130240473,0.04830429633388896,0.15477385476157102,0.04754855646541715,0.18323212151393892,0.03613529078203974
2pl,20,1000,0.0,2pl_n20_p1000_rho+0.0,tbaem_c,all_returned,5,5,theta,estimated,-1.5,-0.5,5,6.0,-0.07380821720606114,0.012850943047500545,0.09065164591042543,0.006956549898907827,0.1125030517319905,0.009507648625734312
2pl,20,1000,0.0,2pl_n20_p1000_rho+0.0,tbaem_c,all_returned,5,5,theta,estimated,-0.5,0.5,5,7.8,-0.011664065277905429,0.013937995606327242,0.059681151188234985,0.004631960208295758,0.07475844391869052,0.005391464360910759
2pl,20,1000,0.0,2pl_n20_p1000_rho+0.0,tbaem_c,all_returned,5,5,theta,estimated,0.5,1.5,5,2.8,0.09072751796076435,0.02576940058211113,0.09072751796076435,0.02576940058211113,0.10951187854973118,0.021924832220336456
2pl,20,1000,0.0,2pl_n20_p1000_rho+0.0,tbaem_c,all_returned,5,5,theta,estimated,1.5,inf,5,1.8,0.1448822700671836,0.04999830294296682,0.1610999616455327,0.04139294219658794,0.19942983390536756,0.04573675198093991
2pl,20,1000,0.0,2pl_n20_p1000_rho+0.0,tbaem_c,all_returned,5,5,b,estimated,-inf,-1.0,5,103.8,0.35401344029006004,0.02954082439708007,0.4408688742440189,0.012007131205057607,0.5617002195517141,0.012780742654512081
2pl,20,1000,0.0,2pl_n20_p1000_rho+0.0,tbaem_c,all_returned,5,5,b,estimated,-1.0,-0.5,5,164.8,0.1938382050222468,0.007183178978722169,0.3550790949964198,0.006019571093054084,0.45784598320463143,0.01194334982446276
2pl,20,1000,0.0,2pl_n20_p1000_rho+0.0,tbaem_c,all_returned,5,5,b,estimated,-0.5,0.0,5,226.6,0.07491367130304324,0.005622548643074421,0.332267648915807,0.007910643557606688,0.41877438867362404,0.009459600589787573
2pl,20,1000,0.0,2pl_n20_p1000_rho+0.0,tbaem_c,all_returned,5,5,b,estimated,0.0,0.5,5,235.8,-0.05494945995604641,0.005584695686819894,0.33766980376899036,0.012024229915472097,0.42040907635916347,0.014893206135190015
2pl,20,1000,0.0,2pl_n20_p1000_rho+0.0,tbaem_c,all_returned,5,5,b,estimated,0.5,1.0,5,163.4,-0.1790297794161988,0.008728863543778616,0.3529468471947931,0.011023180451974972,0.4430300810194848,0.010582302719308349
2pl,20,1000,0.0,2pl_n20_p1000_rho+0.0,tbaem_c,all_returned,5,5,b,estimated,1.0,inf,5,105.6,-0.4135757100544869,0.04147103020770534,0.501446733537298,0.02861415228297171,0.6322078438495589,0.037354768827616
2pl,20,1000,0.0,2pl_n20_p1000_rho+0.0,tbaem_c,all_returned,5,5,log_a,estimated,-inf,-0.5,5,76.8,0.4900360537439846,0.014765580840673866,0.49052745349454785,0.014725727792313252,0.5298405347132006,0.014551989683538305
2pl,20,1000,0.0,2pl_n20_p1000_rho+0.0,tbaem_c,all_returned,5,5,log_a,estimated,-0.5,-0.25,5,165.6,0.2615976940439043,0.011315106030107783,0.27170787506844263,0.008062416339932628,0.3175162810889083,0.005555197779207966
2pl,20,1000,0.0,2pl_n20_p1000_rho+0.0,tbaem_c,all_returned,5,5,log_a,estimated,-0.25,0.0,5,262.0,0.08463122771223175,0.004780687855120401,0.15733926887500424,0.004633327058827083,0.19600096873717102,0.006000594221130947
2pl,20,1000,0.0,2pl_n20_p1000_rho+0.0,tbaem_c,all_returned,5,5,log_a,estimated,0.0,0.25,5,253.4,-0.09291177956066837,0.006155379073282367,0.1561368731435332,0.004485629457316235,0.1945179473171347,0.004135990267710681
2pl,20,1000,0.0,2pl_n20_p1000_rho+0.0,tbaem_c,all_returned,5,5,log_a,estimated,0.25,0.5,5,162.4,-0.25299533423032156,0.012230814644184226,0.2597274881426563,0.010129003064203395,0.29775181930298705,0.010082288545172844
2pl,20,1000,0.0,2pl_n20_p1000_rho+0.0,tbaem_c,all_returned,5,5,log_a,estimated,0.5,inf,5,79.8,-0.4836469886562031,0.009431224185189109,0.4836469886562031,0.009431224185189109,0.5132673376916587,0.007785715200338475
2pl,20,1000,0.0,2pl_n20_p1000_rho+0.0,tbaem_c,all_returned,5,5,a,estimated,0.0,0.5,5,24.2,0.38563446912057764,0.015477740673327337,0.38563446912057764,0.015477740673327337,0.40762246531614743,0.015180613388830099
2pl,20,1000,0.0,2pl_n20_p1000_rho+0.0,tbaem_c,all_returned,5,5,a,estimated,0.5,0.8,5,239.2,0.23392112220954414,0.007293571860746489,0.2416002546190831,0.005325583840119327,0.2900736071949011,0.0029240623714138865
2pl,20,1000,0.0,2pl_n20_p1000_rho+0.0,tbaem_c,all_returned,5,5,a,estimated,0.8,1.0,5,241.0,0.08690451083367498,0.0050123548996845605,0.15012212943969594,0.004412901736424324,0.19356585268077617,0.006464286627246319
2pl,20,1000,0.0,2pl_n20_p1000_rho+0.0,tbaem_c,all_returned,5,5,a,estimated,1.0,1.25,5,228.8,-0.07779713469155405,0.008722873606673908,0.15746722345132252,0.00541142965253066,0.1931779399372248,0.00558916890803211
2pl,20,1000,0.0,2pl_n20_p1000_rho+0.0,tbaem_c,all_returned,5,5,a,estimated,1.25,2.0,5,240.2,-0.36255005836943643,0.010966459499780193,0.37304973560843663,0.007985249746240751,0.4261002900557421,0.006335823069676224
2pl,20,1000,0.0,2pl_n20_p1000_rho+0.0,tbaem_c,all_returned,5,5,a,estimated,2.0,inf,5,26.6,-1.060268741968545,0.013799343793009917,1.060268741968545,0.013799343793009917,1.0955717291927756,0.012939807672623252
2pl,20,1000,0.0,2pl_n20_p1000_rho+0.0,tbaem_c,rule_stable,5,5,theta,estimated,-inf,-1.5,4,2.0,-0.14669537130240473,0.04830429633388896,0.15477385476157102,0.04754855646541715,0.18323212151393892,0.03613529078203974
2pl,20,1000,0.0,2pl_n20_p1000_rho+0.0,tbaem_c,rule_stable,5,5,theta,estimated,-1.5,-0.5,5,6.0,-0.07380821720606114,0.012850943047500545,0.09065164591042543,0.006956549898907827,0.1125030517319905,0.009507648625734312
2pl,20,1000,0.0,2pl_n20_p1000_rho+0.0,tbaem_c,rule_stable,5,5,theta,estimated,-0.5,0.5,5,7.8,-0.011664065277905429,0.013937995606327242,0.059681151188234985,0.004631960208295758,0.07475844391869052,0.005391464360910759
2pl,20,1000,0.0,2pl_n20_p1000_rho+0.0,tbaem_c,rule_stable,5,5,theta,estimated,0.5,1.5,5,2.8,0.09072751796076435,0.02576940058211113,0.09072751796076435,0.02576940058211113,0.10951187854973118,0.021924832220336456
2pl,20,1000,0.0,2pl_n20_p1000_rho+0.0,tbaem_c,rule_stable,5,5,theta,estimated,1.5,inf,5,1.8,0.1448822700671836,0.04999830294296682,0.1610999616455327,0.04139294219658794,0.19942983390536756,0.04573675198093991
2pl,20,1000,0.0,2pl_n20_p1000_rho+0.0,tbaem_c,rule_stable,5,5,b,estimated,-inf,-1.0,5,103.8,0.35401344029006004,0.02954082439708007,0.4408688742440189,0.012007131205057607,0.5617002195517141,0.012780742654512081
2pl,20,1000,0.0,2pl_n20_p1000_rho+0.0,tbaem_c,rule_stable,5,5,b,estimated,-1.0,-0.5,5,164.8,0.1938382050222468,0.007183178978722169,0.3550790949964198,0.006019571093054084,0.45784598320463143,0.01194334982446276
2pl,20,1000,0.0,2pl_n20_p1000_rho+0.0,tbaem_c,rule_stable,5,5,b,estimated,-0.5,0.0,5,226.6,0.07491367130304324,0.005622548643074421,0.332267648915807,0.007910643557606688,0.41877438867362404,0.009459600589787573
2pl,20,1000,0.0,2pl_n20_p1000_rho+0.0,tbaem_c,rule_stable,5,5,b,estimated,0.0,0.5,5,235.8,-0.05494945995604641,0.005584695686819894,0.33766980376899036,0.012024229915472097,0.42040907635916347,0.014893206135190015
2pl,20,1000,0.0,2pl_n20_p1000_rho+0.0,tbaem_c,rule_stable,5,5,b,estimated,0.5,1.0,5,163.4,-0.1790297794161988,0.008728863543778616,0.3529468471947931,0.011023180451974972,0.4430300810194848,0.010582302719308349
2pl,20,1000,0.0,2pl_n20_p1000_rho+0.0,tbaem_c,rule_stable,5,5,b,estimated,1.0,inf,5,105.6,-0.4135757100544869,0.04147103020770534,0.501446733537298,0.02861415228297171,0.6322078438495589,0.037354768827616
2pl,20,1000,0.0,2pl_n20_p1000_rho+0.0,tbaem_c,rule_stable,5,5,log_a,estimated,-inf,-0.5,5,76.8,0.4900360537439846,0.014765580840673866,0.49052745349454785,0.014725727792313252,0.5298405347132006,0.014551989683538305
2pl,20,1000,0.0,2pl_n20_p1000_rho+0.0,tbaem_c,rule_stable,5,5,log_a,estimated,-0.5,-0.25,5,165.6,0.2615976940439043,0.011315106030107783,0.27170787506844263,0.008062416339932628,0.3175162810889083,0.005555197779207966
2pl,20,1000,0.0,2pl_n20_p1000_rho+0.0,tbaem_c,rule_stable,5,5,log_a,estimated,-0.25,0.0,5,262.0,0.08463122771223175,0.004780687855120401,0.15733926887500424,0.004633327058827083,0.19600096873717102,0.006000594221130947
2pl,20,1000,0.0,2pl_n20_p1000_rho+0.0,tbaem_c,rule_stable,5,5,log_a,estimated,0.0,0.25,5,253.4,-0.09291177956066837,0.006155379073282367,0.1561368731435332,0.004485629457316235,0.1945179473171347,0.004135990267710681
2pl,20,1000,0.0,2pl_n20_p1000_rho+0.0,tbaem_c,rule_stable,5,5,log_a,estimated,0.25,0.5,5,162.4,-0.25299533423032156,0.012230814644184226,0.2597274881426563,0.010129003064203395,0.29775181930298705,0.010082288545172844
2pl,20,1000,0.0,2pl_n20_p1000_rho+0.0,tbaem_c,rule_stable,5,5,log_a,estimated,0.5,inf,5,79.8,-0.4836469886562031,0.009431224185189109,0.4836469886562031,0.009431224185189109,0.5132673376916587,0.007785715200338475
2pl,20,1000,0.0,2pl_n20_p1000_rho+0.0,tbaem_c,rule_stable,5,5,a,estimated,0.0,0.5,5,24.2,0.38563446912057764,0.015477740673327337,0.38563446912057764,0.015477740673327337,0.40762246531614743,0.015180613388830099
2pl,20,1000,0.0,2pl_n20_p1000_rho+0.0,tbaem_c,rule_stable,5,5,a,estimated,0.5,0.8,5,239.2,0.23392112220954414,0.007293571860746489,0.2416002546190831,0.005325583840119327,0.2900736071949011,0.0029240623714138865
2pl,20,1000,0.0,2pl_n20_p1000_rho+0.0,tbaem_c,rule_stable,5,5,a,estimated,0.8,1.0,5,241.0,0.08690451083367498,0.0050123548996845605,0.15012212943969594,0.004412901736424324,0.19356585268077617,0.006464286627246319
2pl,20,1000,0.0,2pl_n20_p1000_rho+0.0,tbaem_c,rule_stable,5,5,a,estimated,1.0,1.25,5,228.8,-0.07779713469155405,0.008722873606673908,0.15746722345132252,0.00541142965253066,0.1931779399372248,0.00558916890803211
2pl,20,1000,0.0,2pl_n20_p1000_rho+0.0,tbaem_c,rule_stable,5,5,a,estimated,1.25,2.0,5,240.2,-0.36255005836943643,0.010966459499780193,0.37304973560843663,0.007985249746240751,0.4261002900557421,0.006335823069676224
2pl,20,1000,0.0,2pl_n20_p1000_rho+0.0,tbaem_c,rule_stable,5,5,a,estimated,2.0,inf,5,26.6,-1.060268741968545,0.013799343793009917,1.060268741968545,0.013799343793009917,1.0955717291927756,0.012939807672623252
2pl,20,1000,0.0,2pl_n20_p1000_rho+0.0,tbaem_d,all_returned,5,5,theta,estimated,-inf,-1.5,4,2.0,-0.15093464288160371,0.04868687946801788,0.1573623267072508,0.04807365874481028,0.1879956013304726,0.03559818203561874
2pl,20,1000,0.0,2pl_n20_p1000_rho+0.0,tbaem_d,all_returned,5,5,theta,estimated,-1.5,-0.5,5,6.0,-0.06888616752349383,0.011184303672284126,0.08713634861255042,0.006332948937285341,0.10871897614270587,0.009444114326922336
2pl,20,1000,0.0,2pl_n20_p1000_rho+0.0,tbaem_d,all_returned,5,5,theta,estimated,-0.5,0.5,5,7.8,-0.004222352032686065,0.01597554783651005,0.06097765080708968,0.0033731798462582887,0.07520218927627738,0.004838485354225961
2pl,20,1000,0.0,2pl_n20_p1000_rho+0.0,tbaem_d,all_returned,5,5,theta,estimated,0.5,1.5,5,2.8,0.0919737479306719,0.025154700151801733,0.0919737479306719,0.025154700151801733,0.10997297195110943,0.021392167232631026
2pl,20,1000,0.0,2pl_n20_p1000_rho+0.0,tbaem_d,all_returned,5,5,theta,estimated,1.5,inf,5,1.8,0.12052535299994094,0.04274369712977294,0.13808105370251278,0.035721137992518914,0.17262447872517794,0.041194458945978556
2pl,20,1000,0.0,2pl_n20_p1000_rho+0.0,tbaem_d,all_returned,5,5,b,estimated,-inf,-1.0,5,103.8,0.3585823914925826,0.02884381025153229,0.4429590468795438,0.012474047194321434,0.5625664140529905,0.012814928499382589
2pl,20,1000,0.0,2pl_n20_p1000_rho+0.0,tbaem_d,all_returned,5,5,b,estimated,-1.0,-0.5,5,164.8,0.1965566234568324,0.007057254526881506,0.3549195819094492,0.00625369204633953,0.45644641419100085,0.011571297972611909
2pl,20,1000,0.0,2pl_n20_p1000_rho+0.0,tbaem_d,all_returned,5,5,b,estimated,-0.5,0.0,5,226.6,0.07556582127815964,0.005548515823454646,0.33027112181164026,0.00806640328166243,0.41632499415619983,0.009917809501306232
2pl,20,1000,0.0,2pl_n20_p1000_rho+0.0,tbaem_d,all_returned,5,5,b,estimated,0.0,0.5,5,235.8,-0.05585430870704081,0.005466439128942528,0.3365170009842334,0.011876918650551188,0.419189047735203,0.014775381793245309
2pl,20,1000,0.0,2pl_n20_p1000_rho+0.0,tbaem_d,all_returned,5,5,b,estimated,0.5,1.0,5,163.4,-0.1825217630372427,0.008109302841415738,0.3534872128957548,0.011249249266351551,0.4438779915898515,0.011029904236802366
2pl,20,1000,0.0,2pl_n20_p1000_rho+0.0,tbaem_d,all_returned,5,5,b,estimated,1.0,inf,5,105.6,-0.41632554275102696,0.04150077932876977,0.503744771507158,0.028855006683122405,0.6343186117427143,0.037537374794543964
2pl,20,1000,0.0,2pl_n20_p1000_rho+0.0,tbaem_d,all_returned,5,5,log_a,estimated,-inf,-0.5,5,76.8,0.4915838546111179,0.013873698627178282,0.4920150378257803,0.013849273542453525,0.5296708023583551,0.013908515667951276
2pl,20,1000,0.0,2pl_n20_p1000_rho+0.0,tbaem_d,all_returned,5,5,log_a,estimated,-0.5,-0.25,5,165.6,0.2623884798189701,0.010929471884860402,0.2716875240728667,0.008039871106516393,0.3160927793556966,0.006001688177453875
2pl,20,1000,0.0,2pl_n20_p1000_rho+0.0,tbaem_d,all_returned,5,5,log_a,estimated,-0.25,0.0,5,262.0,0.08475562248245379,0.004950524034867393,0.15616363740734351,0.0040808025435164095,0.19398997802358736,0.00521988487004411
2pl,20,1000,0.0,2pl_n20_p1000_rho+0.0,tbaem_d,all_returned,5,5,log_a,estimated,0.0,0.25,5,253.4,-0.09310313115174541,0.006248598236092753,0.15538460830109233,0.0038714122616332197,0.19268811386018359,0.0032488399667994924
2pl,20,1000,0.0,2pl_n20_p1000_rho+0.0,tbaem_d,all_returned,5,5,log_a,estimated,0.25,0.5,5,162.4,-0.2535156841497747,0.012064595359410261,0.25934482170816653,0.010290342417078591,0.2972705530675875,0.010159535166620028
2pl,20,1000,0.0,2pl_n20_p1000_rho+0.0,tbaem_d,all_returned,5,5,log_a,estimated,0.5,inf,5,79.8,-0.48560955583039994,0.009626850390884838,0.48560955583039994,0.009626850390884838,0.513938575583399,0.008614763452460357
2pl,20,1000,0.0,2pl_n20_p1000_rho+0.0,tbaem_d,all_returned,5,5,a,estimated,0.0,0.5,5,24.2,0.3865385605545842,0.014368621184492378,0.3865385605545842,0.014368621184492378,0.40732529989577576,0.013835667654667072
2pl,20,1000,0.0,2pl_n20_p1000_rho+0.0,tbaem_d,all_returned,5,5,a,estimated,0.5,0.8,5,239.2,0.23416615375409916,0.007162015756588668,0.2413885105963304,0.005392736822161945,0.2881246396389421,0.0034258900088460944
2pl,20,1000,0.0,2pl_n20_p1000_rho+0.0,tbaem_d,all_returned,5,5,a,estimated,0.8,1.0,5,241.0,0.08659648551660745,0.005193877666783609,0.14891943484227363,0.0038555860345939044,0.19139110200314619,0.005643460343268372
2pl,20,1000,0.0,2pl_n20_p1000_rho+0.0,tbaem_d,all_returned,5,5,a,estimated,1.0,1.25,5,228.8,-0.0781298077089569,0.008668500465417117,0.1567120582603732,0.004879876747420517,0.1912065252007517,0.004728967937639473
2pl,20,1000,0.0,2pl_n20_p1000_rho+0.0,tbaem_d,all_returned,5,5,a,estimated,1.25,2.0,5,240.2,-0.36434248533592656,0.010141621142543685,0.37340964787281383,0.007828522866737232,0.4262935829173143,0.0061488881548684695
2pl,20,1000,0.0,2pl_n20_p1000_rho+0.0,tbaem_d,all_returned,5,5,a,estimated,2.0,inf,5,26.6,-1.0623638373662572,0.01545053091693601,1.0623638373662572,0.01545053091693601,1.09710857663333,0.01463543328769835
2pl,20,1000,0.0,2pl_n20_p1000_rho+0.0,tbaem_d,rule_stable,5,5,theta,estimated,-inf,-1.5,4,2.0,-0.15093464288160371,0.04868687946801788,0.1573623267072508,0.04807365874481028,0.1879956013304726,0.03559818203561874
2pl,20,1000,0.0,2pl_n20_p1000_rho+0.0,tbaem_d,rule_stable,5,5,theta,estimated,-1.5,-0.5,5,6.0,-0.06888616752349383,0.011184303672284126,0.08713634861255042,0.006332948937285341,0.10871897614270587,0.009444114326922336
2pl,20,1000,0.0,2pl_n20_p1000_rho+0.0,tbaem_d,rule_stable,5,5,theta,estimated,-0.5,0.5,5,7.8,-0.004222352032686065,0.01597554783651005,0.06097765080708968,0.0033731798462582887,0.07520218927627738,0.004838485354225961
2pl,20,1000,0.0,2pl_n20_p1000_rho+0.0,tbaem_d,rule_stable,5,5,theta,estimated,0.5,1.5,5,2.8,0.0919737479306719,0.025154700151801733,0.0919737479306719,0.025154700151801733,0.10997297195110943,0.021392167232631026
2pl,20,1000,0.0,2pl_n20_p1000_rho+0.0,tbaem_d,rule_stable,5,5,theta,estimated,1.5,inf,5,1.8,0.12052535299994094,0.04274369712977294,0.13808105370251278,0.035721137992518914,0.17262447872517794,0.041194458945978556
2pl,20,1000,0.0,2pl_n20_p1000_rho+0.0,tbaem_d,rule_stable,5,5,b,estimated,-inf,-1.0,5,103.8,0.3585823914925826,0.02884381025153229,0.4429590468795438,0.012474047194321434,0.5625664140529905,0.012814928499382589
2pl,20,1000,0.0,2pl_n20_p1000_rho+0.0,tbaem_d,rule_stable,5,5,b,estimated,-1.0,-0.5,5,164.8,0.1965566234568324,0.007057254526881506,0.3549195819094492,0.00625369204633953,0.45644641419100085,0.011571297972611909
2pl,20,1000,0.0,2pl_n20_p1000_rho+0.0,tbaem_d,rule_stable,5,5,b,estimated,-0.5,0.0,5,226.6,0.07556582127815964,0.005548515823454646,0.33027112181164026,0.00806640328166243,0.41632499415619983,0.009917809501306232
2pl,20,1000,0.0,2pl_n20_p1000_rho+0.0,tbaem_d,rule_stable,5,5,b,estimated,0.0,0.5,5,235.8,-0.05585430870704081,0.005466439128942528,0.3365170009842334,0.011876918650551188,0.419189047735203,0.014775381793245309
2pl,20,1000,0.0,2pl_n20_p1000_rho+0.0,tbaem_d,rule_stable,5,5,b,estimated,0.5,1.0,5,163.4,-0.1825217630372427,0.008109302841415738,0.3534872128957548,0.011249249266351551,0.4438779915898515,0.011029904236802366
2pl,20,1000,0.0,2pl_n20_p1000_rho+0.0,tbaem_d,rule_stable,5,5,b,estimated,1.0,inf,5,105.6,-0.41632554275102696,0.04150077932876977,0.503744771507158,0.028855006683122405,0.6343186117427143,0.037537374794543964
2pl,20,1000,0.0,2pl_n20_p1000_rho+0.0,tbaem_d,rule_stable,5,5,log_a,estimated,-inf,-0.5,5,76.8,0.4915838546111179,0.013873698627178282,0.4920150378257803,0.013849273542453525,0.5296708023583551,0.013908515667951276
2pl,20,1000,0.0,2pl_n20_p1000_rho+0.0,tbaem_d,rule_stable,5,5,log_a,estimated,-0.5,-0.25,5,165.6,0.2623884798189701,0.010929471884860402,0.2716875240728667,0.008039871106516393,0.3160927793556966,0.006001688177453875
2pl,20,1000,0.0,2pl_n20_p1000_rho+0.0,tbaem_d,rule_stable,5,5,log_a,estimated,-0.25,0.0,5,262.0,0.08475562248245379,0.004950524034867393,0.15616363740734351,0.0040808025435164095,0.19398997802358736,0.00521988487004411
2pl,20,1000,0.0,2pl_n20_p1000_rho+0.0,tbaem_d,rule_stable,5,5,log_a,estimated,0.0,0.25,5,253.4,-0.09310313115174541,0.006248598236092753,0.15538460830109233,0.0038714122616332197,0.19268811386018359,0.0032488399667994924
2pl,20,1000,0.0,2pl_n20_p1000_rho+0.0,tbaem_d,rule_stable,5,5,log_a,estimated,0.25,0.5,5,162.4,-0.2535156841497747,0.012064595359410261,0.25934482170816653,0.010290342417078591,0.2972705530675875,0.010159535166620028
2pl,20,1000,0.0,2pl_n20_p1000_rho+0.0,tbaem_d,rule_stable,5,5,log_a,estimated,0.5,inf,5,79.8,-0.48560955583039994,0.009626850390884838,0.48560955583039994,0.009626850390884838,0.513938575583399,0.008614763452460357
2pl,20,1000,0.0,2pl_n20_p1000_rho+0.0,tbaem_d,rule_stable,5,5,a,estimated,0.0,0.5,5,24.2,0.3865385605545842,0.014368621184492378,0.3865385605545842,0.014368621184492378,0.40732529989577576,0.013835667654667072
2pl,20,1000,0.0,2pl_n20_p1000_rho+0.0,tbaem_d,rule_stable,5,5,a,estimated,0.5,0.8,5,239.2,0.23416615375409916,0.007162015756588668,0.2413885105963304,0.005392736822161945,0.2881246396389421,0.0034258900088460944
2pl,20,1000,0.0,2pl_n20_p1000_rho+0.0,tbaem_d,rule_stable,5,5,a,estimated,0.8,1.0,5,241.0,0.08659648551660745,0.005193877666783609,0.14891943484227363,0.0038555860345939044,0.19139110200314619,0.005643460343268372
2pl,20,1000,0.0,2pl_n20_p1000_rho+0.0,tbaem_d,rule_stable,5,5,a,estimated,1.0,1.25,5,228.8,-0.0781298077089569,0.008668500465417117,0.1567120582603732,0.004879876747420517,0.1912065252007517,0.004728967937639473
2pl,20,1000,0.0,2pl_n20_p1000_rho+0.0,tbaem_d,rule_stable,5,5,a,estimated,1.25,2.0,5,240.2,-0.36434248533592656,0.010141621142543685,0.37340964787281383,0.007828522866737232,0.4262935829173143,0.0061488881548684695
2pl,20,1000,0.0,2pl_n20_p1000_rho+0.0,tbaem_d,rule_stable,5,5,a,estimated,2.0,inf,5,26.6,-1.0623638373662572,0.01545053091693601,1.0623638373662572,0.01545053091693601,1.09710857663333,0.01463543328769835
2pl,20,1000,0.0,2pl_n20_p1000_rho+0.0,vi,all_returned,5,5,theta,estimated,-inf,-1.5,4,2.0,-0.13720462576701054,0.04787956376936693,0.14711101883663216,0.04709915589881833,0.17504905953006136,0.0379556070429216
2pl,20,1000,0.0,2pl_n20_p1000_rho+0.0,vi,all_returned,5,5,theta,estimated,-1.5,-0.5,5,6.0,-0.058720027393741256,0.011290397355399107,0.08304173170429353,0.008037665996362993,0.10548041990981363,0.012062307035713574
2pl,20,1000,0.0,2pl_n20_p1000_rho+0.0,vi,all_returned,5,5,theta,estimated,-0.5,0.5,5,7.8,0.006191202115347969,0.017999972916644395,0.06317197925146151,0.002595233117276238,0.0785172002458937,0.004118385182513935
2pl,20,1000,0.0,2pl_n20_p1000_rho+0.0,vi,all_returned,5,5,theta,estimated,0.5,1.5,5,2.8,0.09823745575554078,0.022311878540328386,0.09823745575554078,0.022311878540328386,0.11275559244120512,0.020536476243343038
2pl,20,1000,0.0,2pl_n20_p1000_rho+0.0,vi,all_returned,5,5,theta,estimated,1.5,inf,5,1.8,0.07780414833610276,0.03561812846126038,0.09706868871536126,0.03250388111351115,0.13508858359348647,0.035917822851886286
2pl,20,1000,0.0,2pl_n20_p1000_rho+0.0,vi,all_returned,5,5,b,estimated,-inf,-1.0,5,103.8,0.18816528884710895,0.021468086007917896,0.4187362203257411,0.009840003983951085,0.5383421515426385,0.01261908577567118
2pl,20,1000,0.0,2pl_n20_p1000_rho+0.0,vi,all_returned,5,5,b,estimated,-1.0,-0.5,5,164.8,0.11462435309956653,0.004251015508966559,0.37867762655378934,0.00769696224391427,0.49064072133905023,0.015003835669660032
2pl,20,1000,0.0,2pl_n20_p1000_rho+0.0,vi,all_returned,5,5,b,estimated,-0.5,0.0,5,226.6,0.04490985668757393,0.00646109700903237,0.3760278631605531,0.007646841983438169,0.4758180252510804,0.009827297411695777
2pl,20,1000,0.0,2pl_n20_p1000_rho+0.0,vi,all_returned,5,5,b,estimated,0.0,0.5,5,235.8,-0.03498926809905687,0.007397227064751529,0.38837310655056073,0.012463146878234114,0.48630425936019966,0.015528448077148264
2pl,20,1000,0.0,2pl_n20_p1000_rho+0.0,vi,all_returned,5,5,b,estimated,0.5,1.0,5,163.4,-0.09444489239053036,0.0074930374379742785,0.3921403827654224,0.013622969665667685,0.49063515870960767,0.014386049768534775
2pl,20,1000,0.0,2pl_n20_p1000_rho+0.0,vi,all_returned,5,5,b,estimated,1.0,inf,5,105.6,-0.23707556208740127,0.03607268745372942,0.4852273021665055,0.022804180791438904,0.6221726523396157,0.030300130346566378
2pl,20,1000,0.0,2pl_n20_p1000_rho+0.0,vi,all_returned,5,5,log_a,estimated,-inf,-0.5,5,76.8,0.4079664269037786,0.012593621937395782,0.41714757296569516,0.01295483700462033,0.48460287671505387,0.016249230330414175
2pl,20,1000,0.0,2pl_n20_p1000_rho+0.0,vi,all_returned,5,5,log_a,estimated,-0.5,-0.25,5,165.6,0.20790359040945247,0.01434937289574208,0.2595807917871655,0.0072353156533796325,0.33000989097699396,0.00885750450351143
2pl,20,1000,0.0,2pl_n20_p1000_rho+0.0,vi,all_returned,5,5,log_a,estimated,-0.25,0.0,5,262.0,0.06299387136201498,0.007183990259644877,0.21319208122488117,0.0047736556491816,0.26936969263264116,0.005662629321466107
2pl,20,1000,0.0,2pl_n20_p1000_rho+0.0,vi,all_returned,5,5,log_a,estimated,0.0,0.25,5,253.4,-0.083466893148794,0.008646685403702717,0.22273211525514847,0.005227960097671807,0.2732474443771535,0.004884492972052643
2pl,20,1000,0.0,2pl_n20_p1000_rho+0.0,vi,all_returned,5,5,log_a,estimated,0.25,0.5,5,162.4,-0.19284604335660868,0.0164969478092941,0.25703894156223195,0.012456151476757068,0.3117056310306909,0.012830929961097822
2pl,20,1000,0.0,2pl_n20_p1000_rho+0.0,vi,all_returned,5,5,log_a,estimated,0.5,inf,5,79.8,-0.3750403966453465,0.016235257949627217,0.3814423700998623,0.014319863493743226,0.4439968342399277,0.011877811677199326
2pl,20,1000,0.0,2pl_n20_p1000_rho+0.0,vi,all_returned,5,5,a,estimated,0.0,0.5,5,24.2,0.3179260836260144,0.012404621636817678,0.3179260836260144,0.012404621636817678,0.36264742305881276,0.016818380677926
2pl,20,1000,0.0,2pl_n20_p1000_rho+0.0,vi,all_returned,5,5,a,estimated,0.5,0.8,5,239.2,0.1984901078821822,0.007748788269476179,0.23133201439234147,0.003984103907626626,0.31410469678801933,0.007555449979269571
2pl,20,1000,0.0,2pl_n20_p1000_rho+0.0,vi,all_returned,5,5,a,estimated,0.8,1.0,5,241.0,0.0883298889394134,0.007989369558735032,0.2095695459968796,0.004333295922109395,0.2839594822884852,0.006865591396953476
2pl,20,1000,0.0,2pl_n20_p1000_rho+0.0,vi,all_returned,5,5,a,estimated,1.0,1.25,5,228.8,-0.04866716261006408,0.012308434606669947,0.23309437146100037,0.006529563006227235,0.28838076746794983,0.007990385731472998
2pl,20,1000,0.0,2pl_n20_p1000_rho+0.0,vi,all_returned,5,5,a,estimated,1.25,2.0,5,240.2,-0.2612507848846719,0.010160548936645133,0.35031495920541544,0.00842966740676654,0.4150625846661705,0.005689636785458674
2pl,20,1000,0.0,2pl_n20_p1000_rho+0.0,vi,all_returned,5,5,a,estimated,2.0,inf,5,26.6,-0.8808696030605796,0.028811708004606203,0.8808696030605796,0.028811708004606203,0.9432183525706821,0.0267686338424069
2pl,20,1000,0.0,2pl_n20_p1000_rho+0.0,vi,rule_stable,5,5,theta,estimated,-inf,-1.5,4,2.0,-0.13720462576701054,0.04787956376936693,0.14711101883663216,0.04709915589881833,0.17504905953006136,0.0379556070429216
2pl,20,1000,0.0,2pl_n20_p1000_rho+0.0,vi,rule_stable,5,5,theta,estimated,-1.5,-0.5,5,6.0,-0.058720027393741256,0.011290397355399107,0.08304173170429353,0.008037665996362993,0.10548041990981363,0.012062307035713574
2pl,20,1000,0.0,2pl_n20_p1000_rho+0.0,vi,rule_stable,5,5,theta,estimated,-0.5,0.5,5,7.8,0.006191202115347969,0.017999972916644395,0.06317197925146151,0.002595233117276238,0.0785172002458937,0.004118385182513935
2pl,20,1000,0.0,2pl_n20_p1000_rho+0.0,vi,rule_stable,5,5,theta,estimated,0.5,1.5,5,2.8,0.09823745575554078,0.022311878540328386,0.09823745575554078,0.022311878540328386,0.11275559244120512,0.020536476243343038
2pl,20,1000,0.0,2pl_n20_p1000_rho+0.0,vi,rule_stable,5,5,theta,estimated,1.5,inf,5,1.8,0.07780414833610276,0.03561812846126038,0.09706868871536126,0.03250388111351115,0.13508858359348647,0.035917822851886286
2pl,20,1000,0.0,2pl_n20_p1000_rho+0.0,vi,rule_stable,5,5,b,estimated,-inf,-1.0,5,103.8,0.18816528884710895,0.021468086007917896,0.4187362203257411,0.009840003983951085,0.5383421515426385,0.01261908577567118
2pl,20,1000,0.0,2pl_n20_p1000_rho+0.0,vi,rule_stable,5,5,b,estimated,-1.0,-0.5,5,164.8,0.11462435309956653,0.004251015508966559,0.37867762655378934,0.00769696224391427,0.49064072133905023,0.015003835669660032
2pl,20,1000,0.0,2pl_n20_p1000_rho+0.0,vi,rule_stable,5,5,b,estimated,-0.5,0.0,5,226.6,0.04490985668757393,0.00646109700903237,0.3760278631605531,0.007646841983438169,0.4758180252510804,0.009827297411695777
2pl,20,1000,0.0,2pl_n20_p1000_rho+0.0,vi,rule_stable,5,5,b,estimated,0.0,0.5,5,235.8,-0.03498926809905687,0.007397227064751529,0.38837310655056073,0.012463146878234114,0.48630425936019966,0.015528448077148264
2pl,20,1000,0.0,2pl_n20_p1000_rho+0.0,vi,rule_stable,5,5,b,estimated,0.5,1.0,5,163.4,-0.09444489239053036,0.0074930374379742785,0.3921403827654224,0.013622969665667685,0.49063515870960767,0.014386049768534775
2pl,20,1000,0.0,2pl_n20_p1000_rho+0.0,vi,rule_stable,5,5,b,estimated,1.0,inf,5,105.6,-0.23707556208740127,0.03607268745372942,0.4852273021665055,0.022804180791438904,0.6221726523396157,0.030300130346566378
2pl,20,1000,0.0,2pl_n20_p1000_rho+0.0,vi,rule_stable,5,5,log_a,estimated,-inf,-0.5,5,76.8,0.4079664269037786,0.012593621937395782,0.41714757296569516,0.01295483700462033,0.48460287671505387,0.016249230330414175
2pl,20,1000,0.0,2pl_n20_p1000_rho+0.0,vi,rule_stable,5,5,log_a,estimated,-0.5,-0.25,5,165.6,0.20790359040945247,0.01434937289574208,0.2595807917871655,0.0072353156533796325,0.33000989097699396,0.00885750450351143
2pl,20,1000,0.0,2pl_n20_p1000_rho+0.0,vi,rule_stable,5,5,log_a,estimated,-0.25,0.0,5,262.0,0.06299387136201498,0.007183990259644877,0.21319208122488117,0.0047736556491816,0.26936969263264116,0.005662629321466107
2pl,20,1000,0.0,2pl_n20_p1000_rho+0.0,vi,rule_stable,5,5,log_a,estimated,0.0,0.25,5,253.4,-0.083466893148794,0.008646685403702717,0.22273211525514847,0.005227960097671807,0.2732474443771535,0.004884492972052643
2pl,20,1000,0.0,2pl_n20_p1000_rho+0.0,vi,rule_stable,5,5,log_a,estimated,0.25,0.5,5,162.4,-0.19284604335660868,0.0164969478092941,0.25703894156223195,0.012456151476757068,0.3117056310306909,0.012830929961097822
2pl,20,1000,0.0,2pl_n20_p1000_rho+0.0,vi,rule_stable,5,5,log_a,estimated,0.5,inf,5,79.8,-0.3750403966453465,0.016235257949627217,0.3814423700998623,0.014319863493743226,0.4439968342399277,0.011877811677199326
2pl,20,1000,0.0,2pl_n20_p1000_rho+0.0,vi,rule_stable,5,5,a,estimated,0.0,0.5,5,24.2,0.3179260836260144,0.012404621636817678,0.3179260836260144,0.012404621636817678,0.36264742305881276,0.016818380677926
2pl,20,1000,0.0,2pl_n20_p1000_rho+0.0,vi,rule_stable,5,5,a,estimated,0.5,0.8,5,239.2,0.1984901078821822,0.007748788269476179,0.23133201439234147,0.003984103907626626,0.31410469678801933,0.007555449979269571
2pl,20,1000,0.0,2pl_n20_p1000_rho+0.0,vi,rule_stable,5,5,a,estimated,0.8,1.0,5,241.0,0.0883298889394134,0.007989369558735032,0.2095695459968796,0.004333295922109395,0.2839594822884852,0.006865591396953476
2pl,20,1000,0.0,2pl_n20_p1000_rho+0.0,vi,rule_stable,5,5,a,estimated,1.0,1.25,5,228.8,-0.04866716261006408,0.012308434606669947,0.23309437146100037,0.006529563006227235,0.28838076746794983,0.007990385731472998
2pl,20,1000,0.0,2pl_n20_p1000_rho+0.0,vi,rule_stable,5,5,a,estimated,1.25,2.0,5,240.2,-0.2612507848846719,0.010160548936645133,0.35031495920541544,0.00842966740676654,0.4150625846661705,0.005689636785458674
2pl,20,1000,0.0,2pl_n20_p1000_rho+0.0,vi,rule_stable,5,5,a,estimated,2.0,inf,5,26.6,-0.8808696030605796,0.028811708004606203,0.8808696030605796,0.028811708004606203,0.9432183525706821,0.0267686338424069
2pl,20,1000,0.4,2pl_n20_p1000_rho+0.4,jml,all_returned,5,5,theta,estimated,-inf,-1.5,5,1.2,-0.9932830018410886,0.24167506278786954,0.9932830018410886,0.24167506278786954,1.1094161309039,0.2437807461264431
2pl,20,1000,0.4,2pl_n20_p1000_rho+0.4,jml,all_returned,5,5,theta,estimated,-1.5,-0.5,5,4.0,-0.10068212431801907,0.05116361964984698,0.15741779775107775,0.03018505429902264,0.20526063938261266,0.0494410183944126
2pl,20,1000,0.4,2pl_n20_p1000_rho+0.4,jml,all_returned,5,5,theta,estimated,-0.5,0.5,5,7.4,0.04777497870108383,0.04527348552538661,0.09283126442004067,0.029153526909278242,0.1243396985151794,0.03636385581932049
2pl,20,1000,0.4,2pl_n20_p1000_rho+0.4,jml,all_returned,5,5,theta,estimated,0.5,1.5,5,6.0,0.06723175024347397,0.026249902983032702,0.10220542077892922,0.019991224912232295,0.1356697924351325,0.017911817542040766
2pl,20,1000,0.4,2pl_n20_p1000_rho+0.4,jml,all_returned,5,5,theta,estimated,1.5,inf,4,1.75,0.5126928342755526,0.1093356627514953,0.5126928342755526,0.1093356627514953,0.5794290873715993,0.11203655799609542
2pl,20,1000,0.4,2pl_n20_p1000_rho+0.4,jml,all_returned,5,5,b,estimated,-inf,-1.0,5,107.2,-0.12391230542900185,0.05004265753657684,0.8073783186304542,0.04356594789278616,1.040587558848421,0.06126371855221934
2pl,20,1000,0.4,2pl_n20_p1000_rho+0.4,jml,all_returned,5,5,b,estimated,-1.0,-0.5,5,154.2,-0.17626459164147493,0.020818115171882243,0.7012958390392663,0.039991334757209646,0.963991710842138,0.040996893826360487
2pl,20,1000,0.4,2pl_n20_p1000_rho+0.4,jml,all_returned,5,5,b,estimated,-0.5,0.0,5,232.2,-0.09667978727939522,0.02014485860103554,0.582221209128152,0.0350481204767368,0.8169385694605554,0.04322094960467954
2pl,20,1000,0.4,2pl_n20_p1000_rho+0.4,jml,all_returned,5,5,b,estimated,0.0,0.5,5,246.4,0.02756986692972658,0.02799541338655271,0.5179494121570212,0.01330181304170896,0.7275715073692153,0.013445461115624282
2pl,20,1000,0.4,2pl_n20_p1000_rho+0.4,jml,all_returned,5,5,b,estimated,0.5,1.0,5,159.4,0.1569574977074954,0.022137861438794714,0.5541800709948534,0.013388123416077924,0.7753942412797684,0.019618951706712948
2pl,20,1000,0.4,2pl_n20_p1000_rho+0.4,jml,all_returned,5,5,b,estimated,1.0,inf,5,100.6,0.30926672976031466,0.03705657437586063,0.6487989207727465,0.02316626328413811,0.8743382677241037,0.02331786766924098
2pl,20,1000,0.4,2pl_n20_p1000_rho+0.4,jml,all_returned,5,5,log_a,estimated,-inf,-0.5,5,76.8,0.06849149569764794,0.03772797520198905,0.6034567388539493,0.019021901740663354,0.7600468242674766,0.02022324584662752
2pl,20,1000,0.4,2pl_n20_p1000_rho+0.4,jml,all_returned,5,5,log_a,estimated,-0.5,-0.25,5,156.0,0.012006141600925307,0.041926290108175446,0.6138877366907315,0.03202645638407665,0.812656777749789,0.044855816560705086
2pl,20,1000,0.4,2pl_n20_p1000_rho+0.4,jml,all_returned,5,5,log_a,estimated,-0.25,0.0,5,266.0,-0.06264304971374662,0.01812015362020933,0.58929739574586,0.03512882507766229,0.7690416734189927,0.04319696642797562
2pl,20,1000,0.4,2pl_n20_p1000_rho+0.4,jml,all_returned,5,5,log_a,estimated,0.0,0.25,5,269.8,-0.007620568692193738,0.015379466428431353,0.5874295774686007,0.013641757936724981,0.7713747027222921,0.016327909217295756
2pl,20,1000,0.4,2pl_n20_p1000_rho+0.4,jml,all_returned,5,5,log_a,estimated,0.25,0.5,5,159.4,0.05502651045953059,0.029172424236636223,0.5777069744154641,0.03281265488869838,0.7816787759176134,0.03750395335242229
2pl,20,1000,0.4,2pl_n20_p1000_rho+0.4,jml,all_returned,5,5,log_a,estimated,0.5,inf,5,72.0,0.0428577813931361,0.025236740800625646,0.5556077726367956,0.029472262862072444,0.7688805826798303,0.038592294001136423
2pl,20,1000,0.4,2pl_n20_p1000_rho+0.4,jml,all_returned,5,5,a,estimated,0.0,0.5,5,23.0,0.19976087263998604,0.03758683793468598,0.3611485494880764,0.027708971521645757,0.6256565892797971,0.1200700632588075
2pl,20,1000,0.4,2pl_n20_p1000_rho+0.4,jml,all_returned,5,5,a,estimated,0.5,0.8,5,233.8,0.36684913495212146,0.08985007903848076,0.6366170829311885,0.0868471828648129,2.442162180370566,0.6170799025814184
2pl,20,1000,0.4,2pl_n20_p1000_rho+0.4,jml,all_returned,5,5,a,estimated,0.8,1.0,5,242.0,0.31772585858882557,0.08164384981597489,0.7048219754037304,0.08876424781502368,1.9836376099563728,0.42270614736566764
2pl,20,1000,0.4,2pl_n20_p1000_rho+0.4,jml,all_returned,5,5,a,estimated,1.0,1.25,5,244.6,0.5394823686142487,0.046012564051765896,0.9766960513279139,0.04052143152414155,2.7857840314949502,0.1889598376648024
2pl,20,1000,0.4,2pl_n20_p1000_rho+0.4,jml,all_returned,5,5,a,estimated,1.25,2.0,5,231.8,0.7582095677305821,0.06294638548917675,1.3209946287232133,0.08401479053992117,3.7994774287317066,0.2223825553825361
2pl,20,1000,0.4,2pl_n20_p1000_rho+0.4,jml,all_returned,5,5,a,estimated,2.0,inf,5,24.8,2.2881909225154806,0.7364171121357173,3.0459061593668566,0.7177209774832595,8.842354662211864,2.3761810453289027
2pl,20,1000,0.4,2pl_n20_p1000_rho+0.4,jml,rule_stable,5,5,theta,estimated,-inf,-1.5,5,1.2,-0.9932830018410886,0.24167506278786954,0.9932830018410886,0.24167506278786954,1.1094161309039,0.2437807461264431
2pl,20,1000,0.4,2pl_n20_p1000_rho+0.4,jml,rule_stable,5,5,theta,estimated,-1.5,-0.5,5,4.0,-0.10068212431801907,0.05116361964984698,0.15741779775107775,0.03018505429902264,0.20526063938261266,0.0494410183944126
2pl,20,1000,0.4,2pl_n20_p1000_rho+0.4,jml,rule_stable,5,5,theta,estimated,-0.5,0.5,5,7.4,0.04777497870108383,0.04527348552538661,0.09283126442004067,0.029153526909278242,0.1243396985151794,0.03636385581932049
2pl,20,1000,0.4,2pl_n20_p1000_rho+0.4,jml,rule_stable,5,5,theta,estimated,0.5,1.5,5,6.0,0.06723175024347397,0.026249902983032702,0.10220542077892922,0.019991224912232295,0.1356697924351325,0.017911817542040766
2pl,20,1000,0.4,2pl_n20_p1000_rho+0.4,jml,rule_stable,5,5,theta,estimated,1.5,inf,4,1.75,0.5126928342755526,0.1093356627514953,0.5126928342755526,0.1093356627514953,0.5794290873715993,0.11203655799609542
2pl,20,1000,0.4,2pl_n20_p1000_rho+0.4,jml,rule_stable,5,5,b,estimated,-inf,-1.0,5,107.2,-0.12391230542900185,0.05004265753657684,0.8073783186304542,0.04356594789278616,1.040587558848421,0.06126371855221934
2pl,20,1000,0.4,2pl_n20_p1000_rho+0.4,jml,rule_stable,5,5,b,estimated,-1.0,-0.5,5,154.2,-0.17626459164147493,0.020818115171882243,0.7012958390392663,0.039991334757209646,0.963991710842138,0.040996893826360487
2pl,20,1000,0.4,2pl_n20_p1000_rho+0.4,jml,rule_stable,5,5,b,estimated,-0.5,0.0,5,232.2,-0.09667978727939522,0.02014485860103554,0.582221209128152,0.0350481204767368,0.8169385694605554,0.04322094960467954
2pl,20,1000,0.4,2pl_n20_p1000_rho+0.4,jml,rule_stable,5,5,b,estimated,0.0,0.5,5,246.4,0.02756986692972658,0.02799541338655271,0.5179494121570212,0.01330181304170896,0.7275715073692153,0.013445461115624282
2pl,20,1000,0.4,2pl_n20_p1000_rho+0.4,jml,rule_stable,5,5,b,estimated,0.5,1.0,5,159.4,0.1569574977074954,0.022137861438794714,0.5541800709948534,0.013388123416077924,0.7753942412797684,0.019618951706712948
2pl,20,1000,0.4,2pl_n20_p1000_rho+0.4,jml,rule_stable,5,5,b,estimated,1.0,inf,5,100.6,0.30926672976031466,0.03705657437586063,0.6487989207727465,0.02316626328413811,0.8743382677241037,0.02331786766924098
2pl,20,1000,0.4,2pl_n20_p1000_rho+0.4,jml,rule_stable,5,5,log_a,estimated,-inf,-0.5,5,76.8,0.06849149569764794,0.03772797520198905,0.6034567388539493,0.019021901740663354,0.7600468242674766,0.02022324584662752
2pl,20,1000,0.4,2pl_n20_p1000_rho+0.4,jml,rule_stable,5,5,log_a,estimated,-0.5,-0.25,5,156.0,0.012006141600925307,0.041926290108175446,0.6138877366907315,0.03202645638407665,0.812656777749789,0.044855816560705086
2pl,20,1000,0.4,2pl_n20_p1000_rho+0.4,jml,rule_stable,5,5,log_a,estimated,-0.25,0.0,5,266.0,-0.06264304971374662,0.01812015362020933,0.58929739574586,0.03512882507766229,0.7690416734189927,0.04319696642797562
2pl,20,1000,0.4,2pl_n20_p1000_rho+0.4,jml,rule_stable,5,5,log_a,estimated,0.0,0.25,5,269.8,-0.007620568692193738,0.015379466428431353,0.5874295774686007,0.013641757936724981,0.7713747027222921,0.016327909217295756
2pl,20,1000,0.4,2pl_n20_p1000_rho+0.4,jml,rule_stable,5,5,log_a,estimated,0.25,0.5,5,159.4,0.05502651045953059,0.029172424236636223,0.5777069744154641,0.03281265488869838,0.7816787759176134,0.03750395335242229
2pl,20,1000,0.4,2pl_n20_p1000_rho+0.4,jml,rule_stable,5,5,log_a,estimated,0.5,inf,5,72.0,0.0428577813931361,0.025236740800625646,0.5556077726367956,0.029472262862072444,0.7688805826798303,0.038592294001136423
2pl,20,1000,0.4,2pl_n20_p1000_rho+0.4,jml,rule_stable,5,5,a,estimated,0.0,0.5,5,23.0,0.19976087263998604,0.03758683793468598,0.3611485494880764,0.027708971521645757,0.6256565892797971,0.1200700632588075
2pl,20,1000,0.4,2pl_n20_p1000_rho+0.4,jml,rule_stable,5,5,a,estimated,0.5,0.8,5,233.8,0.36684913495212146,0.08985007903848076,0.6366170829311885,0.0868471828648129,2.442162180370566,0.6170799025814184
2pl,20,1000,0.4,2pl_n20_p1000_rho+0.4,jml,rule_stable,5,5,a,estimated,0.8,1.0,5,242.0,0.31772585858882557,0.08164384981597489,0.7048219754037304,0.08876424781502368,1.9836376099563728,0.42270614736566764
2pl,20,1000,0.4,2pl_n20_p1000_rho+0.4,jml,rule_stable,5,5,a,estimated,1.0,1.25,5,244.6,0.5394823686142487,0.046012564051765896,0.9766960513279139,0.04052143152414155,2.7857840314949502,0.1889598376648024
2pl,20,1000,0.4,2pl_n20_p1000_rho+0.4,jml,rule_stable,5,5,a,estimated,1.25,2.0,5,231.8,0.7582095677305821,0.06294638548917675,1.3209946287232133,0.08401479053992117,3.7994774287317066,0.2223825553825361
2pl,20,1000,0.4,2pl_n20_p1000_rho+0.4,jml,rule_stable,5,5,a,estimated,2.0,inf,5,24.8,2.2881909225154806,0.7364171121357173,3.0459061593668566,0.7177209774832595,8.842354662211864,2.3761810453289027
2pl,20,1000,0.4,2pl_n20_p1000_rho+0.4,tbaem_c,all_returned,5,5,theta,estimated,-inf,-1.5,5,1.2,-0.2541881628971277,0.03477935476213381,0.2541881628971277,0.03477935476213381,0.2701663085145348,0.0359972570442656
2pl,20,1000,0.4,2pl_n20_p1000_rho+0.4,tbaem_c,all_returned,5,5,theta,estimated,-1.5,-0.5,5,4.0,-0.1405990263484348,0.02765096465072999,0.14462011601213415,0.025889143388973412,0.16404581842522994,0.02584298350263168
2pl,20,1000,0.4,2pl_n20_p1000_rho+0.4,tbaem_c,all_returned,5,5,theta,estimated,-0.5,0.5,5,7.4,-0.050413045924343716,0.00931820289308971,0.06622776623525364,0.012767255944971986,0.08193075462630099,0.013806727480681612
2pl,20,1000,0.4,2pl_n20_p1000_rho+0.4,tbaem_c,all_returned,5,5,theta,estimated,0.5,1.5,5,6.0,0.0045938645691970415,0.016246070576951006,0.0636223788279714,0.00935792139147051,0.08250462755883817,0.011332362722307367
2pl,20,1000,0.4,2pl_n20_p1000_rho+0.4,tbaem_c,all_returned,5,5,theta,estimated,1.5,inf,4,1.75,0.09550984757363074,0.0190878095077797,0.09550984757363074,0.0190878095077797,0.11576702862029413,0.017836284044248116
2pl,20,1000,0.4,2pl_n20_p1000_rho+0.4,tbaem_c,all_returned,5,5,b,estimated,-inf,-1.0,5,107.2,0.5248411464887888,0.018927178544861013,0.5783036491058887,0.01874655408361118,0.7145309075525811,0.012741945501665618
2pl,20,1000,0.4,2pl_n20_p1000_rho+0.4,tbaem_c,all_returned,5,5,b,estimated,-1.0,-0.5,5,154.2,0.18141902927414008,0.012138973249189505,0.3619904308641888,0.01149802770222854,0.45684244057445905,0.017480555632164975
2pl,20,1000,0.4,2pl_n20_p1000_rho+0.4,tbaem_c,all_returned,5,5,b,estimated,-0.5,0.0,5,232.2,-0.005132095532689748,0.010200010920064641,0.3241450157165402,0.00980749096128254,0.4084594531429554,0.010407669992016803
2pl,20,1000,0.4,2pl_n20_p1000_rho+0.4,tbaem_c,all_returned,5,5,b,estimated,0.0,0.5,5,246.4,-0.09887104290779765,0.012163213312630637,0.3201956360288354,0.010201174613603972,0.406984172144263,0.013297950320819383
2pl,20,1000,0.4,2pl_n20_p1000_rho+0.4,tbaem_c,all_returned,5,5,b,estimated,0.5,1.0,5,159.4,-0.18345732416300692,0.012229834028252484,0.34571438360173923,0.007902088752524855,0.4424414934797865,0.009752951389824873
2pl,20,1000,0.4,2pl_n20_p1000_rho+0.4,tbaem_c,all_returned,5,5,b,estimated,1.0,inf,5,100.6,-0.29273691249191564,0.022864442379315272,0.3999971992879545,0.015230820848280225,0.4903837473354693,0.01689050237375779
2pl,20,1000,0.4,2pl_n20_p1000_rho+0.4,tbaem_c,all_returned,5,5,log_a,estimated,-inf,-0.5,5,76.8,0.5225633218849604,0.013779868837565969,0.5228225673419118,0.013556236476098146,0.5517672464142132,0.010781528068508538
2pl,20,1000,0.4,2pl_n20_p1000_rho+0.4,tbaem_c,all_returned,5,5,log_a,estimated,-0.5,-0.25,5,156.0,0.2750250267044567,0.010178341997213992,0.2798542328332994,0.010353464713376854,0.318065887915081,0.01153914278781974
2pl,20,1000,0.4,2pl_n20_p1000_rho+0.4,tbaem_c,all_returned,5,5,log_a,estimated,-0.25,0.0,5,266.0,0.07855259395333519,0.0030691802154626255,0.137890061833326,0.004460300396647997,0.171874724483164,0.006147156336069669
2pl,20,1000,0.4,2pl_n20_p1000_rho+0.4,tbaem_c,all_returned,5,5,log_a,estimated,0.0,0.25,5,269.8,-0.09626398672471219,0.005537871181977347,0.14529748507522355,0.0028085897124840585,0.1808323405608374,0.0037681115407375222
2pl,20,1000,0.4,2pl_n20_p1000_rho+0.4,tbaem_c,all_returned,5,5,log_a,estimated,0.25,0.5,5,159.4,-0.2668757605023971,0.0063465826709736065,0.2713762684464481,0.006458054208778548,0.30548813813357356,0.008129726360151872
2pl,20,1000,0.4,2pl_n20_p1000_rho+0.4,tbaem_c,all_returned,5,5,log_a,estimated,0.5,inf,5,72.0,-0.4918392180595489,0.005183172025529047,0.4918392180595489,0.005183172025529047,0.5153800404978708,0.0031979318060615857
2pl,20,1000,0.4,2pl_n20_p1000_rho+0.4,tbaem_c,all_returned,5,5,a,estimated,0.0,0.5,5,23.0,0.4166500887548237,0.012762629985643375,0.4166500887548237,0.012762629985643375,0.4352294821467701,0.01058977457493458
2pl,20,1000,0.4,2pl_n20_p1000_rho+0.4,tbaem_c,all_returned,5,5,a,estimated,0.5,0.8,5,233.8,0.24841788952466176,0.007385808334036576,0.25261432935217826,0.007852789234696688,0.2916712448658794,0.009180354278241471
2pl,20,1000,0.4,2pl_n20_p1000_rho+0.4,tbaem_c,all_returned,5,5,a,estimated,0.8,1.0,5,242.0,0.07228835301247485,0.0028076866391304536,0.12633070628418328,0.004463855670025262,0.16193260379618846,0.006376420308175905
2pl,20,1000,0.4,2pl_n20_p1000_rho+0.4,tbaem_c,all_returned,5,5,a,estimated,1.0,1.25,5,244.6,-0.08125259736784649,0.007393208058930782,0.14366152780517058,0.003683700569354961,0.17573884618834779,0.00432830482036819
2pl,20,1000,0.4,2pl_n20_p1000_rho+0.4,tbaem_c,all_returned,5,5,a,estimated,1.25,2.0,5,231.8,-0.38010318486230915,0.007586393142914626,0.3853580039018776,0.008308506086281775,0.4364564576584831,0.008763201538895645
2pl,20,1000,0.4,2pl_n20_p1000_rho+0.4,tbaem_c,all_returned,5,5,a,estimated,2.0,inf,5,24.8,-1.0103248772405902,0.01286935027782464,1.0103248772405902,0.01286935027782464,1.0376740415862231,0.016177270771688686
2pl,20,1000,0.4,2pl_n20_p1000_rho+0.4,tbaem_c,rule_stable,5,5,theta,estimated,-inf,-1.5,5,1.2,-0.2541881628971277,0.03477935476213381,0.2541881628971277,0.03477935476213381,0.2701663085145348,0.0359972570442656
2pl,20,1000,0.4,2pl_n20_p1000_rho+0.4,tbaem_c,rule_stable,5,5,theta,estimated,-1.5,-0.5,5,4.0,-0.1405990263484348,0.02765096465072999,0.14462011601213415,0.025889143388973412,0.16404581842522994,0.02584298350263168
2pl,20,1000,0.4,2pl_n20_p1000_rho+0.4,tbaem_c,rule_stable,5,5,theta,estimated,-0.5,0.5,5,7.4,-0.050413045924343716,0.00931820289308971,0.06622776623525364,0.012767255944971986,0.08193075462630099,0.013806727480681612
2pl,20,1000,0.4,2pl_n20_p1000_rho+0.4,tbaem_c,rule_stable,5,5,theta,estimated,0.5,1.5,5,6.0,0.0045938645691970415,0.016246070576951006,0.0636223788279714,0.00935792139147051,0.08250462755883817,0.011332362722307367
2pl,20,1000,0.4,2pl_n20_p1000_rho+0.4,tbaem_c,rule_stable,5,5,theta,estimated,1.5,inf,4,1.75,0.09550984757363074,0.0190878095077797,0.09550984757363074,0.0190878095077797,0.11576702862029413,0.017836284044248116
2pl,20,1000,0.4,2pl_n20_p1000_rho+0.4,tbaem_c,rule_stable,5,5,b,estimated,-inf,-1.0,5,107.2,0.5248411464887888,0.018927178544861013,0.5783036491058887,0.01874655408361118,0.7145309075525811,0.012741945501665618
2pl,20,1000,0.4,2pl_n20_p1000_rho+0.4,tbaem_c,rule_stable,5,5,b,estimated,-1.0,-0.5,5,154.2,0.18141902927414008,0.012138973249189505,0.3619904308641888,0.01149802770222854,0.45684244057445905,0.017480555632164975
2pl,20,1000,0.4,2pl_n20_p1000_rho+0.4,tbaem_c,rule_stable,5,5,b,estimated,-0.5,0.0,5,232.2,-0.005132095532689748,0.010200010920064641,0.3241450157165402,0.00980749096128254,0.4084594531429554,0.010407669992016803
2pl,20,1000,0.4,2pl_n20_p1000_rho+0.4,tbaem_c,rule_stable,5,5,b,estimated,0.0,0.5,5,246.4,-0.09887104290779765,0.012163213312630637,0.3201956360288354,0.010201174613603972,0.406984172144263,0.013297950320819383
2pl,20,1000,0.4,2pl_n20_p1000_rho+0.4,tbaem_c,rule_stable,5,5,b,estimated,0.5,1.0,5,159.4,-0.18345732416300692,0.012229834028252484,0.34571438360173923,0.007902088752524855,0.4424414934797865,0.009752951389824873
2pl,20,1000,0.4,2pl_n20_p1000_rho+0.4,tbaem_c,rule_stable,5,5,b,estimated,1.0,inf,5,100.6,-0.29273691249191564,0.022864442379315272,0.3999971992879545,0.015230820848280225,0.4903837473354693,0.01689050237375779
2pl,20,1000,0.4,2pl_n20_p1000_rho+0.4,tbaem_c,rule_stable,5,5,log_a,estimated,-inf,-0.5,5,76.8,0.5225633218849604,0.013779868837565969,0.5228225673419118,0.013556236476098146,0.5517672464142132,0.010781528068508538
2pl,20,1000,0.4,2pl_n20_p1000_rho+0.4,tbaem_c,rule_stable,5,5,log_a,estimated,-0.5,-0.25,5,156.0,0.2750250267044567,0.010178341997213992,0.2798542328332994,0.010353464713376854,0.318065887915081,0.01153914278781974
2pl,20,1000,0.4,2pl_n20_p1000_rho+0.4,tbaem_c,rule_stable,5,5,log_a,estimated,-0.25,0.0,5,266.0,0.07855259395333519,0.0030691802154626255,0.137890061833326,0.004460300396647997,0.171874724483164,0.006147156336069669
2pl,20,1000,0.4,2pl_n20_p1000_rho+0.4,tbaem_c,rule_stable,5,5,log_a,estimated,0.0,0.25,5,269.8,-0.09626398672471219,0.005537871181977347,0.14529748507522355,0.0028085897124840585,0.1808323405608374,0.0037681115407375222
2pl,20,1000,0.4,2pl_n20_p1000_rho+0.4,tbaem_c,rule_stable,5,5,log_a,estimated,0.25,0.5,5,159.4,-0.2668757605023971,0.0063465826709736065,0.2713762684464481,0.006458054208778548,0.30548813813357356,0.008129726360151872
2pl,20,1000,0.4,2pl_n20_p1000_rho+0.4,tbaem_c,rule_stable,5,5,log_a,estimated,0.5,inf,5,72.0,-0.4918392180595489,0.005183172025529047,0.4918392180595489,0.005183172025529047,0.5153800404978708,0.0031979318060615857
2pl,20,1000,0.4,2pl_n20_p1000_rho+0.4,tbaem_c,rule_stable,5,5,a,estimated,0.0,0.5,5,23.0,0.4166500887548237,0.012762629985643375,0.4166500887548237,0.012762629985643375,0.4352294821467701,0.01058977457493458
2pl,20,1000,0.4,2pl_n20_p1000_rho+0.4,tbaem_c,rule_stable,5,5,a,estimated,0.5,0.8,5,233.8,0.24841788952466176,0.007385808334036576,0.25261432935217826,0.007852789234696688,0.2916712448658794,0.009180354278241471
2pl,20,1000,0.4,2pl_n20_p1000_rho+0.4,tbaem_c,rule_stable,5,5,a,estimated,0.8,1.0,5,242.0,0.07228835301247485,0.0028076866391304536,0.12633070628418328,0.004463855670025262,0.16193260379618846,0.006376420308175905
2pl,20,1000,0.4,2pl_n20_p1000_rho+0.4,tbaem_c,rule_stable,5,5,a,estimated,1.0,1.25,5,244.6,-0.08125259736784649,0.007393208058930782,0.14366152780517058,0.003683700569354961,0.17573884618834779,0.00432830482036819
2pl,20,1000,0.4,2pl_n20_p1000_rho+0.4,tbaem_c,rule_stable,5,5,a,estimated,1.25,2.0,5,231.8,-0.38010318486230915,0.007586393142914626,0.3853580039018776,0.008308506086281775,0.4364564576584831,0.008763201538895645
2pl,20,1000,0.4,2pl_n20_p1000_rho+0.4,tbaem_c,rule_stable,5,5,a,estimated,2.0,inf,5,24.8,-1.0103248772405902,0.01286935027782464,1.0103248772405902,0.01286935027782464,1.0376740415862231,0.016177270771688686
2pl,20,1000,0.4,2pl_n20_p1000_rho+0.4,tbaem_d,all_returned,5,5,theta,estimated,-inf,-1.5,5,1.2,-0.21505525580310966,0.03381750531963426,0.21505525580310966,0.03381750531963426,0.23384688013877272,0.03591927620721415
2pl,20,1000,0.4,2pl_n20_p1000_rho+0.4,tbaem_d,all_returned,5,5,theta,estimated,-1.5,-0.5,5,4.0,-0.14238631021514672,0.023089308267199907,0.14363664199202528,0.02306882324506349,0.1608407575195132,0.02026322293543909
2pl,20,1000,0.4,2pl_n20_p1000_rho+0.4,tbaem_d,all_returned,5,5,theta,estimated,-0.5,0.5,5,7.4,-0.06983437474476205,0.009474121327352517,0.08211906271047772,0.011215199420713239,0.09624933458916099,0.01273329427836554
2pl,20,1000,0.4,2pl_n20_p1000_rho+0.4,tbaem_d,all_returned,5,5,theta,estimated,0.5,1.5,5,6.0,-0.006548230350913867,0.018340908275140375,0.06774522179388723,0.01027023365030435,0.08604347562143393,0.01142769612796376
2pl,20,1000,0.4,2pl_n20_p1000_rho+0.4,tbaem_d,all_returned,5,5,theta,estimated,1.5,inf,4,1.75,0.109450688287074,0.029197916237770037,0.109450688287074,0.029197916237770037,0.1342022411967,0.021823099764620164
2pl,20,1000,0.4,2pl_n20_p1000_rho+0.4,tbaem_d,all_returned,5,5,b,estimated,-inf,-1.0,5,107.2,0.5327394187345702,0.020569959945445016,0.5872617500392951,0.019030118398899596,0.7247696423366158,0.012831211474693403
2pl,20,1000,0.4,2pl_n20_p1000_rho+0.4,tbaem_d,all_returned,5,5,b,estimated,-1.0,-0.5,5,154.2,0.18720863086414052,0.014704822213842178,0.3646947948298763,0.012013419569268364,0.459499122809977,0.017776044531779705
2pl,20,1000,0.4,2pl_n20_p1000_rho+0.4,tbaem_d,all_returned,5,5,b,estimated,-0.5,0.0,5,232.2,-0.003334634844866809,0.00955969201347117,0.32468081195041865,0.008348923692710045,0.40815905973722033,0.008725452772211083
2pl,20,1000,0.4,2pl_n20_p1000_rho+0.4,tbaem_d,all_returned,5,5,b,estimated,0.0,0.5,5,246.4,-0.10048512016383496,0.012881751991603149,0.31761716857537675,0.009891874795848347,0.4033195836400726,0.0133471589545217
2pl,20,1000,0.4,2pl_n20_p1000_rho+0.4,tbaem_d,all_returned,5,5,b,estimated,0.5,1.0,5,159.4,-0.1890907556211649,0.014535473410886126,0.3497850773226112,0.007866639819062984,0.44411286959692264,0.009680544709056063
2pl,20,1000,0.4,2pl_n20_p1000_rho+0.4,tbaem_d,all_returned,5,5,b,estimated,1.0,inf,5,100.6,-0.30096138816530554,0.01762174511377761,0.4024415113249301,0.0135792450586065,0.4934927143437579,0.015526982943130041
2pl,20,1000,0.4,2pl_n20_p1000_rho+0.4,tbaem_d,all_returned,5,5,log_a,estimated,-inf,-0.5,5,76.8,0.5377191452806664,0.013621547004787323,0.5379188793881038,0.01347112802300093,0.5661985934660684,0.010263793544521834
2pl,20,1000,0.4,2pl_n20_p1000_rho+0.4,tbaem_d,all_returned,5,5,log_a,estimated,-0.5,-0.25,5,156.0,0.2889855991969133,0.009313882758515078,0.29378278103797817,0.009101375870168975,0.3318386293718424,0.009288743906228355
2pl,20,1000,0.4,2pl_n20_p1000_rho+0.4,tbaem_d,all_returned,5,5,log_a,estimated,-0.25,0.0,5,266.0,0.0857844597185861,0.003949264344640736,0.14104717970449937,0.004982450540369342,0.17448214459487557,0.007230540544968512
2pl,20,1000,0.4,2pl_n20_p1000_rho+0.4,tbaem_d,all_returned,5,5,log_a,estimated,0.0,0.25,5,269.8,-0.09715659887637178,0.005281017184864356,0.1431441946143177,0.0035476655722520485,0.17818551156191287,0.0051293864970293895
2pl,20,1000,0.4,2pl_n20_p1000_rho+0.4,tbaem_d,all_returned,5,5,log_a,estimated,0.25,0.5,5,159.4,-0.28196690530524043,0.006820978028654461,0.2840602273885319,0.007324260726114192,0.3149835105617352,0.00805104338562568
2pl,20,1000,0.4,2pl_n20_p1000_rho+0.4,tbaem_d,all_returned,5,5,log_a,estimated,0.5,inf,5,72.0,-0.5284356335284819,0.008367321919611993,0.5284356335284819,0.008367321919611993,0.5485783595490336,0.006108463940381646
2pl,20,1000,0.4,2pl_n20_p1000_rho+0.4,tbaem_d,all_returned,5,5,a,estimated,0.0,0.5,5,23.0,0.42516665648370083,0.012199457498929225,0.42516665648370083,0.012199457498929225,0.44332244623947314,0.009614915194419905
2pl,20,1000,0.4,2pl_n20_p1000_rho+0.4,tbaem_d,all_returned,5,5,a,estimated,0.5,0.8,5,233.8,0.2617408943905019,0.0068928555488720665,0.2654470719207577,0.007006400303912061,0.30513647297638197,0.007642303100071239
2pl,20,1000,0.4,2pl_n20_p1000_rho+0.4,tbaem_d,all_returned,5,5,a,estimated,0.8,1.0,5,242.0,0.07923184971657618,0.0033796595118026204,0.12986687729567695,0.005151209455374415,0.16508812943702855,0.007917667715269338
2pl,20,1000,0.4,2pl_n20_p1000_rho+0.4,tbaem_d,all_returned,5,5,a,estimated,1.0,1.25,5,244.6,-0.08306862239999258,0.007944892325615262,0.14121447262840756,0.004083686065518241,0.17257850290812876,0.005446228174460718
2pl,20,1000,0.4,2pl_n20_p1000_rho+0.4,tbaem_d,all_returned,5,5,a,estimated,1.25,2.0,5,231.8,-0.3996044806732592,0.007727126170750891,0.40246100353102954,0.008490896395326044,0.4520647104017857,0.007735675139407874
2pl,20,1000,0.4,2pl_n20_p1000_rho+0.4,tbaem_d,all_returned,5,5,a,estimated,2.0,inf,5,24.8,-1.0715396065801008,0.01521401797175768,1.0715396065801008,0.01521401797175768,1.0943876319027472,0.016231170867138104
2pl,20,1000,0.4,2pl_n20_p1000_rho+0.4,tbaem_d,rule_stable,5,5,theta,estimated,-inf,-1.5,5,1.2,-0.21505525580310966,0.03381750531963426,0.21505525580310966,0.03381750531963426,0.23384688013877272,0.03591927620721415
2pl,20,1000,0.4,2pl_n20_p1000_rho+0.4,tbaem_d,rule_stable,5,5,theta,estimated,-1.5,-0.5,5,4.0,-0.14238631021514672,0.023089308267199907,0.14363664199202528,0.02306882324506349,0.1608407575195132,0.02026322293543909
2pl,20,1000,0.4,2pl_n20_p1000_rho+0.4,tbaem_d,rule_stable,5,5,theta,estimated,-0.5,0.5,5,7.4,-0.06983437474476205,0.009474121327352517,0.08211906271047772,0.011215199420713239,0.09624933458916099,0.01273329427836554
2pl,20,1000,0.4,2pl_n20_p1000_rho+0.4,tbaem_d,rule_stable,5,5,theta,estimated,0.5,1.5,5,6.0,-0.006548230350913867,0.018340908275140375,0.06774522179388723,0.01027023365030435,0.08604347562143393,0.01142769612796376
2pl,20,1000,0.4,2pl_n20_p1000_rho+0.4,tbaem_d,rule_stable,5,5,theta,estimated,1.5,inf,4,1.75,0.109450688287074,0.029197916237770037,0.109450688287074,0.029197916237770037,0.1342022411967,0.021823099764620164
2pl,20,1000,0.4,2pl_n20_p1000_rho+0.4,tbaem_d,rule_stable,5,5,b,estimated,-inf,-1.0,5,107.2,0.5327394187345702,0.020569959945445016,0.5872617500392951,0.019030118398899596,0.7247696423366158,0.012831211474693403
2pl,20,1000,0.4,2pl_n20_p1000_rho+0.4,tbaem_d,rule_stable,5,5,b,estimated,-1.0,-0.5,5,154.2,0.18720863086414052,0.014704822213842178,0.3646947948298763,0.012013419569268364,0.459499122809977,0.017776044531779705
2pl,20,1000,0.4,2pl_n20_p1000_rho+0.4,tbaem_d,rule_stable,5,5,b,estimated,-0.5,0.0,5,232.2,-0.003334634844866809,0.00955969201347117,0.32468081195041865,0.008348923692710045,0.40815905973722033,0.008725452772211083
2pl,20,1000,0.4,2pl_n20_p1000_rho+0.4,tbaem_d,rule_stable,5,5,b,estimated,0.0,0.5,5,246.4,-0.10048512016383496,0.012881751991603149,0.31761716857537675,0.009891874795848347,0.4033195836400726,0.0133471589545217
2pl,20,1000,0.4,2pl_n20_p1000_rho+0.4,tbaem_d,rule_stable,5,5,b,estimated,0.5,1.0,5,159.4,-0.1890907556211649,0.014535473410886126,0.3497850773226112,0.007866639819062984,0.44411286959692264,0.009680544709056063
2pl,20,1000,0.4,2pl_n20_p1000_rho+0.4,tbaem_d,rule_stable,5,5,b,estimated,1.0,inf,5,100.6,-0.30096138816530554,0.01762174511377761,0.4024415113249301,0.0135792450586065,0.4934927143437579,0.015526982943130041
2pl,20,1000,0.4,2pl_n20_p1000_rho+0.4,tbaem_d,rule_stable,5,5,log_a,estimated,-inf,-0.5,5,76.8,0.5377191452806664,0.013621547004787323,0.5379188793881038,0.01347112802300093,0.5661985934660684,0.010263793544521834
2pl,20,1000,0.4,2pl_n20_p1000_rho+0.4,tbaem_d,rule_stable,5,5,log_a,estimated,-0.5,-0.25,5,156.0,0.2889855991969133,0.009313882758515078,0.29378278103797817,0.009101375870168975,0.3318386293718424,0.009288743906228355
2pl,20,1000,0.4,2pl_n20_p1000_rho+0.4,tbaem_d,rule_stable,5,5,log_a,estimated,-0.25,0.0,5,266.0,0.0857844597185861,0.003949264344640736,0.14104717970449937,0.004982450540369342,0.17448214459487557,0.007230540544968512
2pl,20,1000,0.4,2pl_n20_p1000_rho+0.4,tbaem_d,rule_stable,5,5,log_a,estimated,0.0,0.25,5,269.8,-0.09715659887637178,0.005281017184864356,0.1431441946143177,0.0035476655722520485,0.17818551156191287,0.0051293864970293895
2pl,20,1000,0.4,2pl_n20_p1000_rho+0.4,tbaem_d,rule_stable,5,5,log_a,estimated,0.25,0.5,5,159.4,-0.28196690530524043,0.006820978028654461,0.2840602273885319,0.007324260726114192,0.3149835105617352,0.00805104338562568
2pl,20,1000,0.4,2pl_n20_p1000_rho+0.4,tbaem_d,rule_stable,5,5,log_a,estimated,0.5,inf,5,72.0,-0.5284356335284819,0.008367321919611993,0.5284356335284819,0.008367321919611993,0.5485783595490336,0.006108463940381646
2pl,20,1000,0.4,2pl_n20_p1000_rho+0.4,tbaem_d,rule_stable,5,5,a,estimated,0.0,0.5,5,23.0,0.42516665648370083,0.012199457498929225,0.42516665648370083,0.012199457498929225,0.44332244623947314,0.009614915194419905
2pl,20,1000,0.4,2pl_n20_p1000_rho+0.4,tbaem_d,rule_stable,5,5,a,estimated,0.5,0.8,5,233.8,0.2617408943905019,0.0068928555488720665,0.2654470719207577,0.007006400303912061,0.30513647297638197,0.007642303100071239
2pl,20,1000,0.4,2pl_n20_p1000_rho+0.4,tbaem_d,rule_stable,5,5,a,estimated,0.8,1.0,5,242.0,0.07923184971657618,0.0033796595118026204,0.12986687729567695,0.005151209455374415,0.16508812943702855,0.007917667715269338
2pl,20,1000,0.4,2pl_n20_p1000_rho+0.4,tbaem_d,rule_stable,5,5,a,estimated,1.0,1.25,5,244.6,-0.08306862239999258,0.007944892325615262,0.14121447262840756,0.004083686065518241,0.17257850290812876,0.005446228174460718
2pl,20,1000,0.4,2pl_n20_p1000_rho+0.4,tbaem_d,rule_stable,5,5,a,estimated,1.25,2.0,5,231.8,-0.3996044806732592,0.007727126170750891,0.40246100353102954,0.008490896395326044,0.4520647104017857,0.007735675139407874
2pl,20,1000,0.4,2pl_n20_p1000_rho+0.4,tbaem_d,rule_stable,5,5,a,estimated,2.0,inf,5,24.8,-1.0715396065801008,0.01521401797175768,1.0715396065801008,0.01521401797175768,1.0943876319027472,0.016231170867138104
2pl,20,1000,0.4,2pl_n20_p1000_rho+0.4,vi,all_returned,5,5,theta,estimated,-inf,-1.5,5,1.2,-0.2103163148762884,0.04479615466686564,0.2103163148762884,0.04479615466686564,0.23941151747896056,0.04486381930780268
2pl,20,1000,0.4,2pl_n20_p1000_rho+0.4,vi,all_returned,5,5,theta,estimated,-1.5,-0.5,5,4.0,-0.15093324636588945,0.030917000176220864,0.15251581123910102,0.030384353811618827,0.1735561736754639,0.03028319518596279
2pl,20,1000,0.4,2pl_n20_p1000_rho+0.4,vi,all_returned,5,5,theta,estimated,-0.5,0.5,5,7.4,-0.07254151451250553,0.009515499396633108,0.08361540949059684,0.010274006468109177,0.0971787166884247,0.010844792395157213
2pl,20,1000,0.4,2pl_n20_p1000_rho+0.4,vi,all_returned,5,5,theta,estimated,0.5,1.5,5,6.0,0.00041001554723821157,0.01637781949473136,0.06701056615048936,0.008114319176894508,0.08368811992214134,0.010739325698435566
2pl,20,1000,0.4,2pl_n20_p1000_rho+0.4,vi,all_returned,5,5,theta,estimated,1.5,inf,4,1.75,0.13237614123762986,0.01655877346821231,0.13237614123762986,0.01655877346821231,0.15239023168275453,0.019089528632236633
2pl,20,1000,0.4,2pl_n20_p1000_rho+0.4,vi,all_returned,5,5,b,estimated,-inf,-1.0,5,107.2,0.36788722207550456,0.022231564097919494,0.5399986244170994,0.01149158061835408,0.6781918634940953,0.0076731148666025675
2pl,20,1000,0.4,2pl_n20_p1000_rho+0.4,vi,all_returned,5,5,b,estimated,-1.0,-0.5,5,154.2,0.09398131562825132,0.01223083759553066,0.40477766360372314,0.017072195415524825,0.5159151642688835,0.02538385207687701
2pl,20,1000,0.4,2pl_n20_p1000_rho+0.4,vi,all_returned,5,5,b,estimated,-0.5,0.0,5,232.2,-0.036734312468891625,0.011558241818483186,0.3782200746684957,0.010336080722698015,0.48090854855476917,0.01093387102152376
2pl,20,1000,0.4,2pl_n20_p1000_rho+0.4,vi,all_returned,5,5,b,estimated,0.0,0.5,5,246.4,-0.07502387964971978,0.013029050572962851,0.35931089928020077,0.011707276792337337,0.45964101302735416,0.015476395080159598
2pl,20,1000,0.4,2pl_n20_p1000_rho+0.4,vi,all_returned,5,5,b,estimated,0.5,1.0,5,159.4,-0.10185146568756238,0.012615971023158989,0.38115823442996455,0.009163522009729728,0.4826934005612015,0.012363221018453616
2pl,20,1000,0.4,2pl_n20_p1000_rho+0.4,vi,all_returned,5,5,b,estimated,1.0,inf,5,100.6,-0.1055347928205446,0.02154955541057127,0.38703519131919767,0.010645445987874076,0.4816175769619917,0.0159700832502433
2pl,20,1000,0.4,2pl_n20_p1000_rho+0.4,vi,all_returned,5,5,log_a,estimated,-inf,-0.5,5,76.8,0.45217134048552277,0.019309318579177528,0.45793694159613674,0.016298336672923547,0.5213179485073614,0.012265948843873022
2pl,20,1000,0.4,2pl_n20_p1000_rho+0.4,vi,all_returned,5,5,log_a,estimated,-0.5,-0.25,5,156.0,0.2346993583964747,0.016490223099007564,0.2820490209328735,0.010906754287161365,0.35390886711688274,0.010392810541061007
2pl,20,1000,0.4,2pl_n20_p1000_rho+0.4,vi,all_returned,5,5,log_a,estimated,-0.25,0.0,5,266.0,0.05639055070485628,0.003979769880167197,0.20606014252172197,0.0004825657967911483,0.25850370781779003,0.0013029192208660247
2pl,20,1000,0.4,2pl_n20_p1000_rho+0.4,vi,all_returned,5,5,log_a,estimated,0.0,0.25,5,269.8,-0.08015803794167416,0.007752141010374424,0.21846483735334096,0.0053758890007278,0.26955635126699096,0.005421038647921839
2pl,20,1000,0.4,2pl_n20_p1000_rho+0.4,vi,all_returned,5,5,log_a,estimated,0.25,0.5,5,159.4,-0.2176593807167735,0.012499446763567955,0.2699944380396266,0.011688556463201848,0.3261391084289452,0.012062228548621424
2pl,20,1000,0.4,2pl_n20_p1000_rho+0.4,vi,all_returned,5,5,log_a,estimated,0.5,inf,5,72.0,-0.41610654234546385,0.005307710429500518,0.419380329157789,0.006669480949177224,0.4705951980235379,0.007230984544802947
2pl,20,1000,0.4,2pl_n20_p1000_rho+0.4,vi,all_returned,5,5,a,estimated,0.0,0.5,5,23.0,0.3511566966861165,0.01798022146889588,0.3511566966861165,0.01798022146889588,0.40379934910241333,0.01110130376889681
2pl,20,1000,0.4,2pl_n20_p1000_rho+0.4,vi,all_returned,5,5,a,estimated,0.5,0.8,5,233.8,0.22812046109231104,0.011637681548311315,0.25684501900987855,0.009387287129837354,0.3407279469224765,0.009133341211751269
2pl,20,1000,0.4,2pl_n20_p1000_rho+0.4,vi,all_returned,5,5,a,estimated,0.8,1.0,5,242.0,0.07413667989136359,0.0050707422969872105,0.1986119318411684,0.0028600200452196037,0.26668058588234234,0.005732956127550925
2pl,20,1000,0.4,2pl_n20_p1000_rho+0.4,vi,all_returned,5,5,a,estimated,1.0,1.25,5,244.6,-0.039910333856603496,0.01338762696247611,0.2311074658134582,0.0072033805581638,0.287597967580005,0.008502156090810292
2pl,20,1000,0.4,2pl_n20_p1000_rho+0.4,vi,all_returned,5,5,a,estimated,1.25,2.0,5,231.8,-0.30314304691389005,0.012723380760523395,0.36932026263259327,0.013391805091371972,0.43584476747190465,0.012381043001150362
2pl,20,1000,0.4,2pl_n20_p1000_rho+0.4,vi,all_returned,5,5,a,estimated,2.0,inf,5,24.8,-0.8566816739728103,0.015528848583631046,0.8566816739728103,0.015528848583631046,0.9076752007345542,0.01476643037468547
2pl,20,1000,0.4,2pl_n20_p1000_rho+0.4,vi,rule_stable,5,5,theta,estimated,-inf,-1.5,5,1.2,-0.2103163148762884,0.04479615466686564,0.2103163148762884,0.04479615466686564,0.23941151747896056,0.04486381930780268
2pl,20,1000,0.4,2pl_n20_p1000_rho+0.4,vi,rule_stable,5,5,theta,estimated,-1.5,-0.5,5,4.0,-0.15093324636588945,0.030917000176220864,0.15251581123910102,0.030384353811618827,0.1735561736754639,0.03028319518596279
2pl,20,1000,0.4,2pl_n20_p1000_rho+0.4,vi,rule_stable,5,5,theta,estimated,-0.5,0.5,5,7.4,-0.07254151451250553,0.009515499396633108,0.08361540949059684,0.010274006468109177,0.0971787166884247,0.010844792395157213
2pl,20,1000,0.4,2pl_n20_p1000_rho+0.4,vi,rule_stable,5,5,theta,estimated,0.5,1.5,5,6.0,0.00041001554723821157,0.01637781949473136,0.06701056615048936,0.008114319176894508,0.08368811992214134,0.010739325698435566
2pl,20,1000,0.4,2pl_n20_p1000_rho+0.4,vi,rule_stable,5,5,theta,estimated,1.5,inf,4,1.75,0.13237614123762986,0.01655877346821231,0.13237614123762986,0.01655877346821231,0.15239023168275453,0.019089528632236633
2pl,20,1000,0.4,2pl_n20_p1000_rho+0.4,vi,rule_stable,5,5,b,estimated,-inf,-1.0,5,107.2,0.36788722207550456,0.022231564097919494,0.5399986244170994,0.01149158061835408,0.6781918634940953,0.0076731148666025675
2pl,20,1000,0.4,2pl_n20_p1000_rho+0.4,vi,rule_stable,5,5,b,estimated,-1.0,-0.5,5,154.2,0.09398131562825132,0.01223083759553066,0.40477766360372314,0.017072195415524825,0.5159151642688835,0.02538385207687701
2pl,20,1000,0.4,2pl_n20_p1000_rho+0.4,vi,rule_stable,5,5,b,estimated,-0.5,0.0,5,232.2,-0.036734312468891625,0.011558241818483186,0.3782200746684957,0.010336080722698015,0.48090854855476917,0.01093387102152376
2pl,20,1000,0.4,2pl_n20_p1000_rho+0.4,vi,rule_stable,5,5,b,estimated,0.0,0.5,5,246.4,-0.07502387964971978,0.013029050572962851,0.35931089928020077,0.011707276792337337,0.45964101302735416,0.015476395080159598
2pl,20,1000,0.4,2pl_n20_p1000_rho+0.4,vi,rule_stable,5,5,b,estimated,0.5,1.0,5,159.4,-0.10185146568756238,0.012615971023158989,0.38115823442996455,0.009163522009729728,0.4826934005612015,0.012363221018453616
2pl,20,1000,0.4,2pl_n20_p1000_rho+0.4,vi,rule_stable,5,5,b,estimated,1.0,inf,5,100.6,-0.1055347928205446,0.02154955541057127,0.38703519131919767,0.010645445987874076,0.4816175769619917,0.0159700832502433
2pl,20,1000,0.4,2pl_n20_p1000_rho+0.4,vi,rule_stable,5,5,log_a,estimated,-inf,-0.5,5,76.8,0.45217134048552277,0.019309318579177528,0.45793694159613674,0.016298336672923547,0.5213179485073614,0.012265948843873022
2pl,20,1000,0.4,2pl_n20_p1000_rho+0.4,vi,rule_stable,5,5,log_a,estimated,-0.5,-0.25,5,156.0,0.2346993583964747,0.016490223099007564,0.2820490209328735,0.010906754287161365,0.35390886711688274,0.010392810541061007
2pl,20,1000,0.4,2pl_n20_p1000_rho+0.4,vi,rule_stable,5,5,log_a,estimated,-0.25,0.0,5,266.0,0.05639055070485628,0.003979769880167197,0.20606014252172197,0.0004825657967911483,0.25850370781779003,0.0013029192208660247
2pl,20,1000,0.4,2pl_n20_p1000_rho+0.4,vi,rule_stable,5,5,log_a,estimated,0.0,0.25,5,269.8,-0.08015803794167416,0.007752141010374424,0.21846483735334096,0.0053758890007278,0.26955635126699096,0.005421038647921839
2pl,20,1000,0.4,2pl_n20_p1000_rho+0.4,vi,rule_stable,5,5,log_a,estimated,0.25,0.5,5,159.4,-0.2176593807167735,0.012499446763567955,0.2699944380396266,0.011688556463201848,0.3261391084289452,0.012062228548621424
2pl,20,1000,0.4,2pl_n20_p1000_rho+0.4,vi,rule_stable,5,5,log_a,estimated,0.5,inf,5,72.0,-0.41610654234546385,0.005307710429500518,0.419380329157789,0.006669480949177224,0.4705951980235379,0.007230984544802947
2pl,20,1000,0.4,2pl_n20_p1000_rho+0.4,vi,rule_stable,5,5,a,estimated,0.0,0.5,5,23.0,0.3511566966861165,0.01798022146889588,0.3511566966861165,0.01798022146889588,0.40379934910241333,0.01110130376889681
2pl,20,1000,0.4,2pl_n20_p1000_rho+0.4,vi,rule_stable,5,5,a,estimated,0.5,0.8,5,233.8,0.22812046109231104,0.011637681548311315,0.25684501900987855,0.009387287129837354,0.3407279469224765,0.009133341211751269
2pl,20,1000,0.4,2pl_n20_p1000_rho+0.4,vi,rule_stable,5,5,a,estimated,0.8,1.0,5,242.0,0.07413667989136359,0.0050707422969872105,0.1986119318411684,0.0028600200452196037,0.26668058588234234,0.005732956127550925
2pl,20,1000,0.4,2pl_n20_p1000_rho+0.4,vi,rule_stable,5,5,a,estimated,1.0,1.25,5,244.6,-0.039910333856603496,0.01338762696247611,0.2311074658134582,0.0072033805581638,0.287597967580005,0.008502156090810292
2pl,20,1000,0.4,2pl_n20_p1000_rho+0.4,vi,rule_stable,5,5,a,estimated,1.25,2.0,5,231.8,-0.30314304691389005,0.012723380760523395,0.36932026263259327,0.013391805091371972,0.43584476747190465,0.012381043001150362
2pl,20,1000,0.4,2pl_n20_p1000_rho+0.4,vi,rule_stable,5,5,a,estimated,2.0,inf,5,24.8,-0.8566816739728103,0.015528848583631046,0.8566816739728103,0.015528848583631046,0.9076752007345542,0.01476643037468547
2pl,20,1000,-0.4,2pl_n20_p1000_rho-0.4,jml,all_returned,5,5,theta,estimated,-inf,-1.5,3,1.6666666666666667,-0.4362242792062621,0.10222674952342746,0.4362242792062621,0.10222674952342746,0.48168143297894145,0.10259518553721826
2pl,20,1000,-0.4,2pl_n20_p1000_rho-0.4,jml,all_returned,5,5,theta,estimated,-1.5,-0.5,5,6.6,-0.12026501985520877,0.020825638914274087,0.13120460790152172,0.021570296076190203,0.16466723897327687,0.027638864288734466
2pl,20,1000,-0.4,2pl_n20_p1000_rho-0.4,jml,all_returned,5,5,theta,estimated,-0.5,0.5,5,7.6,0.02788204900578246,0.026518785878413217,0.09695302789801549,0.013986054132779884,0.11584258110634765,0.013078285598698565
2pl,20,1000,-0.4,2pl_n20_p1000_rho-0.4,jml,all_returned,5,5,theta,estimated,0.5,1.5,5,4.2,0.15426437538638307,0.051714920400701754,0.17876721366400333,0.049561077441889624,0.24893383042470488,0.043804007437161424
2pl,20,1000,-0.4,2pl_n20_p1000_rho-0.4,jml,all_returned,5,5,theta,estimated,1.5,inf,3,1.0,0.37412728081846947,0.05314403995567927,0.37412728081846947,0.05314403995567927,0.38160162502044404,0.05203553878288084
2pl,20,1000,-0.4,2pl_n20_p1000_rho-0.4,jml,all_returned,5,5,b,estimated,-inf,-1.0,5,108.2,-0.19048473758004433,0.03882865160819772,0.5535490738580375,0.026451089506965227,0.7537847903598294,0.02920296602294638
2pl,20,1000,-0.4,2pl_n20_p1000_rho-0.4,jml,all_returned,5,5,b,estimated,-1.0,-0.5,5,161.0,-0.15144410371264544,0.026899024387605566,0.5460774607467929,0.019699275182585515,0.7474849258122805,0.029388279887862072
2pl,20,1000,-0.4,2pl_n20_p1000_rho-0.4,jml,all_returned,5,5,b,estimated,-0.5,0.0,5,230.6,-0.018136106319729985,0.027563396953745368,0.5307737102551429,0.010537715919956439,0.736992177874634,0.011331025023997823
2pl,20,1000,-0.4,2pl_n20_p1000_rho-0.4,jml,all_returned,5,5,b,estimated,0.0,0.5,5,228.2,0.09849380197672394,0.04807142029795706,0.60153269295226,0.024564059502388533,0.814203915607297,0.03086291845807757
2pl,20,1000,-0.4,2pl_n20_p1000_rho-0.4,jml,all_returned,5,5,b,estimated,0.5,1.0,5,167.2,0.10494471590783654,0.029816944417515187,0.6165024444076167,0.03397731504264036,0.8222022831740463,0.03992745827651852
2pl,20,1000,-0.4,2pl_n20_p1000_rho-0.4,jml,all_returned,5,5,b,estimated,1.0,inf,5,104.8,0.10248874730963423,0.03124976568946367,0.7074184133995207,0.015726063321825346,0.9054359781808433,0.009164372269934952
2pl,20,1000,-0.4,2pl_n20_p1000_rho-0.4,jml,all_returned,5,5,log_a,estimated,-inf,-0.5,5,78.4,0.09794360535395166,0.028254884053316512,0.5248392450717327,0.017244064333588487,0.6718905360692254,0.018494254851548153
2pl,20,1000,-0.4,2pl_n20_p1000_rho-0.4,jml,all_returned,5,5,log_a,estimated,-0.5,-0.25,5,159.4,-0.016048314442269673,0.022587223232567594,0.5909162951628344,0.009789569969027351,0.7525394923667631,0.01042183393048088
2pl,20,1000,-0.4,2pl_n20_p1000_rho-0.4,jml,all_returned,5,5,log_a,estimated,-0.25,0.0,5,259.2,-0.04147638737959776,0.017010275370203276,0.549469974415716,0.02463251286875555,0.7265735628989505,0.028030574866288974
2pl,20,1000,-0.4,2pl_n20_p1000_rho-0.4,jml,all_returned,5,5,log_a,estimated,0.0,0.25,5,265.0,-0.04009434083108175,0.020553856220910265,0.5546310898845723,0.02259999555484941,0.7382662529588842,0.023570696549572303
2pl,20,1000,-0.4,2pl_n20_p1000_rho-0.4,jml,all_returned,5,5,log_a,estimated,0.25,0.5,5,159.2,0.02188727497787359,0.01205166741785225,0.5616010189536611,0.020051663265804313,0.758826339282917,0.01794959160970288
2pl,20,1000,-0.4,2pl_n20_p1000_rho-0.4,jml,all_returned,5,5,log_a,estimated,0.5,inf,5,78.8,0.16179244477689136,0.04661033446192976,0.622993196336932,0.03581879221788735,0.8827864842344586,0.0570956182494638
2pl,20,1000,-0.4,2pl_n20_p1000_rho-0.4,jml,all_returned,5,5,a,estimated,0.0,0.5,5,23.0,0.17262041262954933,0.05176054743226625,0.3038855967682882,0.03572690510828008,0.49649634848233953,0.05557606211142514
2pl,20,1000,-0.4,2pl_n20_p1000_rho-0.4,jml,all_returned,5,5,a,estimated,0.5,0.8,5,241.2,0.27910776014520555,0.04648458413946995,0.5431741988541241,0.0405299146270663,1.921552147563072,0.4744745281110138
2pl,20,1000,-0.4,2pl_n20_p1000_rho-0.4,jml,all_returned,5,5,a,estimated,0.8,1.0,5,232.8,0.3373484495715712,0.0716832993294073,0.6977192738806554,0.0756508693486217,2.58056878264404,0.7191681000884859
2pl,20,1000,-0.4,2pl_n20_p1000_rho-0.4,jml,all_returned,5,5,a,estimated,1.0,1.25,5,237.8,0.3787845833550719,0.06182110211086543,0.843635623625737,0.06164355207218089,2.553269914454557,0.5826461042088827
2pl,20,1000,-0.4,2pl_n20_p1000_rho-0.4,jml,all_returned,5,5,a,estimated,1.25,2.0,5,244.2,0.9155049168881666,0.08024806110564076,1.449916393103321,0.06741383703901795,3.715640200534008,0.22454637245840586
2pl,20,1000,-0.4,2pl_n20_p1000_rho-0.4,jml,all_returned,5,5,a,estimated,2.0,inf,5,21.0,2.134819497040195,0.6571711029632863,2.980349198202116,0.5706204790054983,8.02906669677773,1.9387772073472156
2pl,20,1000,-0.4,2pl_n20_p1000_rho-0.4,jml,rule_stable,5,5,theta,estimated,-inf,-1.5,3,1.6666666666666667,-0.4362242792062621,0.10222674952342746,0.4362242792062621,0.10222674952342746,0.48168143297894145,0.10259518553721826
2pl,20,1000,-0.4,2pl_n20_p1000_rho-0.4,jml,rule_stable,5,5,theta,estimated,-1.5,-0.5,5,6.6,-0.12026501985520877,0.020825638914274087,0.13120460790152172,0.021570296076190203,0.16466723897327687,0.027638864288734466
2pl,20,1000,-0.4,2pl_n20_p1000_rho-0.4,jml,rule_stable,5,5,theta,estimated,-0.5,0.5,5,7.6,0.02788204900578246,0.026518785878413217,0.09695302789801549,0.013986054132779884,0.11584258110634765,0.013078285598698565
2pl,20,1000,-0.4,2pl_n20_p1000_rho-0.4,jml,rule_stable,5,5,theta,estimated,0.5,1.5,5,4.2,0.15426437538638307,0.051714920400701754,0.17876721366400333,0.049561077441889624,0.24893383042470488,0.043804007437161424
2pl,20,1000,-0.4,2pl_n20_p1000_rho-0.4,jml,rule_stable,5,5,theta,estimated,1.5,inf,3,1.0,0.37412728081846947,0.05314403995567927,0.37412728081846947,0.05314403995567927,0.38160162502044404,0.05203553878288084
2pl,20,1000,-0.4,2pl_n20_p1000_rho-0.4,jml,rule_stable,5,5,b,estimated,-inf,-1.0,5,108.2,-0.19048473758004433,0.03882865160819772,0.5535490738580375,0.026451089506965227,0.7537847903598294,0.02920296602294638
2pl,20,1000,-0.4,2pl_n20_p1000_rho-0.4,jml,rule_stable,5,5,b,estimated,-1.0,-0.5,5,161.0,-0.15144410371264544,0.026899024387605566,0.5460774607467929,0.019699275182585515,0.7474849258122805,0.029388279887862072
2pl,20,1000,-0.4,2pl_n20_p1000_rho-0.4,jml,rule_stable,5,5,b,estimated,-0.5,0.0,5,230.6,-0.018136106319729985,0.027563396953745368,0.5307737102551429,0.010537715919956439,0.736992177874634,0.011331025023997823
2pl,20,1000,-0.4,2pl_n20_p1000_rho-0.4,jml,rule_stable,5,5,b,estimated,0.0,0.5,5,228.2,0.09849380197672394,0.04807142029795706,0.60153269295226,0.024564059502388533,0.814203915607297,0.03086291845807757
2pl,20,1000,-0.4,2pl_n20_p1000_rho-0.4,jml,rule_stable,5,5,b,estimated,0.5,1.0,5,167.2,0.10494471590783654,0.029816944417515187,0.6165024444076167,0.03397731504264036,0.8222022831740463,0.03992745827651852
2pl,20,1000,-0.4,2pl_n20_p1000_rho-0.4,jml,rule_stable,5,5,b,estimated,1.0,inf,5,104.8,0.10248874730963423,0.03124976568946367,0.7074184133995207,0.015726063321825346,0.9054359781808433,0.009164372269934952
2pl,20,1000,-0.4,2pl_n20_p1000_rho-0.4,jml,rule_stable,5,5,log_a,estimated,-inf,-0.5,5,78.4,0.09794360535395166,0.028254884053316512,0.5248392450717327,0.017244064333588487,0.6718905360692254,0.018494254851548153
2pl,20,1000,-0.4,2pl_n20_p1000_rho-0.4,jml,rule_stable,5,5,log_a,estimated,-0.5,-0.25,5,159.4,-0.016048314442269673,0.022587223232567594,0.5909162951628344,0.009789569969027351,0.7525394923667631,0.01042183393048088
2pl,20,1000,-0.4,2pl_n20_p1000_rho-0.4,jml,rule_stable,5,5,log_a,estimated,-0.25,0.0,5,259.2,-0.04147638737959776,0.017010275370203276,0.549469974415716,0.02463251286875555,0.7265735628989505,0.028030574866288974
2pl,20,1000,-0.4,2pl_n20_p1000_rho-0.4,jml,rule_stable,5,5,log_a,estimated,0.0,0.25,5,265.0,-0.04009434083108175,0.020553856220910265,0.5546310898845723,0.02259999555484941,0.7382662529588842,0.023570696549572303
2pl,20,1000,-0.4,2pl_n20_p1000_rho-0.4,jml,rule_stable,5,5,log_a,estimated,0.25,0.5,5,159.2,0.02188727497787359,0.01205166741785225,0.5616010189536611,0.020051663265804313,0.758826339282917,0.01794959160970288
2pl,20,1000,-0.4,2pl_n20_p1000_rho-0.4,jml,rule_stable,5,5,log_a,estimated,0.5,inf,5,78.8,0.16179244477689136,0.04661033446192976,0.622993196336932,0.03581879221788735,0.8827864842344586,0.0570956182494638
2pl,20,1000,-0.4,2pl_n20_p1000_rho-0.4,jml,rule_stable,5,5,a,estimated,0.0,0.5,5,23.0,0.17262041262954933,0.05176054743226625,0.3038855967682882,0.03572690510828008,0.49649634848233953,0.05557606211142514
2pl,20,1000,-0.4,2pl_n20_p1000_rho-0.4,jml,rule_stable,5,5,a,estimated,0.5,0.8,5,241.2,0.27910776014520555,0.04648458413946995,0.5431741988541241,0.0405299146270663,1.921552147563072,0.4744745281110138
2pl,20,1000,-0.4,2pl_n20_p1000_rho-0.4,jml,rule_stable,5,5,a,estimated,0.8,1.0,5,232.8,0.3373484495715712,0.0716832993294073,0.6977192738806554,0.0756508693486217,2.58056878264404,0.7191681000884859
2pl,20,1000,-0.4,2pl_n20_p1000_rho-0.4,jml,rule_stable,5,5,a,estimated,1.0,1.25,5,237.8,0.3787845833550719,0.06182110211086543,0.843635623625737,0.06164355207218089,2.553269914454557,0.5826461042088827
2pl,20,1000,-0.4,2pl_n20_p1000_rho-0.4,jml,rule_stable,5,5,a,estimated,1.25,2.0,5,244.2,0.9155049168881666,0.08024806110564076,1.449916393103321,0.06741383703901795,3.715640200534008,0.22454637245840586
2pl,20,1000,-0.4,2pl_n20_p1000_rho-0.4,jml,rule_stable,5,5,a,estimated,2.0,inf,5,21.0,2.134819497040195,0.6571711029632863,2.980349198202116,0.5706204790054983,8.02906669677773,1.9387772073472156
2pl,20,1000,-0.4,2pl_n20_p1000_rho-0.4,tbaem_c,all_returned,5,5,theta,estimated,-inf,-1.5,3,1.6666666666666667,0.006222113886301561,0.07478694914289569,0.10051110014456321,0.029349200248558204,0.10975478199051943,0.024807870089006548
2pl,20,1000,-0.4,2pl_n20_p1000_rho-0.4,tbaem_c,all_returned,5,5,theta,estimated,-1.5,-0.5,5,6.6,-0.04742751618285158,0.015446513498398762,0.06821516868285205,0.016461230454754235,0.0969058279826375,0.019821901503806076
2pl,20,1000,-0.4,2pl_n20_p1000_rho-0.4,tbaem_c,all_returned,5,5,theta,estimated,-0.5,0.5,5,7.6,0.08038524110146586,0.010423958487672984,0.0890538926115206,0.010436271106822468,0.11532800975792798,0.013777152394811093
2pl,20,1000,-0.4,2pl_n20_p1000_rho-0.4,tbaem_c,all_returned,5,5,theta,estimated,0.5,1.5,5,4.2,0.13333462921334327,0.017389102028765303,0.14358083757883183,0.014791810155312782,0.16432371158700698,0.01892134255238537
2pl,20,1000,-0.4,2pl_n20_p1000_rho-0.4,tbaem_c,all_returned,5,5,theta,estimated,1.5,inf,3,1.0,0.11512254785024319,0.04836125868015116,0.11512254785024319,0.04836125868015116,0.13390602565153117,0.05001449051508939
2pl,20,1000,-0.4,2pl_n20_p1000_rho-0.4,tbaem_c,all_returned,5,5,b,estimated,-inf,-1.0,5,108.2,0.2877587039722479,0.01994931224555315,0.38937717401657806,0.012922707221258439,0.4907243501724526,0.013399342086076805
2pl,20,1000,-0.4,2pl_n20_p1000_rho-0.4,tbaem_c,all_returned,5,5,b,estimated,-1.0,-0.5,5,161.0,0.16856640637413642,0.02108120290016233,0.34378648614393975,0.007288010378944019,0.4394610332751616,0.006715153610116266
2pl,20,1000,-0.4,2pl_n20_p1000_rho-0.4,tbaem_c,all_returned,5,5,b,estimated,-0.5,0.0,5,230.6,0.09791164761232599,0.014950386389292717,0.3301975405594061,0.004336807561930672,0.41199813674442637,0.003333987448067927
2pl,20,1000,-0.4,2pl_n20_p1000_rho-0.4,tbaem_c,all_returned,5,5,b,estimated,0.0,0.5,5,228.2,-0.004611982789227326,0.02717761973990033,0.34576177708780476,0.010029082792859781,0.4326712394894075,0.008344679320574352
2pl,20,1000,-0.4,2pl_n20_p1000_rho-0.4,tbaem_c,all_returned,5,5,b,estimated,0.5,1.0,5,167.2,-0.17118692976840352,0.01713801357294815,0.37478563978824614,0.016621879891765428,0.4656468761174522,0.01915404413895359
2pl,20,1000,-0.4,2pl_n20_p1000_rho-0.4,tbaem_c,all_returned,5,5,b,estimated,1.0,inf,5,104.8,-0.4823904203688899,0.010721501126433596,0.5579099507380951,0.009511263838668802,0.6877751107547425,0.017545744119260947
2pl,20,1000,-0.4,2pl_n20_p1000_rho-0.4,tbaem_c,all_returned,5,5,log_a,estimated,-inf,-0.5,5,78.4,0.5343949185503266,0.008427467328649914,0.5343949185503266,0.008427467328649914,0.5608777463585097,0.009497495012153086
2pl,20,1000,-0.4,2pl_n20_p1000_rho-0.4,tbaem_c,all_returned,5,5,log_a,estimated,-0.5,-0.25,5,159.4,0.2826513391959823,0.002749339821064193,0.2848122891291176,0.0025146853497867053,0.31804038243250987,0.0017030036886778066
2pl,20,1000,-0.4,2pl_n20_p1000_rho-0.4,tbaem_c,all_returned,5,5,log_a,estimated,-0.25,0.0,5,259.2,0.08202411089817006,0.002081600790311559,0.12997269574483522,0.0031845877908827204,0.1625523044504075,0.004032455543503063
2pl,20,1000,-0.4,2pl_n20_p1000_rho-0.4,tbaem_c,all_returned,5,5,log_a,estimated,0.0,0.25,5,265.0,-0.10380852857479132,0.002436907401666216,0.14234655900973167,0.002853313581198127,0.17594751302358363,0.004078845264831072
2pl,20,1000,-0.4,2pl_n20_p1000_rho-0.4,tbaem_c,all_returned,5,5,log_a,estimated,0.25,0.5,5,159.2,-0.2762732022779972,0.003927504195825326,0.279087027197322,0.0037368313045412506,0.31191273104978395,0.005051454980704674
2pl,20,1000,-0.4,2pl_n20_p1000_rho-0.4,tbaem_c,all_returned,5,5,log_a,estimated,0.5,inf,5,78.8,-0.4675619443691154,0.006357789828983211,0.4675619443691154,0.006357789828983211,0.49686420625406474,0.007605562480490774
2pl,20,1000,-0.4,2pl_n20_p1000_rho-0.4,tbaem_c,all_returned,5,5,a,estimated,0.0,0.5,5,23.0,0.42788396022638864,0.016108697451270425,0.42788396022638864,0.016108697451270425,0.44260804338687243,0.016909059168473774
2pl,20,1000,-0.4,2pl_n20_p1000_rho-0.4,tbaem_c,all_returned,5,5,a,estimated,0.5,0.8,5,241.2,0.2504832667415064,0.003541244856922313,0.2523064651793623,0.0034227943595821915,0.28757073807231426,0.002461562696152205
2pl,20,1000,-0.4,2pl_n20_p1000_rho-0.4,tbaem_c,all_returned,5,5,a,estimated,0.8,1.0,5,232.8,0.07457777213655846,0.0033442048811280793,0.12014929976865471,0.004377826870604767,0.15545205811871696,0.0066773208139472824
2pl,20,1000,-0.4,2pl_n20_p1000_rho-0.4,tbaem_c,all_returned,5,5,a,estimated,1.0,1.25,5,237.8,-0.09556953578501617,0.002719531816529746,0.14420068317276943,0.002361312803953136,0.1755631393422879,0.0033054783979120537
2pl,20,1000,-0.4,2pl_n20_p1000_rho-0.4,tbaem_c,all_returned,5,5,a,estimated,1.25,2.0,5,244.2,-0.38327698893567314,0.005452196916579733,0.38736765786665095,0.00539565596281829,0.4383707687833526,0.006298736525124864
2pl,20,1000,-0.4,2pl_n20_p1000_rho-0.4,tbaem_c,all_returned,5,5,a,estimated,2.0,inf,5,21.0,-1.0540886801967857,0.04888862543581812,1.0540886801967857,0.04888862543581812,1.0892368169610025,0.048831154780452364
2pl,20,1000,-0.4,2pl_n20_p1000_rho-0.4,tbaem_c,rule_stable,5,5,theta,estimated,-inf,-1.5,3,1.6666666666666667,0.006222113886301561,0.07478694914289569,0.10051110014456321,0.029349200248558204,0.10975478199051943,0.024807870089006548
2pl,20,1000,-0.4,2pl_n20_p1000_rho-0.4,tbaem_c,rule_stable,5,5,theta,estimated,-1.5,-0.5,5,6.6,-0.04742751618285158,0.015446513498398762,0.06821516868285205,0.016461230454754235,0.0969058279826375,0.019821901503806076
2pl,20,1000,-0.4,2pl_n20_p1000_rho-0.4,tbaem_c,rule_stable,5,5,theta,estimated,-0.5,0.5,5,7.6,0.08038524110146586,0.010423958487672984,0.0890538926115206,0.010436271106822468,0.11532800975792798,0.013777152394811093
2pl,20,1000,-0.4,2pl_n20_p1000_rho-0.4,tbaem_c,rule_stable,5,5,theta,estimated,0.5,1.5,5,4.2,0.13333462921334327,0.017389102028765303,0.14358083757883183,0.014791810155312782,0.16432371158700698,0.01892134255238537
2pl,20,1000,-0.4,2pl_n20_p1000_rho-0.4,tbaem_c,rule_stable,5,5,theta,estimated,1.5,inf,3,1.0,0.11512254785024319,0.04836125868015116,0.11512254785024319,0.04836125868015116,0.13390602565153117,0.05001449051508939
2pl,20,1000,-0.4,2pl_n20_p1000_rho-0.4,tbaem_c,rule_stable,5,5,b,estimated,-inf,-1.0,5,108.2,0.2877587039722479,0.01994931224555315,0.38937717401657806,0.012922707221258439,0.4907243501724526,0.013399342086076805
2pl,20,1000,-0.4,2pl_n20_p1000_rho-0.4,tbaem_c,rule_stable,5,5,b,estimated,-1.0,-0.5,5,161.0,0.16856640637413642,0.02108120290016233,0.34378648614393975,0.007288010378944019,0.4394610332751616,0.006715153610116266
2pl,20,1000,-0.4,2pl_n20_p1000_rho-0.4,tbaem_c,rule_stable,5,5,b,estimated,-0.5,0.0,5,230.6,0.09791164761232599,0.014950386389292717,0.3301975405594061,0.004336807561930672,0.41199813674442637,0.003333987448067927
2pl,20,1000,-0.4,2pl_n20_p1000_rho-0.4,tbaem_c,rule_stable,5,5,b,estimated,0.0,0.5,5,228.2,-0.004611982789227326,0.02717761973990033,0.34576177708780476,0.010029082792859781,0.4326712394894075,0.008344679320574352
2pl,20,1000,-0.4,2pl_n20_p1000_rho-0.4,tbaem_c,rule_stable,5,5,b,estimated,0.5,1.0,5,167.2,-0.17118692976840352,0.01713801357294815,0.37478563978824614,0.016621879891765428,0.4656468761174522,0.01915404413895359
2pl,20,1000,-0.4,2pl_n20_p1000_rho-0.4,tbaem_c,rule_stable,5,5,b,estimated,1.0,inf,5,104.8,-0.4823904203688899,0.010721501126433596,0.5579099507380951,0.009511263838668802,0.6877751107547425,0.017545744119260947
2pl,20,1000,-0.4,2pl_n20_p1000_rho-0.4,tbaem_c,rule_stable,5,5,log_a,estimated,-inf,-0.5,5,78.4,0.5343949185503266,0.008427467328649914,0.5343949185503266,0.008427467328649914,0.5608777463585097,0.009497495012153086
2pl,20,1000,-0.4,2pl_n20_p1000_rho-0.4,tbaem_c,rule_stable,5,5,log_a,estimated,-0.5,-0.25,5,159.4,0.2826513391959823,0.002749339821064193,0.2848122891291176,0.0025146853497867053,0.31804038243250987,0.0017030036886778066
2pl,20,1000,-0.4,2pl_n20_p1000_rho-0.4,tbaem_c,rule_stable,5,5,log_a,estimated,-0.25,0.0,5,259.2,0.08202411089817006,0.002081600790311559,0.12997269574483522,0.0031845877908827204,0.1625523044504075,0.004032455543503063
2pl,20,1000,-0.4,2pl_n20_p1000_rho-0.4,tbaem_c,rule_stable,5,5,log_a,estimated,0.0,0.25,5,265.0,-0.10380852857479132,0.002436907401666216,0.14234655900973167,0.002853313581198127,0.17594751302358363,0.004078845264831072
2pl,20,1000,-0.4,2pl_n20_p1000_rho-0.4,tbaem_c,rule_stable,5,5,log_a,estimated,0.25,0.5,5,159.2,-0.2762732022779972,0.003927504195825326,0.279087027197322,0.0037368313045412506,0.31191273104978395,0.005051454980704674
2pl,20,1000,-0.4,2pl_n20_p1000_rho-0.4,tbaem_c,rule_stable,5,5,log_a,estimated,0.5,inf,5,78.8,-0.4675619443691154,0.006357789828983211,0.4675619443691154,0.006357789828983211,0.49686420625406474,0.007605562480490774
2pl,20,1000,-0.4,2pl_n20_p1000_rho-0.4,tbaem_c,rule_stable,5,5,a,estimated,0.0,0.5,5,23.0,0.42788396022638864,0.016108697451270425,0.42788396022638864,0.016108697451270425,0.44260804338687243,0.016909059168473774
2pl,20,1000,-0.4,2pl_n20_p1000_rho-0.4,tbaem_c,rule_stable,5,5,a,estimated,0.5,0.8,5,241.2,0.2504832667415064,0.003541244856922313,0.2523064651793623,0.0034227943595821915,0.28757073807231426,0.002461562696152205
2pl,20,1000,-0.4,2pl_n20_p1000_rho-0.4,tbaem_c,rule_stable,5,5,a,estimated,0.8,1.0,5,232.8,0.07457777213655846,0.0033442048811280793,0.12014929976865471,0.004377826870604767,0.15545205811871696,0.0066773208139472824
2pl,20,1000,-0.4,2pl_n20_p1000_rho-0.4,tbaem_c,rule_stable,5,5,a,estimated,1.0,1.25,5,237.8,-0.09556953578501617,0.002719531816529746,0.14420068317276943,0.002361312803953136,0.1755631393422879,0.0033054783979120537
2pl,20,1000,-0.4,2pl_n20_p1000_rho-0.4,tbaem_c,rule_stable,5,5,a,estimated,1.25,2.0,5,244.2,-0.38327698893567314,0.005452196916579733,0.38736765786665095,0.00539565596281829,0.4383707687833526,0.006298736525124864
2pl,20,1000,-0.4,2pl_n20_p1000_rho-0.4,tbaem_c,rule_stable,5,5,a,estimated,2.0,inf,5,21.0,-1.0540886801967857,0.04888862543581812,1.0540886801967857,0.04888862543581812,1.0892368169610025,0.048831154780452364
2pl,20,1000,-0.4,2pl_n20_p1000_rho-0.4,tbaem_d,all_returned,5,5,theta,estimated,-inf,-1.5,3,1.6666666666666667,-0.009625716765186051,0.07012179179832327,0.08980670705696477,0.03051624748463042,0.1020320319128105,0.021477875874948368
2pl,20,1000,-0.4,2pl_n20_p1000_rho-0.4,tbaem_d,all_returned,5,5,theta,estimated,-1.5,-0.5,5,6.6,-0.03951313197818228,0.015456865993324463,0.06841693907374155,0.016148904160415672,0.09622492931208287,0.01912430182588459
2pl,20,1000,-0.4,2pl_n20_p1000_rho-0.4,tbaem_d,all_returned,5,5,theta,estimated,-0.5,0.5,5,7.6,0.09748660563882794,0.009214103188045383,0.10093036561641103,0.009105098293385712,0.12684964658399187,0.01232506658980978
2pl,20,1000,-0.4,2pl_n20_p1000_rho-0.4,tbaem_d,all_returned,5,5,theta,estimated,0.5,1.5,5,4.2,0.13608493744421474,0.016439069271681057,0.1438099203407433,0.01458931177575437,0.16466690514513677,0.018232867946264428
2pl,20,1000,-0.4,2pl_n20_p1000_rho-0.4,tbaem_d,all_returned,5,5,theta,estimated,1.5,inf,3,1.0,0.10562605855091012,0.04793345251440063,0.10562605855091012,0.04793345251440063,0.12550735430603616,0.04939536224797637
2pl,20,1000,-0.4,2pl_n20_p1000_rho-0.4,tbaem_d,all_returned,5,5,b,estimated,-inf,-1.0,5,108.2,0.29124823028652236,0.020183890857725168,0.3920407659409598,0.013454254570530953,0.4919696146995057,0.012490040918418483
2pl,20,1000,-0.4,2pl_n20_p1000_rho-0.4,tbaem_d,all_returned,5,5,b,estimated,-1.0,-0.5,5,161.0,0.16982036072620346,0.021178569293983214,0.3450267773559823,0.007085155088577593,0.43928828511994705,0.006866512348494033
2pl,20,1000,-0.4,2pl_n20_p1000_rho-0.4,tbaem_d,all_returned,5,5,b,estimated,-0.5,0.0,5,230.6,0.09923733433411148,0.01615279472055801,0.330104838387278,0.0040196002365224534,0.41162412448637326,0.0028109302328618853
2pl,20,1000,-0.4,2pl_n20_p1000_rho-0.4,tbaem_d,all_returned,5,5,b,estimated,0.0,0.5,5,228.2,-0.005388410633196021,0.027139062908944526,0.34306001464670566,0.00936782335088975,0.43179233161308295,0.007646728123375262
2pl,20,1000,-0.4,2pl_n20_p1000_rho-0.4,tbaem_d,all_returned,5,5,b,estimated,0.5,1.0,5,167.2,-0.17350171707662398,0.01880741643146877,0.377898782619735,0.01608593963138797,0.4702712931311511,0.019032686475177436
2pl,20,1000,-0.4,2pl_n20_p1000_rho-0.4,tbaem_d,all_returned,5,5,b,estimated,1.0,inf,5,104.8,-0.4855157689911819,0.01489539981899779,0.5636451281755753,0.011982967236766328,0.6939905619593739,0.019923815682030558
2pl,20,1000,-0.4,2pl_n20_p1000_rho-0.4,tbaem_d,all_returned,5,5,log_a,estimated,-inf,-0.5,5,78.4,0.5458095486278467,0.009697379280874226,0.5458095486278467,0.009697379280874226,0.5725851369976165,0.010829683440295456
2pl,20,1000,-0.4,2pl_n20_p1000_rho-0.4,tbaem_d,all_returned,5,5,log_a,estimated,-0.5,-0.25,5,159.4,0.29279224035709517,0.0036221831528899296,0.294849812864072,0.0034666845862330693,0.33059524095540055,0.0033430025238477454
2pl,20,1000,-0.4,2pl_n20_p1000_rho-0.4,tbaem_d,all_returned,5,5,log_a,estimated,-0.25,0.0,5,259.2,0.09023743348554367,0.0024060292938398666,0.13496152226028676,0.0034508213138363477,0.16806526855151177,0.0041945766062834395
2pl,20,1000,-0.4,2pl_n20_p1000_rho-0.4,tbaem_d,all_returned,5,5,log_a,estimated,0.0,0.25,5,265.0,-0.10557664344697344,0.0026234134027848196,0.14400836459727162,0.003946657338350194,0.17756365554735498,0.004452631405945202
2pl,20,1000,-0.4,2pl_n20_p1000_rho-0.4,tbaem_d,all_returned,5,5,log_a,estimated,0.25,0.5,5,159.2,-0.28826696444137023,0.004061132203307699,0.288939337288333,0.0039283299380515274,0.3197472630299096,0.00507655855714133
2pl,20,1000,-0.4,2pl_n20_p1000_rho-0.4,tbaem_d,all_returned,5,5,log_a,estimated,0.5,inf,5,78.8,-0.4962012003857012,0.00791840999756313,0.4962012003857012,0.00791840999756313,0.5213255322443336,0.008712024117275929
2pl,20,1000,-0.4,2pl_n20_p1000_rho-0.4,tbaem_d,all_returned,5,5,a,estimated,0.0,0.5,5,23.0,0.43628635934977655,0.01807286027139706,0.43628635934977655,0.01807286027139706,0.45295304807904313,0.01796575273246994
2pl,20,1000,-0.4,2pl_n20_p1000_rho-0.4,tbaem_d,all_returned,5,5,a,estimated,0.5,0.8,5,241.2,0.260952088429126,0.0040558362609763796,0.26281792979522606,0.0038913163512126125,0.2996066495181975,0.002657697131338441
2pl,20,1000,-0.4,2pl_n20_p1000_rho-0.4,tbaem_d,all_returned,5,5,a,estimated,0.8,1.0,5,232.8,0.08268453108655685,0.0037966436799922974,0.12492756330198765,0.004391007436084586,0.1605111007467304,0.006102986412985875
2pl,20,1000,-0.4,2pl_n20_p1000_rho-0.4,tbaem_d,all_returned,5,5,a,estimated,1.0,1.25,5,237.8,-0.09700292089209629,0.002400419284812538,0.14548699552117766,0.00326980250236149,0.1762056426204688,0.0031891109403138075
2pl,20,1000,-0.4,2pl_n20_p1000_rho-0.4,tbaem_d,all_returned,5,5,a,estimated,1.25,2.0,5,244.2,-0.4014222858001322,0.006563841090944916,0.4028466398279063,0.006502561734556836,0.45211039258541746,0.006752634369539226
2pl,20,1000,-0.4,2pl_n20_p1000_rho-0.4,tbaem_d,all_returned,5,5,a,estimated,2.0,inf,5,21.0,-1.1041205521711415,0.04974959017445575,1.1041205521711415,0.04974959017445575,1.1393851821744865,0.049564314115330015
2pl,20,1000,-0.4,2pl_n20_p1000_rho-0.4,tbaem_d,rule_stable,5,5,theta,estimated,-inf,-1.5,3,1.6666666666666667,-0.009625716765186051,0.07012179179832327,0.08980670705696477,0.03051624748463042,0.1020320319128105,0.021477875874948368
2pl,20,1000,-0.4,2pl_n20_p1000_rho-0.4,tbaem_d,rule_stable,5,5,theta,estimated,-1.5,-0.5,5,6.6,-0.03951313197818228,0.015456865993324463,0.06841693907374155,0.016148904160415672,0.09622492931208287,0.01912430182588459
2pl,20,1000,-0.4,2pl_n20_p1000_rho-0.4,tbaem_d,rule_stable,5,5,theta,estimated,-0.5,0.5,5,7.6,0.09748660563882794,0.009214103188045383,0.10093036561641103,0.009105098293385712,0.12684964658399187,0.01232506658980978
2pl,20,1000,-0.4,2pl_n20_p1000_rho-0.4,tbaem_d,rule_stable,5,5,theta,estimated,0.5,1.5,5,4.2,0.13608493744421474,0.016439069271681057,0.1438099203407433,0.01458931177575437,0.16466690514513677,0.018232867946264428
2pl,20,1000,-0.4,2pl_n20_p1000_rho-0.4,tbaem_d,rule_stable,5,5,theta,estimated,1.5,inf,3,1.0,0.10562605855091012,0.04793345251440063,0.10562605855091012,0.04793345251440063,0.12550735430603616,0.04939536224797637
2pl,20,1000,-0.4,2pl_n20_p1000_rho-0.4,tbaem_d,rule_stable,5,5,b,estimated,-inf,-1.0,5,108.2,0.29124823028652236,0.020183890857725168,0.3920407659409598,0.013454254570530953,0.4919696146995057,0.012490040918418483
2pl,20,1000,-0.4,2pl_n20_p1000_rho-0.4,tbaem_d,rule_stable,5,5,b,estimated,-1.0,-0.5,5,161.0,0.16982036072620346,0.021178569293983214,0.3450267773559823,0.007085155088577593,0.43928828511994705,0.006866512348494033
2pl,20,1000,-0.4,2pl_n20_p1000_rho-0.4,tbaem_d,rule_stable,5,5,b,estimated,-0.5,0.0,5,230.6,0.09923733433411148,0.01615279472055801,0.330104838387278,0.0040196002365224534,0.41162412448637326,0.0028109302328618853
2pl,20,1000,-0.4,2pl_n20_p1000_rho-0.4,tbaem_d,rule_stable,5,5,b,estimated,0.0,0.5,5,228.2,-0.005388410633196021,0.027139062908944526,0.34306001464670566,0.00936782335088975,0.43179233161308295,0.007646728123375262
2pl,20,1000,-0.4,2pl_n20_p1000_rho-0.4,tbaem_d,rule_stable,5,5,b,estimated,0.5,1.0,5,167.2,-0.17350171707662398,0.01880741643146877,0.377898782619735,0.01608593963138797,0.4702712931311511,0.019032686475177436
2pl,20,1000,-0.4,2pl_n20_p1000_rho-0.4,tbaem_d,rule_stable,5,5,b,estimated,1.0,inf,5,104.8,-0.4855157689911819,0.01489539981899779,0.5636451281755753,0.011982967236766328,0.6939905619593739,0.019923815682030558
2pl,20,1000,-0.4,2pl_n20_p1000_rho-0.4,tbaem_d,rule_stable,5,5,log_a,estimated,-inf,-0.5,5,78.4,0.5458095486278467,0.009697379280874226,0.5458095486278467,0.009697379280874226,0.5725851369976165,0.010829683440295456
2pl,20,1000,-0.4,2pl_n20_p1000_rho-0.4,tbaem_d,rule_stable,5,5,log_a,estimated,-0.5,-0.25,5,159.4,0.29279224035709517,0.0036221831528899296,0.294849812864072,0.0034666845862330693,0.33059524095540055,0.0033430025238477454
2pl,20,1000,-0.4,2pl_n20_p1000_rho-0.4,tbaem_d,rule_stable,5,5,log_a,estimated,-0.25,0.0,5,259.2,0.09023743348554367,0.0024060292938398666,0.13496152226028676,0.0034508213138363477,0.16806526855151177,0.0041945766062834395
2pl,20,1000,-0.4,2pl_n20_p1000_rho-0.4,tbaem_d,rule_stable,5,5,log_a,estimated,0.0,0.25,5,265.0,-0.10557664344697344,0.0026234134027848196,0.14400836459727162,0.003946657338350194,0.17756365554735498,0.004452631405945202
2pl,20,1000,-0.4,2pl_n20_p1000_rho-0.4,tbaem_d,rule_stable,5,5,log_a,estimated,0.25,0.5,5,159.2,-0.28826696444137023,0.004061132203307699,0.288939337288333,0.0039283299380515274,0.3197472630299096,0.00507655855714133
2pl,20,1000,-0.4,2pl_n20_p1000_rho-0.4,tbaem_d,rule_stable,5,5,log_a,estimated,0.5,inf,5,78.8,-0.4962012003857012,0.00791840999756313,0.4962012003857012,0.00791840999756313,0.5213255322443336,0.008712024117275929
2pl,20,1000,-0.4,2pl_n20_p1000_rho-0.4,tbaem_d,rule_stable,5,5,a,estimated,0.0,0.5,5,23.0,0.43628635934977655,0.01807286027139706,0.43628635934977655,0.01807286027139706,0.45295304807904313,0.01796575273246994
2pl,20,1000,-0.4,2pl_n20_p1000_rho-0.4,tbaem_d,rule_stable,5,5,a,estimated,0.5,0.8,5,241.2,0.260952088429126,0.0040558362609763796,0.26281792979522606,0.0038913163512126125,0.2996066495181975,0.002657697131338441
2pl,20,1000,-0.4,2pl_n20_p1000_rho-0.4,tbaem_d,rule_stable,5,5,a,estimated,0.8,1.0,5,232.8,0.08268453108655685,0.0037966436799922974,0.12492756330198765,0.004391007436084586,0.1605111007467304,0.006102986412985875
2pl,20,1000,-0.4,2pl_n20_p1000_rho-0.4,tbaem_d,rule_stable,5,5,a,estimated,1.0,1.25,5,237.8,-0.09700292089209629,0.002400419284812538,0.14548699552117766,0.00326980250236149,0.1762056426204688,0.0031891109403138075
2pl,20,1000,-0.4,2pl_n20_p1000_rho-0.4,tbaem_d,rule_stable,5,5,a,estimated,1.25,2.0,5,244.2,-0.4014222858001322,0.006563841090944916,0.4028466398279063,0.006502561734556836,0.45211039258541746,0.006752634369539226
2pl,20,1000,-0.4,2pl_n20_p1000_rho-0.4,tbaem_d,rule_stable,5,5,a,estimated,2.0,inf,5,21.0,-1.1041205521711415,0.04974959017445575,1.1041205521711415,0.04974959017445575,1.1393851821744865,0.049564314115330015
2pl,20,1000,-0.4,2pl_n20_p1000_rho-0.4,vi,all_returned,5,5,theta,estimated,-inf,-1.5,3,1.6666666666666667,-0.032380078564012184,0.07767429740037857,0.10344489331017777,0.03474346333587409,0.11887506375970087,0.030872953719926294
2pl,20,1000,-0.4,2pl_n20_p1000_rho-0.4,vi,all_returned,5,5,theta,estimated,-1.5,-0.5,5,6.6,-0.04697040518467161,0.0170506299139339,0.07421814826490986,0.016749881144056348,0.10450526208006161,0.02026377853813806
2pl,20,1000,-0.4,2pl_n20_p1000_rho-0.4,vi,all_returned,5,5,theta,estimated,-0.5,0.5,5,7.6,0.09654624453104356,0.011442302318499617,0.10255376884837017,0.010863506664609819,0.12719503376960442,0.012696207823191172
2pl,20,1000,-0.4,2pl_n20_p1000_rho-0.4,vi,all_returned,5,5,theta,estimated,0.5,1.5,5,4.2,0.13950485977591107,0.016312516992409293,0.14706258155153265,0.012819954283220155,0.16787199924852728,0.017942187432460576
2pl,20,1000,-0.4,2pl_n20_p1000_rho-0.4,vi,all_returned,5,5,theta,estimated,1.5,inf,3,1.0,0.11289416875744059,0.03970137305072027,0.11289416875744059,0.03970137305072027,0.12608525442595733,0.03785348405551296
2pl,20,1000,-0.4,2pl_n20_p1000_rho-0.4,vi,all_returned,5,5,b,estimated,-inf,-1.0,5,108.2,0.12119581831746207,0.011708603258817313,0.38329760409367986,0.007444705635566095,0.4850395736482576,0.01362299844848999
2pl,20,1000,-0.4,2pl_n20_p1000_rho-0.4,vi,all_returned,5,5,b,estimated,-1.0,-0.5,5,161.0,0.08891125410453801,0.01700213456285789,0.3730399408985312,0.010097631534975797,0.4771172777653189,0.011836060526140842
2pl,20,1000,-0.4,2pl_n20_p1000_rho-0.4,vi,all_returned,5,5,b,estimated,-0.5,0.0,5,230.6,0.07565539335405072,0.01577136517135006,0.3708414173963799,0.00978204944073397,0.46786353986198975,0.008391776034221105
2pl,20,1000,-0.4,2pl_n20_p1000_rho-0.4,vi,all_returned,5,5,b,estimated,0.0,0.5,5,228.2,0.024161642935231747,0.028240264713029886,0.3960232856989132,0.014505050829077461,0.499743928079701,0.014059224256855754
2pl,20,1000,-0.4,2pl_n20_p1000_rho-0.4,vi,all_returned,5,5,b,estimated,0.5,1.0,5,167.2,-0.09274774969499308,0.019883247304849583,0.41023699335880615,0.01962895144802478,0.5200318863570013,0.022120711502089992
2pl,20,1000,-0.4,2pl_n20_p1000_rho-0.4,vi,all_returned,5,5,b,estimated,1.0,inf,5,104.8,-0.32797639227216246,0.023485037319642403,0.5286378643615681,0.015180657148737833,0.6620520909311713,0.023844810317288807
2pl,20,1000,-0.4,2pl_n20_p1000_rho-0.4,vi,all_returned,5,5,log_a,estimated,-inf,-0.5,5,78.4,0.4588960592903491,0.010365826346502826,0.461283109794212,0.009396958090803079,0.5194544571819089,0.011930354044844571
2pl,20,1000,-0.4,2pl_n20_p1000_rho-0.4,vi,all_returned,5,5,log_a,estimated,-0.5,-0.25,5,159.4,0.2337829987170747,0.010470579828733928,0.27520510401635123,0.004237405010219411,0.3489528038877115,0.004082990058159804
2pl,20,1000,-0.4,2pl_n20_p1000_rho-0.4,vi,all_returned,5,5,log_a,estimated,-0.25,0.0,5,259.2,0.06071978994799639,0.00726364835161398,0.19655371003417071,0.003976998829455063,0.24984638113654786,0.005480051402660386
2pl,20,1000,-0.4,2pl_n20_p1000_rho-0.4,vi,all_returned,5,5,log_a,estimated,0.0,0.25,5,265.0,-0.09367802013594677,0.005757899964691706,0.21901579533576573,0.005019531893957865,0.26907043299167815,0.005623450738572836
2pl,20,1000,-0.4,2pl_n20_p1000_rho-0.4,vi,all_returned,5,5,log_a,estimated,0.25,0.5,5,159.2,-0.22509095833397855,0.010915629146349862,0.2818417277485393,0.006857690250110748,0.340226899550321,0.00610375443368367
2pl,20,1000,-0.4,2pl_n20_p1000_rho-0.4,vi,all_returned,5,5,log_a,estimated,0.5,inf,5,78.8,-0.3626710073021159,0.016111006726437886,0.37511510487600463,0.012678527097868255,0.4423681029277023,0.012867637809675085
2pl,20,1000,-0.4,2pl_n20_p1000_rho-0.4,vi,all_returned,5,5,a,estimated,0.0,0.5,5,23.0,0.3584264696657284,0.025270958461440708,0.3584264696657284,0.025270958461440708,0.4051552904670668,0.024145831863622437
2pl,20,1000,-0.4,2pl_n20_p1000_rho-0.4,vi,all_returned,5,5,a,estimated,0.5,0.8,5,241.2,0.22350393520719308,0.005916454499060594,0.2482664774817179,0.0036924329807834252,0.32980530196116137,0.006549982472503233
2pl,20,1000,-0.4,2pl_n20_p1000_rho-0.4,vi,all_returned,5,5,a,estimated,0.8,1.0,5,232.8,0.07769710701162238,0.00914281790659035,0.19259348432951603,0.004806819316561471,0.2634358785152664,0.00917826842799704
2pl,20,1000,-0.4,2pl_n20_p1000_rho-0.4,vi,all_returned,5,5,a,estimated,1.0,1.25,5,237.8,-0.06603820489722659,0.0036601639439255923,0.23085485285868113,0.006315558148590384,0.2836389081413162,0.004810449722885593
2pl,20,1000,-0.4,2pl_n20_p1000_rho-0.4,vi,all_returned,5,5,a,estimated,1.25,2.0,5,244.2,-0.28346274027735485,0.018656364336875477,0.36597475566498133,0.007960049365546446,0.4351774669185627,0.007211348903538352
2pl,20,1000,-0.4,2pl_n20_p1000_rho-0.4,vi,all_returned,5,5,a,estimated,2.0,inf,5,21.0,-0.8926785353550191,0.06560435717781182,0.8926785353550191,0.06560435717781182,0.9642484916406582,0.057144227742738585
2pl,20,1000,-0.4,2pl_n20_p1000_rho-0.4,vi,rule_stable,5,5,theta,estimated,-inf,-1.5,3,1.6666666666666667,-0.032380078564012184,0.07767429740037857,0.10344489331017777,0.03474346333587409,0.11887506375970087,0.030872953719926294
2pl,20,1000,-0.4,2pl_n20_p1000_rho-0.4,vi,rule_stable,5,5,theta,estimated,-1.5,-0.5,5,6.6,-0.04697040518467161,0.0170506299139339,0.07421814826490986,0.016749881144056348,0.10450526208006161,0.02026377853813806
2pl,20,1000,-0.4,2pl_n20_p1000_rho-0.4,vi,rule_stable,5,5,theta,estimated,-0.5,0.5,5,7.6,0.09654624453104356,0.011442302318499617,0.10255376884837017,0.010863506664609819,0.12719503376960442,0.012696207823191172
2pl,20,1000,-0.4,2pl_n20_p1000_rho-0.4,vi,rule_stable,5,5,theta,estimated,0.5,1.5,5,4.2,0.13950485977591107,0.016312516992409293,0.14706258155153265,0.012819954283220155,0.16787199924852728,0.017942187432460576
2pl,20,1000,-0.4,2pl_n20_p1000_rho-0.4,vi,rule_stable,5,5,theta,estimated,1.5,inf,3,1.0,0.11289416875744059,0.03970137305072027,0.11289416875744059,0.03970137305072027,0.12608525442595733,0.03785348405551296
2pl,20,1000,-0.4,2pl_n20_p1000_rho-0.4,vi,rule_stable,5,5,b,estimated,-inf,-1.0,5,108.2,0.12119581831746207,0.011708603258817313,0.38329760409367986,0.007444705635566095,0.4850395736482576,0.01362299844848999
2pl,20,1000,-0.4,2pl_n20_p1000_rho-0.4,vi,rule_stable,5,5,b,estimated,-1.0,-0.5,5,161.0,0.08891125410453801,0.01700213456285789,0.3730399408985312,0.010097631534975797,0.4771172777653189,0.011836060526140842
2pl,20,1000,-0.4,2pl_n20_p1000_rho-0.4,vi,rule_stable,5,5,b,estimated,-0.5,0.0,5,230.6,0.07565539335405072,0.01577136517135006,0.3708414173963799,0.00978204944073397,0.46786353986198975,0.008391776034221105
2pl,20,1000,-0.4,2pl_n20_p1000_rho-0.4,vi,rule_stable,5,5,b,estimated,0.0,0.5,5,228.2,0.024161642935231747,0.028240264713029886,0.3960232856989132,0.014505050829077461,0.499743928079701,0.014059224256855754
2pl,20,1000,-0.4,2pl_n20_p1000_rho-0.4,vi,rule_stable,5,5,b,estimated,0.5,1.0,5,167.2,-0.09274774969499308,0.019883247304849583,0.41023699335880615,0.01962895144802478,0.5200318863570013,0.022120711502089992
2pl,20,1000,-0.4,2pl_n20_p1000_rho-0.4,vi,rule_stable,5,5,b,estimated,1.0,inf,5,104.8,-0.32797639227216246,0.023485037319642403,0.5286378643615681,0.015180657148737833,0.6620520909311713,0.023844810317288807
2pl,20,1000,-0.4,2pl_n20_p1000_rho-0.4,vi,rule_stable,5,5,log_a,estimated,-inf,-0.5,5,78.4,0.4588960592903491,0.010365826346502826,0.461283109794212,0.009396958090803079,0.5194544571819089,0.011930354044844571
2pl,20,1000,-0.4,2pl_n20_p1000_rho-0.4,vi,rule_stable,5,5,log_a,estimated,-0.5,-0.25,5,159.4,0.2337829987170747,0.010470579828733928,0.27520510401635123,0.004237405010219411,0.3489528038877115,0.004082990058159804
2pl,20,1000,-0.4,2pl_n20_p1000_rho-0.4,vi,rule_stable,5,5,log_a,estimated,-0.25,0.0,5,259.2,0.06071978994799639,0.00726364835161398,0.19655371003417071,0.003976998829455063,0.24984638113654786,0.005480051402660386
2pl,20,1000,-0.4,2pl_n20_p1000_rho-0.4,vi,rule_stable,5,5,log_a,estimated,0.0,0.25,5,265.0,-0.09367802013594677,0.005757899964691706,0.21901579533576573,0.005019531893957865,0.26907043299167815,0.005623450738572836
2pl,20,1000,-0.4,2pl_n20_p1000_rho-0.4,vi,rule_stable,5,5,log_a,estimated,0.25,0.5,5,159.2,-0.22509095833397855,0.010915629146349862,0.2818417277485393,0.006857690250110748,0.340226899550321,0.00610375443368367
2pl,20,1000,-0.4,2pl_n20_p1000_rho-0.4,vi,rule_stable,5,5,log_a,estimated,0.5,inf,5,78.8,-0.3626710073021159,0.016111006726437886,0.37511510487600463,0.012678527097868255,0.4423681029277023,0.012867637809675085
2pl,20,1000,-0.4,2pl_n20_p1000_rho-0.4,vi,rule_stable,5,5,a,estimated,0.0,0.5,5,23.0,0.3584264696657284,0.025270958461440708,0.3584264696657284,0.025270958461440708,0.4051552904670668,0.024145831863622437
2pl,20,1000,-0.4,2pl_n20_p1000_rho-0.4,vi,rule_stable,5,5,a,estimated,0.5,0.8,5,241.2,0.22350393520719308,0.005916454499060594,0.2482664774817179,0.0036924329807834252,0.32980530196116137,0.006549982472503233
2pl,20,1000,-0.4,2pl_n20_p1000_rho-0.4,vi,rule_stable,5,5,a,estimated,0.8,1.0,5,232.8,0.07769710701162238,0.00914281790659035,0.19259348432951603,0.004806819316561471,0.2634358785152664,0.00917826842799704
2pl,20,1000,-0.4,2pl_n20_p1000_rho-0.4,vi,rule_stable,5,5,a,estimated,1.0,1.25,5,237.8,-0.06603820489722659,0.0036601639439255923,0.23085485285868113,0.006315558148590384,0.2836389081413162,0.004810449722885593
2pl,20,1000,-0.4,2pl_n20_p1000_rho-0.4,vi,rule_stable,5,5,a,estimated,1.25,2.0,5,244.2,-0.28346274027735485,0.018656364336875477,0.36597475566498133,0.007960049365546446,0.4351774669185627,0.007211348903538352
2pl,20,1000,-0.4,2pl_n20_p1000_rho-0.4,vi,rule_stable,5,5,a,estimated,2.0,inf,5,21.0,-0.8926785353550191,0.06560435717781182,0.8926785353550191,0.06560435717781182,0.9642484916406582,0.057144227742738585
