model,n_subjects,n_items,item_correlation,cohort,metric,left,right,difference,n,mean,mcse,sd,median,q025,q975,mc_low,mc_high,fraction_left_lower
1pl,20,1000,0.0,all_returned,theta_rmse_identified_scale,transposed_em_diagonal,transposed_em_correlated,left_minus_right,0,,,,,,,,,
1pl,20,1000,0.0,all_returned,theta_rmse_identified_scale,transposed_em_diagonal,torch_measure,left_minus_right,100,-0.005328671353066152,0.0007751370030490725,0.007751370030490725,-0.0050941000675545495,-0.019322528643687886,0.009561902053321102,-0.006847939879042334,-0.0038094028270899702,0.74
1pl,20,1000,0.0,all_returned,theta_rmse_identified_scale,transposed_em_diagonal,py_irt,left_minus_right,100,-6.58265368138282,0.03137536487546871,0.3137536487546871,-6.585342188079474,-7.112236899992161,-5.989342686594571,-6.644149396538738,-6.521157966226902,1.0
1pl,20,1000,0.0,all_returned,theta_rmse_identified_scale,transposed_em_correlated,torch_measure,left_minus_right,0,,,,,,,,,
1pl,20,1000,0.0,all_returned,theta_rmse_identified_scale,transposed_em_correlated,py_irt,left_minus_right,0,,,,,,,,,
1pl,20,1000,0.0,all_returned,theta_rmse_identified_scale,torch_measure,py_irt,left_minus_right,100,-6.577325010029754,0.03132611864176857,0.3132611864176857,-6.582510423129623,-7.104584733814747,-5.991224647768312,-6.63872420256762,-6.515925817491888,1.0
1pl,20,1000,0.0,all_returned,theta_bias_identified_scale,transposed_em_diagonal,transposed_em_correlated,left_minus_right,0,,,,,,,,,
1pl,20,1000,0.0,all_returned,theta_bias_identified_scale,transposed_em_diagonal,torch_measure,left_minus_right,0,,,,,,,,,
1pl,20,1000,0.0,all_returned,theta_bias_identified_scale,transposed_em_diagonal,py_irt,left_minus_right,100,-0.02315876920771495,0.18034826237034007,1.8034826237034007,-0.13599154546731484,-3.092120227007401,3.9198407861398796,-0.37664136345358146,0.3303238250381516,0.52
1pl,20,1000,0.0,all_returned,theta_bias_identified_scale,transposed_em_correlated,torch_measure,left_minus_right,0,,,,,,,,,
1pl,20,1000,0.0,all_returned,theta_bias_identified_scale,transposed_em_correlated,py_irt,left_minus_right,0,,,,,,,,,
1pl,20,1000,0.0,all_returned,theta_bias_identified_scale,torch_measure,py_irt,left_minus_right,0,,,,,,,,,
1pl,20,1000,0.0,all_returned,theta_mae_identified_scale,transposed_em_diagonal,transposed_em_correlated,left_minus_right,0,,,,,,,,,
1pl,20,1000,0.0,all_returned,theta_mae_identified_scale,transposed_em_diagonal,torch_measure,left_minus_right,0,,,,,,,,,
1pl,20,1000,0.0,all_returned,theta_mae_identified_scale,transposed_em_diagonal,py_irt,left_minus_right,100,-6.357537914565352,0.04086210114286293,0.4086210114286293,-6.367335836632872,-7.07928909242527,-5.593068847192822,-6.437627632805364,-6.277448196325341,1.0
1pl,20,1000,0.0,all_returned,theta_mae_identified_scale,transposed_em_correlated,torch_measure,left_minus_right,0,,,,,,,,,
1pl,20,1000,0.0,all_returned,theta_mae_identified_scale,transposed_em_correlated,py_irt,left_minus_right,0,,,,,,,,,
1pl,20,1000,0.0,all_returned,theta_mae_identified_scale,torch_measure,py_irt,left_minus_right,0,,,,,,,,,
1pl,20,1000,0.0,all_returned,holdout_logloss,transposed_em_diagonal,transposed_em_correlated,left_minus_right,0,,,,,,,,,
1pl,20,1000,0.0,all_returned,holdout_logloss,transposed_em_diagonal,torch_measure,left_minus_right,100,-0.005807363239818065,0.0003076993950545438,0.003076993950545438,-0.0055081550363096365,-0.012145161004349356,0.0009898232608380577,-0.0064104540541249705,-0.0052042724255111595,0.96
1pl,20,1000,0.0,all_returned,holdout_logloss,transposed_em_diagonal,py_irt,left_minus_right,100,-1.417138926461745,0.012384425102709668,0.12384425102709667,-1.4005186564190322,-1.666157079471082,-1.2203496658509425,-1.4414123996630561,-1.392865453260434,1.0
1pl,20,1000,0.0,all_returned,holdout_logloss,transposed_em_correlated,torch_measure,left_minus_right,0,,,,,,,,,
1pl,20,1000,0.0,all_returned,holdout_logloss,transposed_em_correlated,py_irt,left_minus_right,0,,,,,,,,,
1pl,20,1000,0.0,all_returned,holdout_logloss,torch_measure,py_irt,left_minus_right,100,-1.4113315632219265,0.012351630775880997,0.12351630775880997,-1.3973978311929347,-1.6565519881994877,-1.2140852228363133,-1.4355407595426533,-1.3871223669011998,1.0
1pl,20,1000,0.0,all_returned,holdout_brier,transposed_em_diagonal,transposed_em_correlated,left_minus_right,0,,,,,,,,,
1pl,20,1000,0.0,all_returned,holdout_brier,transposed_em_diagonal,torch_measure,left_minus_right,100,-0.001881478610321702,0.00011053307218819897,0.0011053307218819898,-0.001883795447027714,-0.003967657315364201,0.0003379827560620924,-0.002098123431810572,-0.001664833788832832,0.95
1pl,20,1000,0.0,all_returned,holdout_brier,transposed_em_diagonal,py_irt,left_minus_right,100,-0.11345398064324883,0.0010870274342866775,0.010870274342866776,-0.1138462496109828,-0.132198184082749,-0.08885616745211768,-0.11558455441445072,-0.11132340687204693,1.0
1pl,20,1000,0.0,all_returned,holdout_brier,transposed_em_correlated,torch_measure,left_minus_right,0,,,,,,,,,
1pl,20,1000,0.0,all_returned,holdout_brier,transposed_em_correlated,py_irt,left_minus_right,0,,,,,,,,,
1pl,20,1000,0.0,all_returned,holdout_brier,torch_measure,py_irt,left_minus_right,100,-0.11157250203292718,0.0011238997868474629,0.01123899786847463,-0.11208155374621301,-0.13134990408282843,-0.08576756722803301,-0.11377534561514821,-0.10936965845070615,1.0
1pl,20,1000,0.0,rule_converged,theta_rmse_identified_scale,transposed_em_diagonal,transposed_em_correlated,left_minus_right,0,,,,,,,,,
1pl,20,1000,0.0,rule_converged,theta_rmse_identified_scale,transposed_em_diagonal,torch_measure,left_minus_right,100,-0.005328671353066152,0.0007751370030490725,0.007751370030490725,-0.0050941000675545495,-0.019322528643687886,0.009561902053321102,-0.006847939879042334,-0.0038094028270899702,0.74
1pl,20,1000,0.0,rule_converged,theta_rmse_identified_scale,transposed_em_diagonal,py_irt,left_minus_right,0,,,,,,,,,
1pl,20,1000,0.0,rule_converged,theta_rmse_identified_scale,transposed_em_correlated,torch_measure,left_minus_right,0,,,,,,,,,
1pl,20,1000,0.0,rule_converged,theta_rmse_identified_scale,transposed_em_correlated,py_irt,left_minus_right,0,,,,,,,,,
1pl,20,1000,0.0,rule_converged,theta_rmse_identified_scale,torch_measure,py_irt,left_minus_right,0,,,,,,,,,
1pl,20,1000,0.0,rule_converged,theta_bias_identified_scale,transposed_em_diagonal,transposed_em_correlated,left_minus_right,0,,,,,,,,,
1pl,20,1000,0.0,rule_converged,theta_bias_identified_scale,transposed_em_diagonal,torch_measure,left_minus_right,0,,,,,,,,,
1pl,20,1000,0.0,rule_converged,theta_bias_identified_scale,transposed_em_diagonal,py_irt,left_minus_right,0,,,,,,,,,
1pl,20,1000,0.0,rule_converged,theta_bias_identified_scale,transposed_em_correlated,torch_measure,left_minus_right,0,,,,,,,,,
1pl,20,1000,0.0,rule_converged,theta_bias_identified_scale,transposed_em_correlated,py_irt,left_minus_right,0,,,,,,,,,
1pl,20,1000,0.0,rule_converged,theta_bias_identified_scale,torch_measure,py_irt,left_minus_right,0,,,,,,,,,
1pl,20,1000,0.0,rule_converged,theta_mae_identified_scale,transposed_em_diagonal,transposed_em_correlated,left_minus_right,0,,,,,,,,,
1pl,20,1000,0.0,rule_converged,theta_mae_identified_scale,transposed_em_diagonal,torch_measure,left_minus_right,0,,,,,,,,,
1pl,20,1000,0.0,rule_converged,theta_mae_identified_scale,transposed_em_diagonal,py_irt,left_minus_right,0,,,,,,,,,
1pl,20,1000,0.0,rule_converged,theta_mae_identified_scale,transposed_em_correlated,torch_measure,left_minus_right,0,,,,,,,,,
1pl,20,1000,0.0,rule_converged,theta_mae_identified_scale,transposed_em_correlated,py_irt,left_minus_right,0,,,,,,,,,
1pl,20,1000,0.0,rule_converged,theta_mae_identified_scale,torch_measure,py_irt,left_minus_right,0,,,,,,,,,
1pl,20,1000,0.0,rule_converged,holdout_logloss,transposed_em_diagonal,transposed_em_correlated,left_minus_right,0,,,,,,,,,
1pl,20,1000,0.0,rule_converged,holdout_logloss,transposed_em_diagonal,torch_measure,left_minus_right,100,-0.005807363239818065,0.0003076993950545438,0.003076993950545438,-0.0055081550363096365,-0.012145161004349356,0.0009898232608380577,-0.0064104540541249705,-0.0052042724255111595,0.96
1pl,20,1000,0.0,rule_converged,holdout_logloss,transposed_em_diagonal,py_irt,left_minus_right,0,,,,,,,,,
1pl,20,1000,0.0,rule_converged,holdout_logloss,transposed_em_correlated,torch_measure,left_minus_right,0,,,,,,,,,
1pl,20,1000,0.0,rule_converged,holdout_logloss,transposed_em_correlated,py_irt,left_minus_right,0,,,,,,,,,
1pl,20,1000,0.0,rule_converged,holdout_logloss,torch_measure,py_irt,left_minus_right,0,,,,,,,,,
1pl,20,1000,0.0,rule_converged,holdout_brier,transposed_em_diagonal,transposed_em_correlated,left_minus_right,0,,,,,,,,,
1pl,20,1000,0.0,rule_converged,holdout_brier,transposed_em_diagonal,torch_measure,left_minus_right,100,-0.001881478610321702,0.00011053307218819897,0.0011053307218819898,-0.001883795447027714,-0.003967657315364201,0.0003379827560620924,-0.002098123431810572,-0.001664833788832832,0.95
1pl,20,1000,0.0,rule_converged,holdout_brier,transposed_em_diagonal,py_irt,left_minus_right,0,,,,,,,,,
1pl,20,1000,0.0,rule_converged,holdout_brier,transposed_em_correlated,torch_measure,left_minus_right,0,,,,,,,,,
1pl,20,1000,0.0,rule_converged,holdout_brier,transposed_em_correlated,py_irt,left_minus_right,0,,,,,,,,,
1pl,20,1000,0.0,rule_converged,holdout_brier,torch_measure,py_irt,left_minus_right,0,,,,,,,,,
1pl,20,10000,0.0,all_returned,theta_rmse_identified_scale,transposed_em_diagonal,transposed_em_correlated,left_minus_right,0,,,,,,,,,
1pl,20,10000,0.0,all_returned,theta_rmse_identified_scale,transposed_em_diagonal,torch_measure,left_minus_right,100,-0.0473718560807008,0.03752261345319291,0.3752261345319291,-0.01032334990035905,-0.02340143901868549,0.004472222258629256,-0.1209161784489589,0.026172466287557303,0.91
1pl,20,10000,0.0,all_returned,theta_rmse_identified_scale,transposed_em_diagonal,py_irt,left_minus_right,100,-6.806174521434031,0.03316857538682129,0.33168575386821286,-6.840988622249908,-7.403506960112313,-6.191905483052187,-6.8711849291922,-6.741164113675861,1.0
1pl,20,10000,0.0,all_returned,theta_rmse_identified_scale,transposed_em_correlated,torch_measure,left_minus_right,0,,,,,,,,,
1pl,20,10000,0.0,all_returned,theta_rmse_identified_scale,transposed_em_correlated,py_irt,left_minus_right,0,,,,,,,,,
1pl,20,10000,0.0,all_returned,theta_rmse_identified_scale,torch_measure,py_irt,left_minus_right,100,-6.75880266535333,0.05437756185619132,0.5437756185619131,-6.8367157900266236,-7.399594279084507,-6.08647531772638,-6.865382686591465,-6.652222644115195,1.0
1pl,20,10000,0.0,all_returned,theta_bias_identified_scale,transposed_em_diagonal,transposed_em_correlated,left_minus_right,0,,,,,,,,,
1pl,20,10000,0.0,all_returned,theta_bias_identified_scale,transposed_em_diagonal,torch_measure,left_minus_right,0,,,,,,,,,
1pl,20,10000,0.0,all_returned,theta_bias_identified_scale,transposed_em_diagonal,py_irt,left_minus_right,100,-0.2002574127103203,0.1862818208067357,1.862818208067357,-0.20967832896603622,-3.525920689084506,3.7211426454235963,-0.5653697814915223,0.16485495607088166,0.56
1pl,20,10000,0.0,all_returned,theta_bias_identified_scale,transposed_em_correlated,torch_measure,left_minus_right,0,,,,,,,,,
1pl,20,10000,0.0,all_returned,theta_bias_identified_scale,transposed_em_correlated,py_irt,left_minus_right,0,,,,,,,,,
1pl,20,10000,0.0,all_returned,theta_bias_identified_scale,torch_measure,py_irt,left_minus_right,0,,,,,,,,,
1pl,20,10000,0.0,all_returned,theta_mae_identified_scale,transposed_em_diagonal,transposed_em_correlated,left_minus_right,0,,,,,,,,,
1pl,20,10000,0.0,all_returned,theta_mae_identified_scale,transposed_em_diagonal,torch_measure,left_minus_right,0,,,,,,,,,
1pl,20,10000,0.0,all_returned,theta_mae_identified_scale,transposed_em_diagonal,py_irt,left_minus_right,100,-6.553691983504645,0.04495845238662078,0.4495845238662078,-6.6179040293203775,-7.255115867512329,-5.577379324528732,-6.641810550182422,-6.465573416826869,1.0
1pl,20,10000,0.0,all_returned,theta_mae_identified_scale,transposed_em_correlated,torch_measure,left_minus_right,0,,,,,,,,,
1pl,20,10000,0.0,all_returned,theta_mae_identified_scale,transposed_em_correlated,py_irt,left_minus_right,0,,,,,,,,,
1pl,20,10000,0.0,all_returned,theta_mae_identified_scale,torch_measure,py_irt,left_minus_right,0,,,,,,,,,
1pl,20,10000,0.0,all_returned,holdout_logloss,transposed_em_diagonal,transposed_em_correlated,left_minus_right,0,,,,,,,,,
1pl,20,10000,0.0,all_returned,holdout_logloss,transposed_em_diagonal,torch_measure,left_minus_right,100,-0.006076756662001667,0.0002100476340060576,0.002100476340060576,-0.0058258096027568596,-0.008085501394180902,-0.004299972666548728,-0.00648845002465354,-0.005665063299349794,1.0
1pl,20,10000,0.0,all_returned,holdout_logloss,transposed_em_diagonal,py_irt,left_minus_right,100,-1.472857428102222,0.014249539237478131,0.14249539237478132,-1.4877927371135566,-1.7329337335163333,-1.1970937240420734,-1.500786525007679,-1.444928331196765,1.0
1pl,20,10000,0.0,all_returned,holdout_logloss,transposed_em_correlated,torch_measure,left_minus_right,0,,,,,,,,,
1pl,20,10000,0.0,all_returned,holdout_logloss,transposed_em_correlated,py_irt,left_minus_right,0,,,,,,,,,
1pl,20,10000,0.0,all_returned,holdout_logloss,torch_measure,py_irt,left_minus_right,100,-1.4667806714402198,0.014249849150068394,0.14249849150068394,-1.4823526108964358,-1.726292836937152,-1.1909179264944723,-1.4947103757743538,-1.4388509671060858,1.0
1pl,20,10000,0.0,all_returned,holdout_brier,transposed_em_diagonal,transposed_em_correlated,left_minus_right,0,,,,,,,,,
1pl,20,10000,0.0,all_returned,holdout_brier,transposed_em_diagonal,torch_measure,left_minus_right,100,-0.001989555135508558,3.630165076409577e-05,0.0003630165076409577,-0.001958421776034891,-0.0027736704517745112,-0.0014054087296664112,-0.0020607063710061857,-0.0019184039000109303,1.0
1pl,20,10000,0.0,all_returned,holdout_brier,transposed_em_diagonal,py_irt,left_minus_right,100,-0.11481264158312243,0.0012027861615877449,0.012027861615877449,-0.11603434136927596,-0.13718986177187412,-0.09034278980657298,-0.11717010245983442,-0.11245518070641045,1.0
1pl,20,10000,0.0,all_returned,holdout_brier,transposed_em_correlated,torch_measure,left_minus_right,0,,,,,,,,,
1pl,20,10000,0.0,all_returned,holdout_brier,transposed_em_correlated,py_irt,left_minus_right,0,,,,,,,,,
1pl,20,10000,0.0,all_returned,holdout_brier,torch_measure,py_irt,left_minus_right,100,-0.1128230864476139,0.0012034606510213535,0.012034606510213536,-0.1143481211619985,-0.13526031535126823,-0.08828384488475795,-0.11518186932361575,-0.11046430357161204,1.0
1pl,20,10000,0.0,rule_converged,theta_rmse_identified_scale,transposed_em_diagonal,transposed_em_correlated,left_minus_right,0,,,,,,,,,
1pl,20,10000,0.0,rule_converged,theta_rmse_identified_scale,transposed_em_diagonal,torch_measure,left_minus_right,100,-0.0473718560807008,0.03752261345319291,0.3752261345319291,-0.01032334990035905,-0.02340143901868549,0.004472222258629256,-0.1209161784489589,0.026172466287557303,0.91
1pl,20,10000,0.0,rule_converged,theta_rmse_identified_scale,transposed_em_diagonal,py_irt,left_minus_right,0,,,,,,,,,
1pl,20,10000,0.0,rule_converged,theta_rmse_identified_scale,transposed_em_correlated,torch_measure,left_minus_right,0,,,,,,,,,
1pl,20,10000,0.0,rule_converged,theta_rmse_identified_scale,transposed_em_correlated,py_irt,left_minus_right,0,,,,,,,,,
1pl,20,10000,0.0,rule_converged,theta_rmse_identified_scale,torch_measure,py_irt,left_minus_right,0,,,,,,,,,
1pl,20,10000,0.0,rule_converged,theta_bias_identified_scale,transposed_em_diagonal,transposed_em_correlated,left_minus_right,0,,,,,,,,,
1pl,20,10000,0.0,rule_converged,theta_bias_identified_scale,transposed_em_diagonal,torch_measure,left_minus_right,0,,,,,,,,,
1pl,20,10000,0.0,rule_converged,theta_bias_identified_scale,transposed_em_diagonal,py_irt,left_minus_right,0,,,,,,,,,
1pl,20,10000,0.0,rule_converged,theta_bias_identified_scale,transposed_em_correlated,torch_measure,left_minus_right,0,,,,,,,,,
1pl,20,10000,0.0,rule_converged,theta_bias_identified_scale,transposed_em_correlated,py_irt,left_minus_right,0,,,,,,,,,
1pl,20,10000,0.0,rule_converged,theta_bias_identified_scale,torch_measure,py_irt,left_minus_right,0,,,,,,,,,
1pl,20,10000,0.0,rule_converged,theta_mae_identified_scale,transposed_em_diagonal,transposed_em_correlated,left_minus_right,0,,,,,,,,,
1pl,20,10000,0.0,rule_converged,theta_mae_identified_scale,transposed_em_diagonal,torch_measure,left_minus_right,0,,,,,,,,,
1pl,20,10000,0.0,rule_converged,theta_mae_identified_scale,transposed_em_diagonal,py_irt,left_minus_right,0,,,,,,,,,
1pl,20,10000,0.0,rule_converged,theta_mae_identified_scale,transposed_em_correlated,torch_measure,left_minus_right,0,,,,,,,,,
1pl,20,10000,0.0,rule_converged,theta_mae_identified_scale,transposed_em_correlated,py_irt,left_minus_right,0,,,,,,,,,
1pl,20,10000,0.0,rule_converged,theta_mae_identified_scale,torch_measure,py_irt,left_minus_right,0,,,,,,,,,
1pl,20,10000,0.0,rule_converged,holdout_logloss,transposed_em_diagonal,transposed_em_correlated,left_minus_right,0,,,,,,,,,
1pl,20,10000,0.0,rule_converged,holdout_logloss,transposed_em_diagonal,torch_measure,left_minus_right,100,-0.006076756662001667,0.0002100476340060576,0.002100476340060576,-0.0058258096027568596,-0.008085501394180902,-0.004299972666548728,-0.00648845002465354,-0.005665063299349794,1.0
1pl,20,10000,0.0,rule_converged,holdout_logloss,transposed_em_diagonal,py_irt,left_minus_right,0,,,,,,,,,
1pl,20,10000,0.0,rule_converged,holdout_logloss,transposed_em_correlated,torch_measure,left_minus_right,0,,,,,,,,,
1pl,20,10000,0.0,rule_converged,holdout_logloss,transposed_em_correlated,py_irt,left_minus_right,0,,,,,,,,,
1pl,20,10000,0.0,rule_converged,holdout_logloss,torch_measure,py_irt,left_minus_right,0,,,,,,,,,
1pl,20,10000,0.0,rule_converged,holdout_brier,transposed_em_diagonal,transposed_em_correlated,left_minus_right,0,,,,,,,,,
1pl,20,10000,0.0,rule_converged,holdout_brier,transposed_em_diagonal,torch_measure,left_minus_right,100,-0.001989555135508558,3.630165076409577e-05,0.0003630165076409577,-0.001958421776034891,-0.0027736704517745112,-0.0014054087296664112,-0.0020607063710061857,-0.0019184039000109303,1.0
1pl,20,10000,0.0,rule_converged,holdout_brier,transposed_em_diagonal,py_irt,left_minus_right,0,,,,,,,,,
1pl,20,10000,0.0,rule_converged,holdout_brier,transposed_em_correlated,torch_measure,left_minus_right,0,,,,,,,,,
1pl,20,10000,0.0,rule_converged,holdout_brier,transposed_em_correlated,py_irt,left_minus_right,0,,,,,,,,,
1pl,20,10000,0.0,rule_converged,holdout_brier,torch_measure,py_irt,left_minus_right,0,,,,,,,,,
1pl,100,1000,0.0,all_returned,theta_rmse_identified_scale,transposed_em_diagonal,transposed_em_correlated,left_minus_right,0,,,,,,,,,
1pl,100,1000,0.0,all_returned,theta_rmse_identified_scale,transposed_em_diagonal,torch_measure,left_minus_right,100,-0.0019112058818849336,0.0003538327982871255,0.0035383279828712553,-0.001691736497237445,-0.010293527062272444,0.004728698766616735,-0.0026047181665276994,-0.0012176935972421676,0.69
1pl,100,1000,0.0,all_returned,theta_rmse_identified_scale,transposed_em_diagonal,py_irt,left_minus_right,100,-6.452173161106373,0.012820731353106019,0.12820731353106019,-6.451346379383616,-6.72466368148016,-6.222961110551021,-6.477301794558461,-6.427044527654285,1.0
1pl,100,1000,0.0,all_returned,theta_rmse_identified_scale,transposed_em_correlated,torch_measure,left_minus_right,0,,,,,,,,,
1pl,100,1000,0.0,all_returned,theta_rmse_identified_scale,transposed_em_correlated,py_irt,left_minus_right,0,,,,,,,,,
1pl,100,1000,0.0,all_returned,theta_rmse_identified_scale,torch_measure,py_irt,left_minus_right,100,-6.450261955224489,0.012784678950140214,0.12784678950140213,-6.451860883724249,-6.723277158296844,-6.221847952189288,-6.4753199259667635,-6.425203984482215,1.0
1pl,100,1000,0.0,all_returned,theta_bias_identified_scale,transposed_em_diagonal,transposed_em_correlated,left_minus_right,0,,,,,,,,,
1pl,100,1000,0.0,all_returned,theta_bias_identified_scale,transposed_em_diagonal,torch_measure,left_minus_right,0,,,,,,,,,
1pl,100,1000,0.0,all_returned,theta_bias_identified_scale,transposed_em_diagonal,py_irt,left_minus_right,100,0.006857560502537844,0.08356879921061051,0.8356879921061051,-0.038711848159716,-1.445872015128661,1.5605211711687963,-0.15693728595025874,0.17065240695533446,0.51
1pl,100,1000,0.0,all_returned,theta_bias_identified_scale,transposed_em_correlated,torch_measure,left_minus_right,0,,,,,,,,,
1pl,100,1000,0.0,all_returned,theta_bias_identified_scale,transposed_em_correlated,py_irt,left_minus_right,0,,,,,,,,,
1pl,100,1000,0.0,all_returned,theta_bias_identified_scale,torch_measure,py_irt,left_minus_right,0,,,,,,,,,
1pl,100,1000,0.0,all_returned,theta_mae_identified_scale,transposed_em_diagonal,transposed_em_correlated,left_minus_right,0,,,,,,,,,
1pl,100,1000,0.0,all_returned,theta_mae_identified_scale,transposed_em_diagonal,torch_measure,left_minus_right,0,,,,,,,,,
1pl,100,1000,0.0,all_returned,theta_mae_identified_scale,transposed_em_diagonal,py_irt,left_minus_right,100,-6.205624829704352,0.017352172911475817,0.17352172911475816,-6.2036136353788205,-6.5723031509157535,-5.882967415534973,-6.239635088610845,-6.171614570797859,1.0
1pl,100,1000,0.0,all_returned,theta_mae_identified_scale,transposed_em_correlated,torch_measure,left_minus_right,0,,,,,,,,,
1pl,100,1000,0.0,all_returned,theta_mae_identified_scale,transposed_em_correlated,py_irt,left_minus_right,0,,,,,,,,,
1pl,100,1000,0.0,all_returned,theta_mae_identified_scale,torch_measure,py_irt,left_minus_right,0,,,,,,,,,
1pl,100,1000,0.0,all_returned,holdout_logloss,transposed_em_diagonal,transposed_em_correlated,left_minus_right,0,,,,,,,,,
1pl,100,1000,0.0,all_returned,holdout_logloss,transposed_em_diagonal,torch_measure,left_minus_right,100,7.554841936373568e-06,6.170326999847856e-06,6.170326999847856e-05,7.505087844195124e-06,-9.256260706029251e-05,0.00013322234210642046,-4.538998983328228e-06,1.9648682856075364e-05,0.46
1pl,100,1000,0.0,all_returned,holdout_logloss,transposed_em_diagonal,py_irt,left_minus_right,100,-1.3844168617584918,0.005536860637216591,0.05536860637216592,-1.3866141792586424,-1.4875347185492525,-1.2824121074498365,-1.3952691086074362,-1.3735646149095473,1.0
1pl,100,1000,0.0,all_returned,holdout_logloss,transposed_em_correlated,torch_measure,left_minus_right,0,,,,,,,,,
1pl,100,1000,0.0,all_returned,holdout_logloss,transposed_em_correlated,py_irt,left_minus_right,0,,,,,,,,,
1pl,100,1000,0.0,all_returned,holdout_logloss,torch_measure,py_irt,left_minus_right,100,-1.3844244166004283,0.005537405412388389,0.05537405412388389,-1.386614006950043,-1.4875384875418882,-1.2824335191101044,-1.3952777312087095,-1.373571101992147,1.0
1pl,100,1000,0.0,all_returned,holdout_brier,transposed_em_diagonal,transposed_em_correlated,left_minus_right,0,,,,,,,,,
1pl,100,1000,0.0,all_returned,holdout_brier,transposed_em_diagonal,torch_measure,left_minus_right,100,3.7149500529717883e-06,1.993447685696496e-06,1.9934476856964962e-05,3.625097207402006e-06,-3.859058488717565e-05,4.2754572094285517e-05,-1.9220741099334394e-07,7.62210751693692e-06,0.41
1pl,100,1000,0.0,all_returned,holdout_brier,transposed_em_diagonal,py_irt,left_minus_right,100,-0.1190039695768112,0.0006633958400766459,0.00663395840076646,-0.11954107973164119,-0.13100983211323813,-0.10641222179557819,-0.12030422542336143,-0.11770371373026096,1.0
1pl,100,1000,0.0,all_returned,holdout_brier,transposed_em_correlated,torch_measure,left_minus_right,0,,,,,,,,,
1pl,100,1000,0.0,all_returned,holdout_brier,transposed_em_correlated,py_irt,left_minus_right,0,,,,,,,,,
1pl,100,1000,0.0,all_returned,holdout_brier,torch_measure,py_irt,left_minus_right,100,-0.11900768452686415,0.0006639058819029073,0.006639058819029073,-0.11953415177823984,-0.13101791075518895,-0.10639772802729637,-0.12030894005539385,-0.11770642899833446,1.0
1pl,100,1000,0.0,rule_converged,theta_rmse_identified_scale,transposed_em_diagonal,transposed_em_correlated,left_minus_right,0,,,,,,,,,
1pl,100,1000,0.0,rule_converged,theta_rmse_identified_scale,transposed_em_diagonal,torch_measure,left_minus_right,100,-0.0019112058818849336,0.0003538327982871255,0.0035383279828712553,-0.001691736497237445,-0.010293527062272444,0.004728698766616735,-0.0026047181665276994,-0.0012176935972421676,0.69
1pl,100,1000,0.0,rule_converged,theta_rmse_identified_scale,transposed_em_diagonal,py_irt,left_minus_right,0,,,,,,,,,
1pl,100,1000,0.0,rule_converged,theta_rmse_identified_scale,transposed_em_correlated,torch_measure,left_minus_right,0,,,,,,,,,
1pl,100,1000,0.0,rule_converged,theta_rmse_identified_scale,transposed_em_correlated,py_irt,left_minus_right,0,,,,,,,,,
1pl,100,1000,0.0,rule_converged,theta_rmse_identified_scale,torch_measure,py_irt,left_minus_right,0,,,,,,,,,
1pl,100,1000,0.0,rule_converged,theta_bias_identified_scale,transposed_em_diagonal,transposed_em_correlated,left_minus_right,0,,,,,,,,,
1pl,100,1000,0.0,rule_converged,theta_bias_identified_scale,transposed_em_diagonal,torch_measure,left_minus_right,0,,,,,,,,,
1pl,100,1000,0.0,rule_converged,theta_bias_identified_scale,transposed_em_diagonal,py_irt,left_minus_right,0,,,,,,,,,
1pl,100,1000,0.0,rule_converged,theta_bias_identified_scale,transposed_em_correlated,torch_measure,left_minus_right,0,,,,,,,,,
1pl,100,1000,0.0,rule_converged,theta_bias_identified_scale,transposed_em_correlated,py_irt,left_minus_right,0,,,,,,,,,
1pl,100,1000,0.0,rule_converged,theta_bias_identified_scale,torch_measure,py_irt,left_minus_right,0,,,,,,,,,
1pl,100,1000,0.0,rule_converged,theta_mae_identified_scale,transposed_em_diagonal,transposed_em_correlated,left_minus_right,0,,,,,,,,,
1pl,100,1000,0.0,rule_converged,theta_mae_identified_scale,transposed_em_diagonal,torch_measure,left_minus_right,0,,,,,,,,,
1pl,100,1000,0.0,rule_converged,theta_mae_identified_scale,transposed_em_diagonal,py_irt,left_minus_right,0,,,,,,,,,
1pl,100,1000,0.0,rule_converged,theta_mae_identified_scale,transposed_em_correlated,torch_measure,left_minus_right,0,,,,,,,,,
1pl,100,1000,0.0,rule_converged,theta_mae_identified_scale,transposed_em_correlated,py_irt,left_minus_right,0,,,,,,,,,
1pl,100,1000,0.0,rule_converged,theta_mae_identified_scale,torch_measure,py_irt,left_minus_right,0,,,,,,,,,
1pl,100,1000,0.0,rule_converged,holdout_logloss,transposed_em_diagonal,transposed_em_correlated,left_minus_right,0,,,,,,,,,
1pl,100,1000,0.0,rule_converged,holdout_logloss,transposed_em_diagonal,torch_measure,left_minus_right,100,7.554841936373568e-06,6.170326999847856e-06,6.170326999847856e-05,7.505087844195124e-06,-9.256260706029251e-05,0.00013322234210642046,-4.538998983328228e-06,1.9648682856075364e-05,0.46
1pl,100,1000,0.0,rule_converged,holdout_logloss,transposed_em_diagonal,py_irt,left_minus_right,0,,,,,,,,,
1pl,100,1000,0.0,rule_converged,holdout_logloss,transposed_em_correlated,torch_measure,left_minus_right,0,,,,,,,,,
1pl,100,1000,0.0,rule_converged,holdout_logloss,transposed_em_correlated,py_irt,left_minus_right,0,,,,,,,,,
1pl,100,1000,0.0,rule_converged,holdout_logloss,torch_measure,py_irt,left_minus_right,0,,,,,,,,,
1pl,100,1000,0.0,rule_converged,holdout_brier,transposed_em_diagonal,transposed_em_correlated,left_minus_right,0,,,,,,,,,
1pl,100,1000,0.0,rule_converged,holdout_brier,transposed_em_diagonal,torch_measure,left_minus_right,100,3.7149500529717883e-06,1.993447685696496e-06,1.9934476856964962e-05,3.625097207402006e-06,-3.859058488717565e-05,4.2754572094285517e-05,-1.9220741099334394e-07,7.62210751693692e-06,0.41
1pl,100,1000,0.0,rule_converged,holdout_brier,transposed_em_diagonal,py_irt,left_minus_right,0,,,,,,,,,
1pl,100,1000,0.0,rule_converged,holdout_brier,transposed_em_correlated,torch_measure,left_minus_right,0,,,,,,,,,
1pl,100,1000,0.0,rule_converged,holdout_brier,transposed_em_correlated,py_irt,left_minus_right,0,,,,,,,,,
1pl,100,1000,0.0,rule_converged,holdout_brier,torch_measure,py_irt,left_minus_right,0,,,,,,,,,
1pl,100,10000,0.0,all_returned,theta_rmse_identified_scale,transposed_em_diagonal,transposed_em_correlated,left_minus_right,0,,,,,,,,,
1pl,100,10000,0.0,all_returned,theta_rmse_identified_scale,transposed_em_diagonal,torch_measure,left_minus_right,100,-0.003629512670627246,0.00015406472377803916,0.0015406472377803915,-0.0037626378158495486,-0.006507737420098484,-0.0008361142747955012,-0.003931479529232203,-0.003327545812022289,1.0
1pl,100,10000,0.0,all_returned,theta_rmse_identified_scale,transposed_em_diagonal,py_irt,left_minus_right,100,-6.701475411711029,0.015541377629963757,0.15541377629963757,-6.704676068533459,-7.028824878959546,-6.413298152752722,-6.731936511865758,-6.6710143115563,1.0
1pl,100,10000,0.0,all_returned,theta_rmse_identified_scale,transposed_em_correlated,torch_measure,left_minus_right,0,,,,,,,,,
1pl,100,10000,0.0,all_returned,theta_rmse_identified_scale,transposed_em_correlated,py_irt,left_minus_right,0,,,,,,,,,
1pl,100,10000,0.0,all_returned,theta_rmse_identified_scale,torch_measure,py_irt,left_minus_right,100,-6.697845899040405,0.015524457753545332,0.15524457753545332,-6.701417900136246,-7.024616621334327,-6.411138700086866,-6.728273836237354,-6.667417961843456,1.0
1pl,100,10000,0.0,all_returned,theta_bias_identified_scale,transposed_em_diagonal,transposed_em_correlated,left_minus_right,0,,,,,,,,,
1pl,100,10000,0.0,all_returned,theta_bias_identified_scale,transposed_em_diagonal,torch_measure,left_minus_right,0,,,,,,,,,
1pl,100,10000,0.0,all_returned,theta_bias_identified_scale,transposed_em_diagonal,py_irt,left_minus_right,100,0.026448114167596203,0.08695713542796799,0.8695713542796799,0.026376583170760554,-1.5516948805928592,1.5454145671427755,-0.14398787127122104,0.19688409960641345,0.49
1pl,100,10000,0.0,all_returned,theta_bias_identified_scale,transposed_em_correlated,torch_measure,left_minus_right,0,,,,,,,,,
1pl,100,10000,0.0,all_returned,theta_bias_identified_scale,transposed_em_correlated,py_irt,left_minus_right,0,,,,,,,,,
1pl,100,10000,0.0,all_returned,theta_bias_identified_scale,torch_measure,py_irt,left_minus_right,0,,,,,,,,,
1pl,100,10000,0.0,all_returned,theta_mae_identified_scale,transposed_em_diagonal,transposed_em_correlated,left_minus_right,0,,,,,,,,,
1pl,100,10000,0.0,all_returned,theta_mae_identified_scale,transposed_em_diagonal,torch_measure,left_minus_right,0,,,,,,,,,
1pl,100,10000,0.0,all_returned,theta_mae_identified_scale,transposed_em_diagonal,py_irt,left_minus_right,100,-6.450810416766144,0.02247721995779032,0.2247721995779032,-6.4504735157632185,-6.893914752792925,-6.035444519544003,-6.494865767883413,-6.406755065648875,1.0
1pl,100,10000,0.0,all_returned,theta_mae_identified_scale,transposed_em_correlated,torch_measure,left_minus_right,0,,,,,,,,,
1pl,100,10000,0.0,all_returned,theta_mae_identified_scale,transposed_em_correlated,py_irt,left_minus_right,0,,,,,,,,,
1pl,100,10000,0.0,all_returned,theta_mae_identified_scale,torch_measure,py_irt,left_minus_right,0,,,,,,,,,
1pl,100,10000,0.0,all_returned,holdout_logloss,transposed_em_diagonal,transposed_em_correlated,left_minus_right,0,,,,,,,,,
1pl,100,10000,0.0,all_returned,holdout_logloss,transposed_em_diagonal,torch_measure,left_minus_right,100,-3.652120111912183e-06,4.870056083696224e-07,4.870056083696224e-06,-3.8009434374375317e-06,-1.2428621409851792e-05,5.761351237218436e-06,-4.606651104316643e-06,-2.697589119507723e-06,0.74
1pl,100,10000,0.0,all_returned,holdout_logloss,transposed_em_diagonal,py_irt,left_minus_right,100,-1.4586591431985352,0.006638898605666228,0.06638898605666228,-1.4666652337905488,-1.569643356025374,-1.332814905765471,-1.471671384465641,-1.4456469019314293,1.0
1pl,100,10000,0.0,all_returned,holdout_logloss,transposed_em_correlated,torch_measure,left_minus_right,0,,,,,,,,,
1pl,100,10000,0.0,all_returned,holdout_logloss,transposed_em_correlated,py_irt,left_minus_right,0,,,,,,,,,
1pl,100,10000,0.0,all_returned,holdout_logloss,torch_measure,py_irt,left_minus_right,100,-1.4586554910784226,0.006638967503084616,0.06638967503084615,-1.4666641390936324,-1.569640765186223,-1.3328131430094021,-1.4716678673844685,-1.4456431147723767,1.0
1pl,100,10000,0.0,all_returned,holdout_brier,transposed_em_diagonal,transposed_em_correlated,left_minus_right,0,,,,,,,,,
1pl,100,10000,0.0,all_returned,holdout_brier,transposed_em_diagonal,torch_measure,left_minus_right,100,-9.728832262423382e-07,1.3842172891106947e-07,1.3842172891106947e-06,-9.90963277408552e-07,-3.6044874899686387e-06,1.1708277840145885e-06,-1.2441898149080343e-06,-7.015766375766421e-07,0.71
1pl,100,10000,0.0,all_returned,holdout_brier,transposed_em_diagonal,py_irt,left_minus_right,100,-0.12189162299645284,0.0005943646845327796,0.005943646845327797,-0.12214590249182813,-0.13324194128117006,-0.11063308390403502,-0.1230565777781371,-0.12072666821476859,1.0
1pl,100,10000,0.0,all_returned,holdout_brier,transposed_em_correlated,torch_measure,left_minus_right,0,,,,,,,,,
1pl,100,10000,0.0,all_returned,holdout_brier,transposed_em_correlated,py_irt,left_minus_right,0,,,,,,,,,
1pl,100,10000,0.0,all_returned,holdout_brier,torch_measure,py_irt,left_minus_right,100,-0.12189065011322661,0.0005943796942126904,0.005943796942126904,-0.12214471018357793,-0.13324158493952193,-0.11063275439089379,-0.12305563431388349,-0.12072566591256974,1.0
1pl,100,10000,0.0,rule_converged,theta_rmse_identified_scale,transposed_em_diagonal,transposed_em_correlated,left_minus_right,0,,,,,,,,,
1pl,100,10000,0.0,rule_converged,theta_rmse_identified_scale,transposed_em_diagonal,torch_measure,left_minus_right,100,-0.003629512670627246,0.00015406472377803916,0.0015406472377803915,-0.0037626378158495486,-0.006507737420098484,-0.0008361142747955012,-0.003931479529232203,-0.003327545812022289,1.0
1pl,100,10000,0.0,rule_converged,theta_rmse_identified_scale,transposed_em_diagonal,py_irt,left_minus_right,0,,,,,,,,,
1pl,100,10000,0.0,rule_converged,theta_rmse_identified_scale,transposed_em_correlated,torch_measure,left_minus_right,0,,,,,,,,,
1pl,100,10000,0.0,rule_converged,theta_rmse_identified_scale,transposed_em_correlated,py_irt,left_minus_right,0,,,,,,,,,
1pl,100,10000,0.0,rule_converged,theta_rmse_identified_scale,torch_measure,py_irt,left_minus_right,0,,,,,,,,,
1pl,100,10000,0.0,rule_converged,theta_bias_identified_scale,transposed_em_diagonal,transposed_em_correlated,left_minus_right,0,,,,,,,,,
1pl,100,10000,0.0,rule_converged,theta_bias_identified_scale,transposed_em_diagonal,torch_measure,left_minus_right,0,,,,,,,,,
1pl,100,10000,0.0,rule_converged,theta_bias_identified_scale,transposed_em_diagonal,py_irt,left_minus_right,0,,,,,,,,,
1pl,100,10000,0.0,rule_converged,theta_bias_identified_scale,transposed_em_correlated,torch_measure,left_minus_right,0,,,,,,,,,
1pl,100,10000,0.0,rule_converged,theta_bias_identified_scale,transposed_em_correlated,py_irt,left_minus_right,0,,,,,,,,,
1pl,100,10000,0.0,rule_converged,theta_bias_identified_scale,torch_measure,py_irt,left_minus_right,0,,,,,,,,,
1pl,100,10000,0.0,rule_converged,theta_mae_identified_scale,transposed_em_diagonal,transposed_em_correlated,left_minus_right,0,,,,,,,,,
1pl,100,10000,0.0,rule_converged,theta_mae_identified_scale,transposed_em_diagonal,torch_measure,left_minus_right,0,,,,,,,,,
1pl,100,10000,0.0,rule_converged,theta_mae_identified_scale,transposed_em_diagonal,py_irt,left_minus_right,0,,,,,,,,,
1pl,100,10000,0.0,rule_converged,theta_mae_identified_scale,transposed_em_correlated,torch_measure,left_minus_right,0,,,,,,,,,
1pl,100,10000,0.0,rule_converged,theta_mae_identified_scale,transposed_em_correlated,py_irt,left_minus_right,0,,,,,,,,,
1pl,100,10000,0.0,rule_converged,theta_mae_identified_scale,torch_measure,py_irt,left_minus_right,0,,,,,,,,,
1pl,100,10000,0.0,rule_converged,holdout_logloss,transposed_em_diagonal,transposed_em_correlated,left_minus_right,0,,,,,,,,,
1pl,100,10000,0.0,rule_converged,holdout_logloss,transposed_em_diagonal,torch_measure,left_minus_right,100,-3.652120111912183e-06,4.870056083696224e-07,4.870056083696224e-06,-3.8009434374375317e-06,-1.2428621409851792e-05,5.761351237218436e-06,-4.606651104316643e-06,-2.697589119507723e-06,0.74
1pl,100,10000,0.0,rule_converged,holdout_logloss,transposed_em_diagonal,py_irt,left_minus_right,0,,,,,,,,,
1pl,100,10000,0.0,rule_converged,holdout_logloss,transposed_em_correlated,torch_measure,left_minus_right,0,,,,,,,,,
1pl,100,10000,0.0,rule_converged,holdout_logloss,transposed_em_correlated,py_irt,left_minus_right,0,,,,,,,,,
1pl,100,10000,0.0,rule_converged,holdout_logloss,torch_measure,py_irt,left_minus_right,0,,,,,,,,,
1pl,100,10000,0.0,rule_converged,holdout_brier,transposed_em_diagonal,transposed_em_correlated,left_minus_right,0,,,,,,,,,
1pl,100,10000,0.0,rule_converged,holdout_brier,transposed_em_diagonal,torch_measure,left_minus_right,100,-9.728832262423382e-07,1.3842172891106947e-07,1.3842172891106947e-06,-9.90963277408552e-07,-3.6044874899686387e-06,1.1708277840145885e-06,-1.2441898149080343e-06,-7.015766375766421e-07,0.71
1pl,100,10000,0.0,rule_converged,holdout_brier,transposed_em_diagonal,py_irt,left_minus_right,0,,,,,,,,,
1pl,100,10000,0.0,rule_converged,holdout_brier,transposed_em_correlated,torch_measure,left_minus_right,0,,,,,,,,,
1pl,100,10000,0.0,rule_converged,holdout_brier,transposed_em_correlated,py_irt,left_minus_right,0,,,,,,,,,
1pl,100,10000,0.0,rule_converged,holdout_brier,torch_measure,py_irt,left_minus_right,0,,,,,,,,,
2pl,20,1000,-0.4,all_returned,theta_rmse_identified_scale,transposed_em_diagonal,transposed_em_correlated,left_minus_right,100,0.014519711453794359,0.0009244600196150077,0.009244600196150077,0.01476766684293205,-0.008724995472146679,0.029722676040545567,0.012707769815348944,0.016331653092239773,0.05
2pl,20,1000,-0.4,all_returned,theta_rmse_identified_scale,transposed_em_diagonal,torch_measure,left_minus_right,99,-0.23499882201571032,0.013135822955848466,0.1306997881712597,-0.21039145509296858,-0.5444511859693986,-0.06149400047212903,-0.2607450350091733,-0.20925260902224732,1.0
2pl,20,1000,-0.4,all_returned,theta_rmse_identified_scale,transposed_em_diagonal,py_irt,left_minus_right,100,-0.11773553010932321,0.0030129175887113886,0.030129175887113887,-0.11808589275489749,-0.1795164119718248,-0.06542749040851258,-0.12364084858319753,-0.11183021163544889,1.0
2pl,20,1000,-0.4,all_returned,theta_rmse_identified_scale,transposed_em_correlated,torch_measure,left_minus_right,99,-0.24960091885935015,0.013048937627100578,0.12983529006552944,-0.22258212643319314,-0.555745799607403,-0.08464867033623394,-0.27517683660846726,-0.22402500111023302,1.0
2pl,20,1000,-0.4,all_returned,theta_rmse_identified_scale,transposed_em_correlated,py_irt,left_minus_right,100,-0.13225524156311758,0.0029428393120016416,0.029428393120016418,-0.1304310816797389,-0.19289475347183252,-0.07483321124172705,-0.1380232066146408,-0.12648727651159436,1.0
2pl,20,1000,-0.4,all_returned,theta_rmse_identified_scale,torch_measure,py_irt,left_minus_right,99,0.1168175241876588,0.012635082839958938,0.12571748692560578,0.08921882865176112,-0.023791316654071862,0.45109072216178653,0.09205276182133929,0.1415822865539783,0.1414141414141414
2pl,20,1000,-0.4,all_returned,theta_bias_identified_scale,transposed_em_diagonal,transposed_em_correlated,left_minus_right,100,0.02671765650694289,0.00133976816514517,0.0133976816514517,0.02775195004050885,-0.010779750031832513,0.048843835423875596,0.024091710903258356,0.029343602110627424,0.04
2pl,20,1000,-0.4,all_returned,theta_bias_identified_scale,transposed_em_diagonal,torch_measure,left_minus_right,0,,,,,,,,,
2pl,20,1000,-0.4,all_returned,theta_bias_identified_scale,transposed_em_diagonal,py_irt,left_minus_right,100,-0.003226579122975528,0.00470332502479901,0.0470332502479901,-0.00246018185639775,-0.08272351830487633,0.08663545475159838,-0.012445096171581587,0.0059919379256305316,0.53
2pl,20,1000,-0.4,all_returned,theta_bias_identified_scale,transposed_em_correlated,torch_measure,left_minus_right,0,,,,,,,,,
2pl,20,1000,-0.4,all_returned,theta_bias_identified_scale,transposed_em_correlated,py_irt,left_minus_right,100,-0.02994423562991841,0.0038840023153888944,0.038840023153888945,-0.03569644093985745,-0.0944162921473647,0.05050423777598396,-0.03755688016808064,-0.022331591091756177,0.8
2pl,20,1000,-0.4,all_returned,theta_bias_identified_scale,torch_measure,py_irt,left_minus_right,0,,,,,,,,,
2pl,20,1000,-0.4,all_returned,theta_mae_identified_scale,transposed_em_diagonal,transposed_em_correlated,left_minus_right,100,0.013671114979728364,0.0009523671611755147,0.009523671611755147,0.014135017831730448,-0.009386161976565194,0.03210832279404825,0.011804475343824356,0.015537754615632372,0.06
2pl,20,1000,-0.4,all_returned,theta_mae_identified_scale,transposed_em_diagonal,torch_measure,left_minus_right,0,,,,,,,,,
2pl,20,1000,-0.4,all_returned,theta_mae_identified_scale,transposed_em_diagonal,py_irt,left_minus_right,100,-0.09506190989143783,0.0027179348738716864,0.027179348738716864,-0.09417196338991285,-0.1421268667389139,-0.04929689277216495,-0.10038906224422633,-0.08973475753864932,1.0
2pl,20,1000,-0.4,all_returned,theta_mae_identified_scale,transposed_em_correlated,torch_measure,left_minus_right,0,,,,,,,,,
2pl,20,1000,-0.4,all_returned,theta_mae_identified_scale,transposed_em_correlated,py_irt,left_minus_right,100,-0.10873302487116619,0.002602264995207777,0.02602264995207777,-0.10774159366630515,-0.16051477331316666,-0.06391578289131224,-0.11383346426177343,-0.10363258548055895,1.0
2pl,20,1000,-0.4,all_returned,theta_mae_identified_scale,torch_measure,py_irt,left_minus_right,0,,,,,,,,,
2pl,20,1000,-0.4,all_returned,holdout_logloss,transposed_em_diagonal,transposed_em_correlated,left_minus_right,100,0.0005134601850203968,4.7999618622187194e-05,0.0004799961862218719,0.0004796618393436147,-0.0003006632342239579,0.001474113017277633,0.0004193809325209099,0.0006075394375198836,0.15
2pl,20,1000,-0.4,all_returned,holdout_logloss,transposed_em_diagonal,torch_measure,left_minus_right,99,-0.10652721579960316,0.0025401427374211446,0.025274101121916585,-0.10046996305063094,-0.15232297645118148,-0.06799265053809134,-0.1115058955649486,-0.10154853603425772,1.0
2pl,20,1000,-0.4,all_returned,holdout_logloss,transposed_em_diagonal,py_irt,left_minus_right,100,-0.04483179030434717,0.0007704225191987337,0.007704225191987337,-0.04479597095303617,-0.06170801105506551,-0.03107887931999811,-0.046341818441976684,-0.04332176216671765,1.0
2pl,20,1000,-0.4,all_returned,holdout_logloss,transposed_em_correlated,torch_measure,left_minus_right,99,-0.10704220426760735,0.002538080416991956,0.025253581292733276,-0.10153590915440691,-0.15258776839138077,-0.06805835311191388,-0.1120168418849116,-0.10206756665030312,1.0
2pl,20,1000,-0.4,all_returned,holdout_logloss,transposed_em_correlated,py_irt,left_minus_right,100,-0.045345250489367564,0.0007732169646319928,0.007732169646319929,-0.04526261258519371,-0.061865823161072475,-0.032364122430218974,-0.04686075574004627,-0.04382974523868886,1.0
2pl,20,1000,-0.4,all_returned,holdout_logloss,torch_measure,py_irt,left_minus_right,99,0.06171861068180033,0.002811264352248208,0.027971727128726465,0.05611851432854387,0.020579187989418463,0.11519350158854584,0.056208532551393846,0.06722868881220682,0.0
2pl,20,1000,-0.4,all_returned,holdout_brier,transposed_em_diagonal,transposed_em_correlated,left_minus_right,100,0.00015624865860049963,1.4378919114769992e-05,0.00014378919114769992,0.0001454728888597434,-0.00010929608550730579,0.00044447118904108047,0.00012806597713555044,0.00018443134006544882,0.12
2pl,20,1000,-0.4,all_returned,holdout_brier,transposed_em_diagonal,torch_measure,left_minus_right,99,-0.011647299167147188,0.00022393971879122268,0.0022281720686645585,-0.011350374126771284,-0.016713872596358134,-0.008218852058255439,-0.012086221015977984,-0.011208377318316393,1.0
2pl,20,1000,-0.4,all_returned,holdout_brier,transposed_em_diagonal,py_irt,left_minus_right,100,-0.01837200365063696,0.0003353154881635519,0.003353154881635519,-0.0185422153051307,-0.025854481280071864,-0.012751608270721639,-0.01902922200743752,-0.017714785293836396,1.0
2pl,20,1000,-0.4,all_returned,holdout_brier,transposed_em_correlated,torch_measure,left_minus_right,99,-0.011804801909817619,0.00022317282360913903,0.00222054155794705,-0.011547178336674985,-0.016874467404597446,-0.008342412427390604,-0.012242220644091532,-0.011367383175543706,1.0
2pl,20,1000,-0.4,all_returned,holdout_brier,transposed_em_correlated,py_irt,left_minus_right,100,-0.018528252309237457,0.00033538221446759083,0.003353822144675908,-0.01863177513367735,-0.02591418950018095,-0.013011760623351139,-0.019185601449593935,-0.01787090316888098,1.0
2pl,20,1000,-0.4,all_returned,holdout_brier,torch_measure,py_irt,left_minus_right,99,-0.006700289007014853,0.0004834476622627851,0.0048102435045003535,-0.006664930816380504,-0.01673263568710374,0.002860494817271282,-0.007647846425049912,-0.005752731588979794,0.9090909090909091
2pl,20,1000,-0.4,rule_converged,theta_rmse_identified_scale,transposed_em_diagonal,transposed_em_correlated,left_minus_right,100,0.014519711453794359,0.0009244600196150077,0.009244600196150077,0.01476766684293205,-0.008724995472146679,0.029722676040545567,0.012707769815348944,0.016331653092239773,0.05
2pl,20,1000,-0.4,rule_converged,theta_rmse_identified_scale,transposed_em_diagonal,torch_measure,left_minus_right,99,-0.23499882201571032,0.013135822955848466,0.1306997881712597,-0.21039145509296858,-0.5444511859693986,-0.06149400047212903,-0.2607450350091733,-0.20925260902224732,1.0
2pl,20,1000,-0.4,rule_converged,theta_rmse_identified_scale,transposed_em_diagonal,py_irt,left_minus_right,0,,,,,,,,,
2pl,20,1000,-0.4,rule_converged,theta_rmse_identified_scale,transposed_em_correlated,torch_measure,left_minus_right,99,-0.24960091885935015,0.013048937627100578,0.12983529006552944,-0.22258212643319314,-0.555745799607403,-0.08464867033623394,-0.27517683660846726,-0.22402500111023302,1.0
2pl,20,1000,-0.4,rule_converged,theta_rmse_identified_scale,transposed_em_correlated,py_irt,left_minus_right,0,,,,,,,,,
2pl,20,1000,-0.4,rule_converged,theta_rmse_identified_scale,torch_measure,py_irt,left_minus_right,0,,,,,,,,,
2pl,20,1000,-0.4,rule_converged,theta_bias_identified_scale,transposed_em_diagonal,transposed_em_correlated,left_minus_right,100,0.02671765650694289,0.00133976816514517,0.0133976816514517,0.02775195004050885,-0.010779750031832513,0.048843835423875596,0.024091710903258356,0.029343602110627424,0.04
2pl,20,1000,-0.4,rule_converged,theta_bias_identified_scale,transposed_em_diagonal,torch_measure,left_minus_right,0,,,,,,,,,
2pl,20,1000,-0.4,rule_converged,theta_bias_identified_scale,transposed_em_diagonal,py_irt,left_minus_right,0,,,,,,,,,
2pl,20,1000,-0.4,rule_converged,theta_bias_identified_scale,transposed_em_correlated,torch_measure,left_minus_right,0,,,,,,,,,
2pl,20,1000,-0.4,rule_converged,theta_bias_identified_scale,transposed_em_correlated,py_irt,left_minus_right,0,,,,,,,,,
2pl,20,1000,-0.4,rule_converged,theta_bias_identified_scale,torch_measure,py_irt,left_minus_right,0,,,,,,,,,
2pl,20,1000,-0.4,rule_converged,theta_mae_identified_scale,transposed_em_diagonal,transposed_em_correlated,left_minus_right,100,0.013671114979728364,0.0009523671611755147,0.009523671611755147,0.014135017831730448,-0.009386161976565194,0.03210832279404825,0.011804475343824356,0.015537754615632372,0.06
2pl,20,1000,-0.4,rule_converged,theta_mae_identified_scale,transposed_em_diagonal,torch_measure,left_minus_right,0,,,,,,,,,
2pl,20,1000,-0.4,rule_converged,theta_mae_identified_scale,transposed_em_diagonal,py_irt,left_minus_right,0,,,,,,,,,
2pl,20,1000,-0.4,rule_converged,theta_mae_identified_scale,transposed_em_correlated,torch_measure,left_minus_right,0,,,,,,,,,
2pl,20,1000,-0.4,rule_converged,theta_mae_identified_scale,transposed_em_correlated,py_irt,left_minus_right,0,,,,,,,,,
2pl,20,1000,-0.4,rule_converged,theta_mae_identified_scale,torch_measure,py_irt,left_minus_right,0,,,,,,,,,
2pl,20,1000,-0.4,rule_converged,holdout_logloss,transposed_em_diagonal,transposed_em_correlated,left_minus_right,100,0.0005134601850203968,4.7999618622187194e-05,0.0004799961862218719,0.0004796618393436147,-0.0003006632342239579,0.001474113017277633,0.0004193809325209099,0.0006075394375198836,0.15
2pl,20,1000,-0.4,rule_converged,holdout_logloss,transposed_em_diagonal,torch_measure,left_minus_right,99,-0.10652721579960316,0.0025401427374211446,0.025274101121916585,-0.10046996305063094,-0.15232297645118148,-0.06799265053809134,-0.1115058955649486,-0.10154853603425772,1.0
2pl,20,1000,-0.4,rule_converged,holdout_logloss,transposed_em_diagonal,py_irt,left_minus_right,0,,,,,,,,,
2pl,20,1000,-0.4,rule_converged,holdout_logloss,transposed_em_correlated,torch_measure,left_minus_right,99,-0.10704220426760735,0.002538080416991956,0.025253581292733276,-0.10153590915440691,-0.15258776839138077,-0.06805835311191388,-0.1120168418849116,-0.10206756665030312,1.0
2pl,20,1000,-0.4,rule_converged,holdout_logloss,transposed_em_correlated,py_irt,left_minus_right,0,,,,,,,,,
2pl,20,1000,-0.4,rule_converged,holdout_logloss,torch_measure,py_irt,left_minus_right,0,,,,,,,,,
2pl,20,1000,-0.4,rule_converged,holdout_brier,transposed_em_diagonal,transposed_em_correlated,left_minus_right,100,0.00015624865860049963,1.4378919114769992e-05,0.00014378919114769992,0.0001454728888597434,-0.00010929608550730579,0.00044447118904108047,0.00012806597713555044,0.00018443134006544882,0.12
2pl,20,1000,-0.4,rule_converged,holdout_brier,transposed_em_diagonal,torch_measure,left_minus_right,99,-0.011647299167147188,0.00022393971879122268,0.0022281720686645585,-0.011350374126771284,-0.016713872596358134,-0.008218852058255439,-0.012086221015977984,-0.011208377318316393,1.0
2pl,20,1000,-0.4,rule_converged,holdout_brier,transposed_em_diagonal,py_irt,left_minus_right,0,,,,,,,,,
2pl,20,1000,-0.4,rule_converged,holdout_brier,transposed_em_correlated,torch_measure,left_minus_right,99,-0.011804801909817619,0.00022317282360913903,0.00222054155794705,-0.011547178336674985,-0.016874467404597446,-0.008342412427390604,-0.012242220644091532,-0.011367383175543706,1.0
2pl,20,1000,-0.4,rule_converged,holdout_brier,transposed_em_correlated,py_irt,left_minus_right,0,,,,,,,,,
2pl,20,1000,-0.4,rule_converged,holdout_brier,torch_measure,py_irt,left_minus_right,0,,,,,,,,,
2pl,20,1000,0.0,all_returned,theta_rmse_identified_scale,transposed_em_diagonal,transposed_em_correlated,left_minus_right,100,-0.0023747336939130463,0.0005126068588787333,0.005126068588787333,-0.0008554359565201008,-0.01563688778302812,0.003689083978962578,-0.0033794431373153633,-0.0013700242505107292,0.71
2pl,20,1000,0.0,all_returned,theta_rmse_identified_scale,transposed_em_diagonal,torch_measure,left_minus_right,98,-0.2522584332902707,0.014922740993579696,0.14772759890630954,-0.2036839034469213,-0.5891491447614682,-0.10433927828094793,-0.2815070056376869,-0.2230098609428545,1.0
2pl,20,1000,0.0,all_returned,theta_rmse_identified_scale,transposed_em_diagonal,py_irt,left_minus_right,100,-0.12613654226642265,0.0028626052351348554,0.028626052351348553,-0.12625432305325143,-0.1821452418520014,-0.07401715999262105,-0.13174724852728698,-0.12052583600555833,1.0
2pl,20,1000,0.0,all_returned,theta_rmse_identified_scale,transposed_em_correlated,torch_measure,left_minus_right,98,-0.2498492426769538,0.01488671685874872,0.14737097816595446,-0.19936710036462568,-0.5813630878013855,-0.10457597371371509,-0.2790272077201013,-0.2206712776338063,1.0
2pl,20,1000,0.0,all_returned,theta_rmse_identified_scale,transposed_em_correlated,py_irt,left_minus_right,100,-0.12376180857250954,0.0029207000643489177,0.02920700064348918,-0.12244639133014096,-0.18247574512134757,-0.06816237617281229,-0.1294863806986334,-0.11803723644638567,1.0
2pl,20,1000,0.0,all_returned,theta_rmse_identified_scale,torch_measure,py_irt,left_minus_right,98,0.12584489905312027,0.01438814569245759,0.14243537542971485,0.08273539669461924,-0.011200600905407523,0.4754320117538243,0.0976441334959034,0.15404566461033714,0.10204081632653061
2pl,20,1000,0.0,all_returned,theta_bias_identified_scale,transposed_em_diagonal,transposed_em_correlated,left_minus_right,100,-0.002095482494999595,0.0011718411868504475,0.011718411868504475,-0.0023084394371933993,-0.020722779916904945,0.018323300764205155,-0.0043922912212264725,0.00020132623122728205,0.64
2pl,20,1000,0.0,all_returned,theta_bias_identified_scale,transposed_em_diagonal,torch_measure,left_minus_right,0,,,,,,,,,
2pl,20,1000,0.0,all_returned,theta_bias_identified_scale,transposed_em_diagonal,py_irt,left_minus_right,100,-0.002443886104837234,0.003858503730920295,0.03858503730920295,-0.004281621408935001,-0.07345805196131784,0.059443390209711844,-0.010006553417441012,0.005118781207766543,0.54
2pl,20,1000,0.0,all_returned,theta_bias_identified_scale,transposed_em_correlated,torch_measure,left_minus_right,0,,,,,,,,,
2pl,20,1000,0.0,all_returned,theta_bias_identified_scale,transposed_em_correlated,py_irt,left_minus_right,100,-0.0003484036098376405,0.003172714422275457,0.03172714422275457,-0.0007776407949713486,-0.05712145724552425,0.05083132418015068,-0.006566923877497535,0.005870116657822255,0.5
2pl,20,1000,0.0,all_returned,theta_bias_identified_scale,torch_measure,py_irt,left_minus_right,0,,,,,,,,,
2pl,20,1000,0.0,all_returned,theta_mae_identified_scale,transposed_em_diagonal,transposed_em_correlated,left_minus_right,100,-0.0018438195415568597,0.0003727617083812403,0.003727617083812403,-0.0006290153077762525,-0.011365594071444874,0.00256355332111011,-0.002574432489984091,-0.0011132065931296286,0.69
2pl,20,1000,0.0,all_returned,theta_mae_identified_scale,transposed_em_diagonal,torch_measure,left_minus_right,0,,,,,,,,,
2pl,20,1000,0.0,all_returned,theta_mae_identified_scale,transposed_em_diagonal,py_irt,left_minus_right,100,-0.10196092902339826,0.002359925533979109,0.02359925533979109,-0.09946113941726022,-0.14768375092064057,-0.05825422200312929,-0.10658638306999732,-0.0973354749767992,1.0
2pl,20,1000,0.0,all_returned,theta_mae_identified_scale,transposed_em_correlated,torch_measure,left_minus_right,0,,,,,,,,,
2pl,20,1000,0.0,all_returned,theta_mae_identified_scale,transposed_em_correlated,py_irt,left_minus_right,100,-0.1001171094818414,0.002402206199861073,0.02402206199861073,-0.09967592341707732,-0.14736823804966398,-0.05494832480533818,-0.1048254336335691,-0.0954087853301137,1.0
2pl,20,1000,0.0,all_returned,theta_mae_identified_scale,torch_measure,py_irt,left_minus_right,0,,,,,,,,,
2pl,20,1000,0.0,all_returned,holdout_logloss,transposed_em_diagonal,transposed_em_correlated,left_minus_right,100,-7.18977906859286e-05,3.330167568993907e-05,0.0003330167568993907,-2.076465934663929e-05,-0.000560744990236045,0.00029524951690206535,-0.00013716907503820918,-6.626506333648024e-06,0.59
2pl,20,1000,0.0,all_returned,holdout_logloss,transposed_em_diagonal,torch_measure,left_minus_right,98,-0.10840250189956428,0.0023633789792297084,0.023396258238178945,-0.10890692122656254,-0.15426174706803372,-0.0670369439432036,-0.1130347246988545,-0.10377027910027406,1.0
2pl,20,1000,0.0,all_returned,holdout_logloss,transposed_em_diagonal,py_irt,left_minus_right,100,-0.04502251528790925,0.0007335649059774181,0.007335649059774181,-0.04467292978952375,-0.0591233430728033,-0.032302706057891664,-0.04646030250362499,-0.04358472807219351,1.0
2pl,20,1000,0.0,all_returned,holdout_logloss,transposed_em_correlated,torch_measure,left_minus_right,98,-0.10832940601960389,0.002365112440149392,0.02341341862577617,-0.10892313314322,-0.15472292333249063,-0.06702171003714845,-0.1129650264022967,-0.10369378563691108,1.0
2pl,20,1000,0.0,all_returned,holdout_logloss,transposed_em_correlated,py_irt,left_minus_right,100,-0.044950617497223316,0.0007364073913948746,0.007364073913948746,-0.044525415187966655,-0.05888957411401569,-0.03175020432504612,-0.04639397598435727,-0.04350725901008936,1.0
2pl,20,1000,0.0,all_returned,holdout_logloss,torch_measure,py_irt,left_minus_right,98,0.06347270531065988,0.002589433324839142,0.025634082087938596,0.06446356727889796,0.013347244268059968,0.1113750630538931,0.05839741599397516,0.0685479946273446,0.01020408163265306
2pl,20,1000,0.0,all_returned,holdout_brier,transposed_em_diagonal,transposed_em_correlated,left_minus_right,100,-2.423034948786179e-05,1.0780196887560275e-05,0.00010780196887560275,-5.168704220098741e-06,-0.0001853731188228347,9.88249639437713e-05,-4.5359535387479925e-05,-3.101163588243652e-06,0.64
2pl,20,1000,0.0,all_returned,holdout_brier,transposed_em_diagonal,torch_measure,left_minus_right,98,-0.01138051629911926,0.00022149926694282242,0.0021927308715636662,-0.011624256242368958,-0.015057443643729622,-0.006759017718556917,-0.011814654862327193,-0.010946377735911329,1.0
2pl,20,1000,0.0,all_returned,holdout_brier,transposed_em_diagonal,py_irt,left_minus_right,100,-0.018533877788357286,0.0003095079327172233,0.0030950793271722335,-0.01830189564717391,-0.02439415303095866,-0.012927011840928137,-0.019140513336483044,-0.01792724224023153,1.0
2pl,20,1000,0.0,all_returned,holdout_brier,transposed_em_correlated,torch_measure,left_minus_right,98,-0.011356130079813382,0.00022107449418389452,0.002188525835787449,-0.011559361136654095,-0.01501171467962127,-0.006741820284677432,-0.011789436088413815,-0.01092282407121295,1.0
2pl,20,1000,0.0,all_returned,holdout_brier,transposed_em_correlated,py_irt,left_minus_right,100,-0.01850964743886942,0.0003108724132913925,0.003108724132913925,-0.018299249988135494,-0.024336191699516646,-0.012617603355564206,-0.01911895736892055,-0.017900337508818292,1.0
2pl,20,1000,0.0,all_returned,holdout_brier,torch_measure,py_irt,left_minus_right,98,-0.007099356173046984,0.00045279873117923486,0.004482478746613022,-0.00660744089168161,-0.016007116750445877,-0.0003133906492834797,-0.007986841686158284,-0.006211870659935684,0.9795918367346939
2pl,20,1000,0.0,rule_converged,theta_rmse_identified_scale,transposed_em_diagonal,transposed_em_correlated,left_minus_right,99,-0.0020525118300497515,0.00040271890006223046,0.004007002462473157,-0.0008464127217214928,-0.013414901902613387,0.0037469452004193914,-0.0028418408741717233,-0.0012631827859277797,0.7070707070707071
2pl,20,1000,0.0,rule_converged,theta_rmse_identified_scale,transposed_em_diagonal,torch_measure,left_minus_right,98,-0.2522584332902707,0.014922740993579696,0.14772759890630954,-0.2036839034469213,-0.5891491447614682,-0.10433927828094793,-0.2815070056376869,-0.2230098609428545,1.0
2pl,20,1000,0.0,rule_converged,theta_rmse_identified_scale,transposed_em_diagonal,py_irt,left_minus_right,0,,,,,,,,,
2pl,20,1000,0.0,rule_converged,theta_rmse_identified_scale,transposed_em_correlated,torch_measure,left_minus_right,97,-0.24970996672378049,0.01504032919563655,0.14813006354002675,-0.189020790230675,-0.5820930738417877,-0.10456914072904498,-0.2791890119472281,-0.22023092150033285,1.0
2pl,20,1000,0.0,rule_converged,theta_rmse_identified_scale,transposed_em_correlated,py_irt,left_minus_right,0,,,,,,,,,
2pl,20,1000,0.0,rule_converged,theta_rmse_identified_scale,torch_measure,py_irt,left_minus_right,0,,,,,,,,,
2pl,20,1000,0.0,rule_converged,theta_bias_identified_scale,transposed_em_diagonal,transposed_em_correlated,left_minus_right,99,-0.001989041349918042,0.0011788450114641324,0.011729359767026212,-0.0022240941093084,-0.02081189630403689,0.018323758286257756,-0.004299577572387742,0.0003214948725516575,0.6363636363636364
2pl,20,1000,0.0,rule_converged,theta_bias_identified_scale,transposed_em_diagonal,torch_measure,left_minus_right,0,,,,,,,,,
2pl,20,1000,0.0,rule_converged,theta_bias_identified_scale,transposed_em_diagonal,py_irt,left_minus_right,0,,,,,,,,,
2pl,20,1000,0.0,rule_converged,theta_bias_identified_scale,transposed_em_correlated,torch_measure,left_minus_right,0,,,,,,,,,
2pl,20,1000,0.0,rule_converged,theta_bias_identified_scale,transposed_em_correlated,py_irt,left_minus_right,0,,,,,,,,,
2pl,20,1000,0.0,rule_converged,theta_bias_identified_scale,torch_measure,py_irt,left_minus_right,0,,,,,,,,,
2pl,20,1000,0.0,rule_converged,theta_mae_identified_scale,transposed_em_diagonal,transposed_em_correlated,left_minus_right,99,-0.0016966575509023724,0.00034596012472524573,0.0034422597784145885,-0.0006284874651193012,-0.009604693132842639,0.0025687039845697737,-0.002374739395363854,-0.0010185757064408909,0.6868686868686869
2pl,20,1000,0.0,rule_converged,theta_mae_identified_scale,transposed_em_diagonal,torch_measure,left_minus_right,0,,,,,,,,,
2pl,20,1000,0.0,rule_converged,theta_mae_identified_scale,transposed_em_diagonal,py_irt,left_minus_right,0,,,,,,,,,
2pl,20,1000,0.0,rule_converged,theta_mae_identified_scale,transposed_em_correlated,torch_measure,left_minus_right,0,,,,,,,,,
2pl,20,1000,0.0,rule_converged,theta_mae_identified_scale,transposed_em_correlated,py_irt,left_minus_right,0,,,,,,,,,
2pl,20,1000,0.0,rule_converged,theta_mae_identified_scale,torch_measure,py_irt,left_minus_right,0,,,,,,,,,
2pl,20,1000,0.0,rule_converged,holdout_logloss,transposed_em_diagonal,transposed_em_correlated,left_minus_right,99,-4.391239139076552e-05,1.823371596818189e-05,0.0001814231832011135,-1.992427750030501e-05,-0.0005079829130761604,0.00029654921840020483,-7.965047468840203e-05,-8.174308093129019e-06,0.5858585858585859
2pl,20,1000,0.0,rule_converged,holdout_logloss,transposed_em_diagonal,torch_measure,left_minus_right,98,-0.10840250189956428,0.0023633789792297084,0.023396258238178945,-0.10890692122656254,-0.15426174706803372,-0.0670369439432036,-0.1130347246988545,-0.10377027910027406,1.0
2pl,20,1000,0.0,rule_converged,holdout_logloss,transposed_em_diagonal,py_irt,left_minus_right,0,,,,,,,,,
2pl,20,1000,0.0,rule_converged,holdout_logloss,transposed_em_correlated,torch_measure,left_minus_right,97,-0.10831049426277782,0.0023895456367274575,0.023534295187031058,-0.1088541004479675,-0.1547307441858797,-0.06685756383539226,-0.11299400371076364,-0.103626984814792,1.0
2pl,20,1000,0.0,rule_converged,holdout_logloss,transposed_em_correlated,py_irt,left_minus_right,0,,,,,,,,,
2pl,20,1000,0.0,rule_converged,holdout_logloss,torch_measure,py_irt,left_minus_right,0,,,,,,,,,
2pl,20,1000,0.0,rule_converged,holdout_brier,transposed_em_diagonal,transposed_em_correlated,left_minus_right,99,-1.5318895245550108e-05,6.127774525424222e-06,6.097058670219081e-05,-5.071422429198114e-06,-0.00015726972697641673,9.933464951935167e-05,-2.7329333315381584e-05,-3.308457175718633e-06,0.6363636363636364
2pl,20,1000,0.0,rule_converged,holdout_brier,transposed_em_diagonal,torch_measure,left_minus_right,98,-0.01138051629911926,0.00022149926694282242,0.0021927308715636662,-0.011624256242368958,-0.015057443643729622,-0.006759017718556917,-0.011814654862327193,-0.010946377735911329,1.0
2pl,20,1000,0.0,rule_converged,holdout_brier,transposed_em_diagonal,py_irt,left_minus_right,0,,,,,,,,,
2pl,20,1000,0.0,rule_converged,holdout_brier,transposed_em_correlated,torch_measure,left_minus_right,97,-0.011343519339018608,0.00022300178243721134,0.0021963128447711664,-0.011556649038820588,-0.015021055260246923,-0.006731748877785545,-0.011780602832595542,-0.010906435845441674,1.0
2pl,20,1000,0.0,rule_converged,holdout_brier,transposed_em_correlated,py_irt,left_minus_right,0,,,,,,,,,
2pl,20,1000,0.0,rule_converged,holdout_brier,torch_measure,py_irt,left_minus_right,0,,,,,,,,,
2pl,20,1000,0.4,all_returned,theta_rmse_identified_scale,transposed_em_diagonal,transposed_em_correlated,left_minus_right,100,0.015443450460944842,0.000791055105403355,0.00791055105403355,0.015937313231827996,0.0017113436789680317,0.029423640850643307,0.013892982454354266,0.016993918467535417,0.02
2pl,20,1000,0.4,all_returned,theta_rmse_identified_scale,transposed_em_diagonal,torch_measure,left_minus_right,98,-0.26235857156152226,0.016085370743717634,0.15923704623095414,-0.2178656544807006,-0.6349602929448064,-0.05524995512660238,-0.2938858982192088,-0.2308312449038357,1.0
2pl,20,1000,0.4,all_returned,theta_rmse_identified_scale,transposed_em_diagonal,py_irt,left_minus_right,100,-0.11306040555178704,0.0034154756386619765,0.034154756386619765,-0.11291624003353515,-0.1733098371691853,-0.04822291315830625,-0.1197547378035645,-0.10636607330000956,1.0
2pl,20,1000,0.4,all_returned,theta_rmse_identified_scale,transposed_em_correlated,torch_measure,left_minus_right,98,-0.2777233686834235,0.016221048094483825,0.16058018347787695,-0.2371843490582823,-0.6608417395287614,-0.07460964157867024,-0.3095166229486118,-0.2459301144182352,1.0
2pl,20,1000,0.4,all_returned,theta_rmse_identified_scale,transposed_em_correlated,py_irt,left_minus_right,100,-0.1285038560127319,0.00330391444043508,0.0330391444043508,-0.127995298583848,-0.18971870251247097,-0.06052578128577543,-0.13497952831598464,-0.12202818370947914,1.0
2pl,20,1000,0.4,all_returned,theta_rmse_identified_scale,torch_measure,py_irt,left_minus_right,98,0.1481281412441883,0.0160594977795632,0.1589809169533122,0.11267858046277421,-0.01772402049329749,0.5263489614601036,0.11665152559624442,0.17960475689213218,0.10204081632653061
2pl,20,1000,0.4,all_returned,theta_bias_identified_scale,transposed_em_diagonal,transposed_em_correlated,left_minus_right,100,-0.026892251605801828,0.0012329726986012178,0.012329726986012177,-0.025752061368762603,-0.0514433441877204,-0.00244987991890966,-0.029308878095060213,-0.024475625116543442,0.98
2pl,20,1000,0.4,all_returned,theta_bias_identified_scale,transposed_em_diagonal,torch_measure,left_minus_right,0,,,,,,,,,
2pl,20,1000,0.4,all_returned,theta_bias_identified_scale,transposed_em_diagonal,py_irt,left_minus_right,100,0.008728644415553348,0.003836221284959353,0.03836221284959353,0.010527784030371995,-0.0658492739454192,0.07835080228311879,0.001209650697033016,0.016247638134073678,0.39
2pl,20,1000,0.4,all_returned,theta_bias_identified_scale,transposed_em_correlated,torch_measure,left_minus_right,0,,,,,,,,,
2pl,20,1000,0.4,all_returned,theta_bias_identified_scale,transposed_em_correlated,py_irt,left_minus_right,100,0.03562089602135517,0.0030398207196499208,0.030398207196499206,0.0375041637307082,-0.02775451974334583,0.08817035971491705,0.029662847410841322,0.04157894463186901,0.13
2pl,20,1000,0.4,all_returned,theta_bias_identified_scale,torch_measure,py_irt,left_minus_right,0,,,,,,,,,
2pl,20,1000,0.4,all_returned,theta_mae_identified_scale,transposed_em_diagonal,transposed_em_correlated,left_minus_right,100,0.014155831681867615,0.0007736973144036214,0.007736973144036214,0.014098424766907203,-0.000493366622518937,0.024599186367345188,0.012639384945636517,0.015672278418098713,0.03
2pl,20,1000,0.4,all_returned,theta_mae_identified_scale,transposed_em_diagonal,torch_measure,left_minus_right,0,,,,,,,,,
2pl,20,1000,0.4,all_returned,theta_mae_identified_scale,transposed_em_diagonal,py_irt,left_minus_right,100,-0.09407231832468158,0.0029588132480910597,0.029588132480910596,-0.09355436134402785,-0.1457695939081599,-0.04033051992958565,-0.09987159229094006,-0.08827304435842309,1.0
2pl,20,1000,0.4,all_returned,theta_mae_identified_scale,transposed_em_correlated,torch_measure,left_minus_right,0,,,,,,,,,
2pl,20,1000,0.4,all_returned,theta_mae_identified_scale,transposed_em_correlated,py_irt,left_minus_right,100,-0.1082281500065492,0.002823486867924828,0.02823486867924828,-0.1101221508489344,-0.16114403992897008,-0.0570340452768069,-0.11376218426768187,-0.10269411574541654,1.0
2pl,20,1000,0.4,all_returned,theta_mae_identified_scale,torch_measure,py_irt,left_minus_right,0,,,,,,,,,
2pl,20,1000,0.4,all_returned,holdout_logloss,transposed_em_diagonal,transposed_em_correlated,left_minus_right,100,0.0003182851410641563,0.00010331431717490805,0.0010331431717490805,0.0004472990031939572,-0.0006691826843179954,0.001179552759126872,0.00011578907940133654,0.000520781202726976,0.17
2pl,20,1000,0.4,all_returned,holdout_logloss,transposed_em_diagonal,torch_measure,left_minus_right,98,-0.109538975209295,0.002437838766825155,0.024133372528461247,-0.10751787881819996,-0.1603308530314066,-0.06479364563907626,-0.1143171391922723,-0.1047608112263177,1.0
2pl,20,1000,0.4,all_returned,holdout_logloss,transposed_em_diagonal,py_irt,left_minus_right,100,-0.04467512737579562,0.0007408337929960379,0.007408337929960379,-0.044063381686917424,-0.05713050698963259,-0.028976157615830563,-0.04612716161006785,-0.04322309314152339,1.0
2pl,20,1000,0.4,all_returned,holdout_logloss,transposed_em_correlated,torch_measure,left_minus_right,98,-0.10985773282577053,0.0024396546642665214,0.024151348995987462,-0.10879893262197654,-0.16075878772293448,-0.06525529279036855,-0.11463945596773292,-0.10507600968380815,1.0
2pl,20,1000,0.4,all_returned,holdout_logloss,transposed_em_correlated,py_irt,left_minus_right,100,-0.04499341251685979,0.0007409409538248805,0.0074094095382488045,-0.04457000247792858,-0.0572096788213791,-0.029633157122922166,-0.04644565678635655,-0.043541168247363024,1.0
2pl,20,1000,0.4,all_returned,holdout_logloss,torch_measure,py_irt,left_minus_right,98,0.06475333298795154,0.0026864721339627624,0.0265947172875127,0.06544719618313555,0.013379905720448879,0.11863173528999323,0.059487847605384524,0.07001881837051856,0.0
2pl,20,1000,0.4,all_returned,holdout_brier,transposed_em_diagonal,transposed_em_correlated,left_minus_right,100,0.00010208546496954074,2.868823571342011e-05,0.0002868823571342011,0.00012575689136004597,-0.00020346023903180868,0.0004903670935518923,4.585652297123733e-05,0.00015831440696784417,0.18
2pl,20,1000,0.4,all_returned,holdout_brier,transposed_em_diagonal,torch_measure,left_minus_right,98,-0.01192033436475048,0.000201417311260994,0.001993929652974146,-0.01190359651226594,-0.015230916412639427,-0.00812713254772302,-0.012315112294822027,-0.011525556434678931,1.0
2pl,20,1000,0.4,all_returned,holdout_brier,transposed_em_diagonal,py_irt,left_minus_right,100,-0.0181294442630603,0.00033255102234692606,0.0033255102234692607,-0.01800809558314065,-0.023923095586976254,-0.011375651784774768,-0.018781244266860276,-0.017477644259260326,1.0
2pl,20,1000,0.4,all_returned,holdout_brier,transposed_em_correlated,torch_measure,left_minus_right,98,-0.012023236502205931,0.00020715841687594637,0.0020507636989399195,-0.011895741986829814,-0.015449343462672249,-0.007650527552340925,-0.012429266999282786,-0.011617206005129076,1.0
2pl,20,1000,0.4,all_returned,holdout_brier,transposed_em_correlated,py_irt,left_minus_right,100,-0.01823152972802984,0.00033121270086952436,0.0033121270086952435,-0.018133683072981355,-0.02403116723796242,-0.01154845622818971,-0.01888070662173411,-0.017582352834325573,1.0
2pl,20,1000,0.4,all_returned,holdout_brier,torch_measure,py_irt,left_minus_right,98,-0.006233394714526809,0.00045976055908806765,0.004551397326746074,-0.006013482041902857,-0.014571590770266698,0.0031088610703819282,-0.007134525410339421,-0.005332264018714197,0.9183673469387755
2pl,20,1000,0.4,rule_converged,theta_rmse_identified_scale,transposed_em_diagonal,transposed_em_correlated,left_minus_right,98,0.015965371120308238,0.000687218174479601,0.006803112838608322,0.015949068525303846,0.003717326043069253,0.029459396539360357,0.014618423498328221,0.017312318742288255,0.01020408163265306
2pl,20,1000,0.4,rule_converged,theta_rmse_identified_scale,transposed_em_diagonal,torch_measure,left_minus_right,98,-0.26235857156152226,0.016085370743717634,0.15923704623095414,-0.2178656544807006,-0.6349602929448064,-0.05524995512660238,-0.2938858982192088,-0.2308312449038357,1.0
2pl,20,1000,0.4,rule_converged,theta_rmse_identified_scale,transposed_em_diagonal,py_irt,left_minus_right,0,,,,,,,,,
2pl,20,1000,0.4,rule_converged,theta_rmse_identified_scale,transposed_em_correlated,torch_measure,left_minus_right,96,-0.279409991670127,0.01648873525505291,0.1615559515148779,-0.2371843490582823,-0.6627378193045335,-0.07451047620270401,-0.3117279127700307,-0.24709207057022328,1.0
2pl,20,1000,0.4,rule_converged,theta_rmse_identified_scale,transposed_em_correlated,py_irt,left_minus_right,0,,,,,,,,,
2pl,20,1000,0.4,rule_converged,theta_rmse_identified_scale,torch_measure,py_irt,left_minus_right,0,,,,,,,,,
2pl,20,1000,0.4,rule_converged,theta_bias_identified_scale,transposed_em_diagonal,transposed_em_correlated,left_minus_right,98,-0.027187708670783295,0.0011748808984002308,0.01163072750483485,-0.025752061368762603,-0.0514890865458172,-0.005919312692181562,-0.029490475231647748,-0.02488494210991884,0.9897959183673469
2pl,20,1000,0.4,rule_converged,theta_bias_identified_scale,transposed_em_diagonal,torch_measure,left_minus_right,0,,,,,,,,,
2pl,20,1000,0.4,rule_converged,theta_bias_identified_scale,transposed_em_diagonal,py_irt,left_minus_right,0,,,,,,,,,
2pl,20,1000,0.4,rule_converged,theta_bias_identified_scale,transposed_em_correlated,torch_measure,left_minus_right,0,,,,,,,,,
2pl,20,1000,0.4,rule_converged,theta_bias_identified_scale,transposed_em_correlated,py_irt,left_minus_right,0,,,,,,,,,
2pl,20,1000,0.4,rule_converged,theta_bias_identified_scale,torch_measure,py_irt,left_minus_right,0,,,,,,,,,
2pl,20,1000,0.4,rule_converged,theta_mae_identified_scale,transposed_em_diagonal,transposed_em_correlated,left_minus_right,98,0.014664307669169362,0.0006856764664234061,0.006787850707512287,0.014385083807276794,0.0037364202652398013,0.024601528827466367,0.013320381794979486,0.016008233543359236,0.01020408163265306
2pl,20,1000,0.4,rule_converged,theta_mae_identified_scale,transposed_em_diagonal,torch_measure,left_minus_right,0,,,,,,,,,
2pl,20,1000,0.4,rule_converged,theta_mae_identified_scale,transposed_em_diagonal,py_irt,left_minus_right,0,,,,,,,,,
2pl,20,1000,0.4,rule_converged,theta_mae_identified_scale,transposed_em_correlated,torch_measure,left_minus_right,0,,,,,,,,,
2pl,20,1000,0.4,rule_converged,theta_mae_identified_scale,transposed_em_correlated,py_irt,left_minus_right,0,,,,,,,,,
2pl,20,1000,0.4,rule_converged,theta_mae_identified_scale,torch_measure,py_irt,left_minus_right,0,,,,,,,,,
2pl,20,1000,0.4,rule_converged,holdout_logloss,transposed_em_diagonal,transposed_em_correlated,left_minus_right,98,0.0004506732874510811,4.562796741617497e-05,0.00045169383240430616,0.0004633019150431239,-0.0003951365742238505,0.0011843688741395022,0.00036124247131537817,0.000540104103586784,0.15306122448979592
2pl,20,1000,0.4,rule_converged,holdout_logloss,transposed_em_diagonal,torch_measure,left_minus_right,98,-0.109538975209295,0.002437838766825155,0.024133372528461247,-0.10751787881819996,-0.1603308530314066,-0.06479364563907626,-0.1143171391922723,-0.1047608112263177,1.0
2pl,20,1000,0.4,rule_converged,holdout_logloss,transposed_em_diagonal,py_irt,left_minus_right,0,,,,,,,,,
2pl,20,1000,0.4,rule_converged,holdout_logloss,transposed_em_correlated,torch_measure,left_minus_right,96,-0.11011201549523404,0.0024572045237851703,0.024075589107728793,-0.10879893262197654,-0.16078289088661699,-0.06522242688406274,-0.11492813636185298,-0.1052958946286151,1.0
2pl,20,1000,0.4,rule_converged,holdout_logloss,transposed_em_correlated,py_irt,left_minus_right,0,,,,,,,,,
2pl,20,1000,0.4,rule_converged,holdout_logloss,torch_measure,py_irt,left_minus_right,0,,,,,,,,,
2pl,20,1000,0.4,rule_converged,holdout_brier,transposed_em_diagonal,transposed_em_correlated,left_minus_right,98,0.00013704594912593662,1.5053645638237509e-05,0.0001490234887732785,0.0001278425724875465,-0.00013802661666876339,0.000499796986668064,0.0001075408036749911,0.00016655109457688213,0.16326530612244897
2pl,20,1000,0.4,rule_converged,holdout_brier,transposed_em_diagonal,torch_measure,left_minus_right,98,-0.01192033436475048,0.000201417311260994,0.001993929652974146,-0.01190359651226594,-0.015230916412639427,-0.00812713254772302,-0.012315112294822027,-0.011525556434678931,1.0
2pl,20,1000,0.4,rule_converged,holdout_brier,transposed_em_diagonal,py_irt,left_minus_right,0,,,,,,,,,
2pl,20,1000,0.4,rule_converged,holdout_brier,transposed_em_correlated,torch_measure,left_minus_right,96,-0.012107759208189994,0.000202452699819799,0.0019836232464294375,-0.012016923871122895,-0.015460164718632853,-0.008374426740168757,-0.0125045664998368,-0.011710951916543188,1.0
2pl,20,1000,0.4,rule_converged,holdout_brier,transposed_em_correlated,py_irt,left_minus_right,0,,,,,,,,,
2pl,20,1000,0.4,rule_converged,holdout_brier,torch_measure,py_irt,left_minus_right,0,,,,,,,,,
2pl,20,10000,-0.4,all_returned,theta_rmse_identified_scale,transposed_em_diagonal,transposed_em_correlated,left_minus_right,100,0.024675298762427536,0.0006826360111430288,0.006826360111430288,0.024857351814153255,0.01260127231847785,0.037058504462961196,0.0233373321805872,0.026013265344267872,0.01
2pl,20,10000,-0.4,all_returned,theta_rmse_identified_scale,transposed_em_diagonal,torch_measure,left_minus_right,100,-0.22387406918996194,0.013450727749522629,0.13450727749522629,-0.18849071000190115,-0.5537086121246625,-0.05597647976800184,-0.2502374955790263,-0.19751064280089758,1.0
2pl,20,10000,-0.4,all_returned,theta_rmse_identified_scale,transposed_em_diagonal,py_irt,left_minus_right,100,-0.13531156286524612,0.00326688269395762,0.0326688269395762,-0.13367360694455377,-0.19745602240080318,-0.08683350518571337,-0.14171465294540306,-0.12890847278508918,1.0
2pl,20,10000,-0.4,all_returned,theta_rmse_identified_scale,transposed_em_correlated,torch_measure,left_minus_right,100,-0.2485493679523895,0.01337637333200856,0.1337637333200856,-0.21041752880357434,-0.5749993158338033,-0.07693660401277737,-0.27476705968312626,-0.22233167622165273,1.0
2pl,20,10000,-0.4,all_returned,theta_rmse_identified_scale,transposed_em_correlated,py_irt,left_minus_right,100,-0.1599868616276737,0.0030596821338278934,0.030596821338278932,-0.15897830662309553,-0.21125167250933757,-0.11289256669964325,-0.16598383860997637,-0.15398988464537103,1.0
2pl,20,10000,-0.4,all_returned,theta_rmse_identified_scale,torch_measure,py_irt,left_minus_right,100,0.08856250632471578,0.011810669657409472,0.11810669657409471,0.053944946696759685,-0.040825072852315514,0.37693726756773954,0.06541359379619321,0.11171141885323835,0.27
2pl,20,10000,-0.4,all_returned,theta_bias_identified_scale,transposed_em_diagonal,transposed_em_correlated,left_minus_right,100,0.02793822985218393,0.0009007408108049437,0.009007408108049437,0.0275348216228331,0.013736556271096085,0.0462632431372593,0.02617277786300624,0.02970368184136162,0.0
2pl,20,10000,-0.4,all_returned,theta_bias_identified_scale,transposed_em_diagonal,torch_measure,left_minus_right,0,,,,,,,,,
2pl,20,10000,-0.4,all_returned,theta_bias_identified_scale,transposed_em_diagonal,py_irt,left_minus_right,100,-0.008552379252279784,0.00394825669302004,0.03948256693020039,-0.0158146282747398,-0.08400742061766914,0.06084275923677989,-0.01629096237059906,-0.0008137961339605071,0.61
2pl,20,10000,-0.4,all_returned,theta_bias_identified_scale,transposed_em_correlated,torch_measure,left_minus_right,0,,,,,,,,,
2pl,20,10000,-0.4,all_returned,theta_bias_identified_scale,transposed_em_correlated,py_irt,left_minus_right,100,-0.03649060910446371,0.0032235948904290775,0.032235948904290775,-0.0417967412822433,-0.0980215085128665,0.02711160268356832,-0.0428088550897047,-0.030172363119222716,0.86
2pl,20,10000,-0.4,all_returned,theta_bias_identified_scale,torch_measure,py_irt,left_minus_right,0,,,,,,,,,
2pl,20,10000,-0.4,all_returned,theta_mae_identified_scale,transposed_em_diagonal,transposed_em_correlated,left_minus_right,100,0.0245573635887542,0.0006259499397763921,0.006259499397763921,0.02389061309253765,0.011684704832469965,0.03602785769920242,0.023330501706792472,0.02578422547071593,0.0
2pl,20,10000,-0.4,all_returned,theta_mae_identified_scale,transposed_em_diagonal,torch_measure,left_minus_right,0,,,,,,,,,
2pl,20,10000,-0.4,all_returned,theta_mae_identified_scale,transposed_em_diagonal,py_irt,left_minus_right,100,-0.10730138842811382,0.0030098615063172012,0.03009861506317201,-0.10677169383931324,-0.16974447884180893,-0.06322889483780422,-0.11320071698049554,-0.1014020598757321,1.0
2pl,20,10000,-0.4,all_returned,theta_mae_identified_scale,transposed_em_correlated,torch_measure,left_minus_right,0,,,,,,,,,
2pl,20,10000,-0.4,all_returned,theta_mae_identified_scale,transposed_em_correlated,py_irt,left_minus_right,100,-0.13185875201686803,0.002782662315577346,0.02782662315577346,-0.13064755628132985,-0.18703826655401287,-0.0890447454771784,-0.13731277015539964,-0.12640473387833642,1.0
2pl,20,10000,-0.4,all_returned,theta_mae_identified_scale,torch_measure,py_irt,left_minus_right,0,,,,,,,,,
2pl,20,10000,-0.4,all_returned,holdout_logloss,transposed_em_diagonal,transposed_em_correlated,left_minus_right,100,0.0005123164767153609,1.952543664359858e-05,0.00019525436643598581,0.000506042646397975,0.00019687764609884194,0.0008226206338310115,0.00047404662089390773,0.0005505863325368142,0.01
2pl,20,10000,-0.4,all_returned,holdout_logloss,transposed_em_diagonal,torch_measure,left_minus_right,100,-0.09557067320059141,0.001270167646120133,0.012701676461201331,-0.09443662070484721,-0.11858357454622312,-0.07448830362943794,-0.09806020178698688,-0.09308114461419595,1.0
2pl,20,10000,-0.4,all_returned,holdout_logloss,transposed_em_diagonal,py_irt,left_minus_right,100,-0.04555962994451575,0.00027106665458146866,0.0027106665458146864,-0.04530024265385535,-0.05079992930647708,-0.04077028711673024,-0.04609092058749543,-0.04502833930153607,1.0
2pl,20,10000,-0.4,all_returned,holdout_logloss,transposed_em_correlated,torch_measure,left_minus_right,100,-0.09608298967730677,0.0012734932508308378,0.012734932508308377,-0.09488091616246613,-0.11915448638954255,-0.07496217235758955,-0.09857903644893522,-0.09358694290567833,1.0
2pl,20,10000,-0.4,all_returned,holdout_logloss,transposed_em_correlated,py_irt,left_minus_right,100,-0.046071946421231115,0.0002691485743581731,0.002691485743581731,-0.04571193697859066,-0.05130243139724722,-0.041139706393221204,-0.04659947762697313,-0.0455444152154891,1.0
2pl,20,10000,-0.4,all_returned,holdout_logloss,torch_measure,py_irt,left_minus_right,100,0.05001104325607567,0.0013381333217598109,0.013381333217598108,0.04932089279645835,0.027402382632299528,0.07508575815704274,0.047388301945426446,0.0526337845667249,0.0
2pl,20,10000,-0.4,all_returned,holdout_brier,transposed_em_diagonal,transposed_em_correlated,left_minus_right,100,0.00015439552389560795,6.347773950046313e-06,6.347773950046313e-05,0.0001543602944587691,5.563073741063282e-05,0.0002633237214026085,0.00014195388695351717,0.00016683716083769874,0.01
2pl,20,10000,-0.4,all_returned,holdout_brier,transposed_em_diagonal,torch_measure,left_minus_right,100,-0.010924675382041584,6.720236692375753e-05,0.0006720236692375753,-0.010879397336512345,-0.012242690800533003,-0.009589638510420183,-0.011056392021212148,-0.01079295874287102,1.0
2pl,20,10000,-0.4,all_returned,holdout_brier,transposed_em_diagonal,py_irt,left_minus_right,100,-0.01867458131397888,0.0001352203756594292,0.001352203756594292,-0.018612781695332953,-0.021089061860175333,-0.016374937202023435,-0.01893961325027136,-0.0184095493776864,1.0
2pl,20,10000,-0.4,all_returned,holdout_brier,transposed_em_correlated,torch_measure,left_minus_right,100,-0.01107907090593719,6.855240595140891e-05,0.0006855240595140892,-0.01104269675169034,-0.012455590287345124,-0.00973594205466914,-0.01121343362160195,-0.010944708190272429,1.0
2pl,20,10000,-0.4,all_returned,holdout_brier,transposed_em_correlated,py_irt,left_minus_right,100,-0.018828976837874486,0.00013514430806325342,0.0013514430806325342,-0.018751179876331986,-0.021213916782571375,-0.01660527259560111,-0.01909385968167846,-0.01856409399407051,1.0
2pl,20,10000,-0.4,all_returned,holdout_brier,torch_measure,py_irt,left_minus_right,100,-0.007749905931937295,0.0001783680448226501,0.001783680448226501,-0.007707643975182504,-0.011042008881084439,-0.004661560240579775,-0.00809950729978969,-0.007400304564084901,1.0
2pl,20,10000,-0.4,rule_converged,theta_rmse_identified_scale,transposed_em_diagonal,transposed_em_correlated,left_minus_right,99,0.024959012373493496,0.0006271888289408074,0.006240450054897162,0.024936753762085512,0.013276151114778117,0.0370880206581045,0.023729722268769512,0.02618830247821748,0.0
2pl,20,10000,-0.4,rule_converged,theta_rmse_identified_scale,transposed_em_diagonal,torch_measure,left_minus_right,100,-0.22387406918996194,0.013450727749522629,0.13450727749522629,-0.18849071000190115,-0.5537086121246625,-0.05597647976800184,-0.2502374955790263,-0.19751064280089758,1.0
2pl,20,10000,-0.4,rule_converged,theta_rmse_identified_scale,transposed_em_diagonal,py_irt,left_minus_right,0,,,,,,,,,
2pl,20,10000,-0.4,rule_converged,theta_rmse_identified_scale,transposed_em_correlated,torch_measure,left_minus_right,99,-0.24680347709615175,0.013396589142328056,0.13329437896695365,-0.2097708547539086,-0.5750575424541027,-0.07690019280902667,-0.2730607918151147,-0.22054616237718877,1.0
2pl,20,10000,-0.4,rule_converged,theta_rmse_identified_scale,transposed_em_correlated,py_irt,left_minus_right,0,,,,,,,,,
2pl,20,10000,-0.4,rule_converged,theta_rmse_identified_scale,torch_measure,py_irt,left_minus_right,0,,,,,,,,,
2pl,20,10000,-0.4,rule_converged,theta_bias_identified_scale,transposed_em_diagonal,transposed_em_correlated,left_minus_right,99,0.027848659830000132,0.0009053757926371849,0.009008375395344471,0.0271786449313554,0.01372677051018287,0.04631687143474667,0.02607412327643125,0.029623196383569014,0.0
2pl,20,10000,-0.4,rule_converged,theta_bias_identified_scale,transposed_em_diagonal,torch_measure,left_minus_right,0,,,,,,,,,
2pl,20,10000,-0.4,rule_converged,theta_bias_identified_scale,transposed_em_diagonal,py_irt,left_minus_right,0,,,,,,,,,
2pl,20,10000,-0.4,rule_converged,theta_bias_identified_scale,transposed_em_correlated,torch_measure,left_minus_right,0,,,,,,,,,
2pl,20,10000,-0.4,rule_converged,theta_bias_identified_scale,transposed_em_correlated,py_irt,left_minus_right,0,,,,,,,,,
2pl,20,10000,-0.4,rule_converged,theta_bias_identified_scale,torch_measure,py_irt,left_minus_right,0,,,,,,,,,
2pl,20,10000,-0.4,rule_converged,theta_mae_identified_scale,transposed_em_diagonal,transposed_em_correlated,left_minus_right,99,0.024719193711525565,0.0006108077108740021,0.006077459988074847,0.0241256209970769,0.01304656539901716,0.03603131515322075,0.02352201059821252,0.02591637682483861,0.0
2pl,20,10000,-0.4,rule_converged,theta_mae_identified_scale,transposed_em_diagonal,torch_measure,left_minus_right,0,,,,,,,,,
2pl,20,10000,-0.4,rule_converged,theta_mae_identified_scale,transposed_em_diagonal,py_irt,left_minus_right,0,,,,,,,,,
2pl,20,10000,-0.4,rule_converged,theta_mae_identified_scale,transposed_em_correlated,torch_measure,left_minus_right,0,,,,,,,,,
2pl,20,10000,-0.4,rule_converged,theta_mae_identified_scale,transposed_em_correlated,py_irt,left_minus_right,0,,,,,,,,,
2pl,20,10000,-0.4,rule_converged,theta_mae_identified_scale,torch_measure,py_irt,left_minus_right,0,,,,,,,,,
2pl,20,10000,-0.4,rule_converged,holdout_logloss,transposed_em_diagonal,transposed_em_correlated,left_minus_right,99,0.0005223607110990899,1.691382817213869e-05,0.00016829046544658023,0.0005075057680490325,0.00023481607711276498,0.0008229424927332363,0.0004892096078816981,0.0005555118143164817,0.0
2pl,20,10000,-0.4,rule_converged,holdout_logloss,transposed_em_diagonal,torch_measure,left_minus_right,100,-0.09557067320059141,0.001270167646120133,0.012701676461201331,-0.09443662070484721,-0.11858357454622312,-0.07448830362943794,-0.09806020178698688,-0.09308114461419595,1.0
2pl,20,10000,-0.4,rule_converged,holdout_logloss,transposed_em_diagonal,py_irt,left_minus_right,0,,,,,,,,,
2pl,20,10000,-0.4,rule_converged,holdout_logloss,transposed_em_correlated,torch_measure,left_minus_right,99,-0.09592963523452398,0.0012770611490283545,0.012706597997001577,-0.09470596920124719,-0.11920175533545388,-0.07496180566349998,-0.09843267508661956,-0.09342659538242841,1.0
2pl,20,10000,-0.4,rule_converged,holdout_logloss,transposed_em_correlated,py_irt,left_minus_right,0,,,,,,,,,
2pl,20,10000,-0.4,rule_converged,holdout_logloss,torch_measure,py_irt,left_minus_right,0,,,,,,,,,
2pl,20,10000,-0.4,rule_converged,holdout_brier,transposed_em_diagonal,transposed_em_correlated,left_minus_right,99,0.00015807995371620206,5.221542017333488e-06,5.195368709571178e-05,0.0001546415762486153,5.9222179037636546e-05,0.00026336255189478573,0.00014784573136222842,0.0001683141760701757,0.0
2pl,20,10000,-0.4,rule_converged,holdout_brier,transposed_em_diagonal,torch_measure,left_minus_right,100,-0.010924675382041584,6.720236692375753e-05,0.0006720236692375753,-0.010879397336512345,-0.012242690800533003,-0.009589638510420183,-0.011056392021212148,-0.01079295874287102,1.0
2pl,20,10000,-0.4,rule_converged,holdout_brier,transposed_em_diagonal,py_irt,left_minus_right,0,,,,,,,,,
2pl,20,10000,-0.4,rule_converged,holdout_brier,transposed_em_correlated,torch_measure,left_minus_right,99,-0.011080092262516604,6.924070108099871e-05,0.0006889362771204848,-0.011057837947521187,-0.012464546555538306,-0.00973535258327458,-0.01121580403663536,-0.010944380488397847,1.0
2pl,20,10000,-0.4,rule_converged,holdout_brier,transposed_em_correlated,py_irt,left_minus_right,0,,,,,,,,,
2pl,20,10000,-0.4,rule_converged,holdout_brier,torch_measure,py_irt,left_minus_right,0,,,,,,,,,
2pl,20,10000,0.0,all_returned,theta_rmse_identified_scale,transposed_em_diagonal,transposed_em_correlated,left_minus_right,100,-0.00502955300385742,0.0009292468342919214,0.009292468342919214,-0.002466068228214999,-0.021441368078327184,0.00043616029109888127,-0.006850876799069585,-0.003208229208645254,0.89
2pl,20,10000,0.0,all_returned,theta_rmse_identified_scale,transposed_em_diagonal,torch_measure,left_minus_right,100,-0.29667905648665,0.012570873072951775,0.12570873072951774,-0.2801901488041938,-0.6234850439222882,-0.107577237433881,-0.3213179677096355,-0.2720401452636645,1.0
2pl,20,10000,0.0,all_returned,theta_rmse_identified_scale,transposed_em_diagonal,py_irt,left_minus_right,100,-0.17004874167306952,0.0029800211865002734,0.029800211865002733,-0.1689272092467886,-0.22335200397989652,-0.10552735237843312,-0.17588958319861006,-0.16420790014752898,1.0
2pl,20,10000,0.0,all_returned,theta_rmse_identified_scale,transposed_em_correlated,torch_measure,left_minus_right,100,-0.2916495034827926,0.012497496490464914,0.12497496490464914,-0.2771986164429735,-0.6002284028124637,-0.10254159685230822,-0.3161445966041038,-0.2671544103614814,1.0
2pl,20,10000,0.0,all_returned,theta_rmse_identified_scale,transposed_em_correlated,py_irt,left_minus_right,100,-0.16501918866921209,0.0030661860166212884,0.030661860166212883,-0.16405899965288495,-0.21940636827111348,-0.10252805296425155,-0.17102891326178982,-0.15900946407663435,1.0
2pl,20,10000,0.0,all_returned,theta_rmse_identified_scale,torch_measure,py_irt,left_minus_right,100,0.12663031481358047,0.012076484098944152,0.12076484098944151,0.10396113695049593,-0.020541901642261336,0.4736250053995537,0.10296040597964994,0.150300223647511,0.1
2pl,20,10000,0.0,all_returned,theta_bias_identified_scale,transposed_em_diagonal,transposed_em_correlated,left_minus_right,100,0.0002478248273630271,0.0013052837925931267,0.013052837925931267,0.00038957960617414943,-0.018568487664054285,0.023402898014899164,-0.002310531406119501,0.0028061810608455556,0.48
2pl,20,10000,0.0,all_returned,theta_bias_identified_scale,transposed_em_diagonal,torch_measure,left_minus_right,0,,,,,,,,,
2pl,20,10000,0.0,all_returned,theta_bias_identified_scale,transposed_em_diagonal,py_irt,left_minus_right,100,-0.001521086768368581,0.004793559395450979,0.04793559395450979,-0.0071359021348116,-0.08299482760949334,0.09269437563900097,-0.010916463183452497,0.007874289646715337,0.57
2pl,20,10000,0.0,all_returned,theta_bias_identified_scale,transposed_em_correlated,torch_measure,left_minus_right,0,,,,,,,,,
2pl,20,10000,0.0,all_returned,theta_bias_identified_scale,transposed_em_correlated,py_irt,left_minus_right,100,-0.0017689115957316088,0.003806931930096135,0.03806931930096135,-0.005972908357672051,-0.06697342270673043,0.07742371072449881,-0.009230498178720032,0.005692674987256815,0.58
2pl,20,10000,0.0,all_returned,theta_bias_identified_scale,torch_measure,py_irt,left_minus_right,0,,,,,,,,,
2pl,20,10000,0.0,all_returned,theta_mae_identified_scale,transposed_em_diagonal,transposed_em_correlated,left_minus_right,100,-0.005067492964796476,0.0009530461834598387,0.009530461834598387,-0.002751950937670949,-0.022464451267063198,0.0004542609730966064,-0.0069354634843777595,-0.003199522445215192,0.84
2pl,20,10000,0.0,all_returned,theta_mae_identified_scale,transposed_em_diagonal,torch_measure,left_minus_right,0,,,,,,,,,
2pl,20,10000,0.0,all_returned,theta_mae_identified_scale,transposed_em_diagonal,py_irt,left_minus_right,100,-0.1369698579647538,0.0026164420459272057,0.026164420459272055,-0.13801877793793726,-0.18792801571894605,-0.08979452865881021,-0.14209808437477112,-0.1318416315547365,1.0
2pl,20,10000,0.0,all_returned,theta_mae_identified_scale,transposed_em_correlated,torch_measure,left_minus_right,0,,,,,,,,,
2pl,20,10000,0.0,all_returned,theta_mae_identified_scale,transposed_em_correlated,py_irt,left_minus_right,100,-0.13190236499995733,0.002693677677939138,0.02693677677939138,-0.13223099103435515,-0.18210576510511492,-0.0830383411048049,-0.13718197324871803,-0.12662275675119664,1.0
2pl,20,10000,0.0,all_returned,theta_mae_identified_scale,torch_measure,py_irt,left_minus_right,0,,,,,,,,,
2pl,20,10000,0.0,all_returned,holdout_logloss,transposed_em_diagonal,transposed_em_correlated,left_minus_right,100,-5.6065035352348415e-05,1.2623503669189444e-05,0.00012623503669189444,-1.9619021562278238e-05,-0.0003447592740292549,2.7483387680016196e-05,-8.080710254395972e-05,-3.132296816073711e-05,0.74
2pl,20,10000,0.0,all_returned,holdout_logloss,transposed_em_diagonal,torch_measure,left_minus_right,100,-0.09771761840766738,0.0012904489311415643,0.012904489311415643,-0.09764060085799198,-0.1293590245566868,-0.07435752072036254,-0.10024689831270485,-0.09518833850262991,1.0
2pl,20,10000,0.0,all_returned,holdout_logloss,transposed_em_diagonal,py_irt,left_minus_right,100,-0.045303753408319436,0.00023940820608279006,0.0023940820608279005,-0.045139509061869865,-0.050149004255045426,-0.04105516953907179,-0.045772993492241704,-0.04483451332439717,1.0
2pl,20,10000,0.0,all_returned,holdout_logloss,transposed_em_correlated,torch_measure,left_minus_right,100,-0.09766155337231504,0.0012899776135972742,0.012899776135972742,-0.09759417370995743,-0.12931183857463513,-0.07428070069345453,-0.1001899094949657,-0.09513319724966438,1.0
2pl,20,10000,0.0,all_returned,holdout_logloss,transposed_em_correlated,py_irt,left_minus_right,100,-0.0452476883729671,0.0002396166317287667,0.002396166317287667,-0.045099833741990614,-0.05010948288371626,-0.041028198958983735,-0.04571733697115549,-0.04477803977477872,1.0
2pl,20,10000,0.0,all_returned,holdout_logloss,torch_measure,py_irt,left_minus_right,100,0.05241386499934795,0.0013771812258665602,0.013771812258665602,0.05285288403035898,0.025536647853492737,0.08510968283136099,0.04971458979664949,0.055113140202046405,0.0
2pl,20,10000,0.0,all_returned,holdout_brier,transposed_em_diagonal,transposed_em_correlated,left_minus_right,100,-1.7554716276909633e-05,4.219769156658892e-06,4.219769156658892e-05,-5.834599734008683e-06,-0.0001205024065913586,1.1966005899199932e-05,-2.582546382396106e-05,-9.283968729858204e-06,0.73
2pl,20,10000,0.0,all_returned,holdout_brier,transposed_em_diagonal,torch_measure,left_minus_right,100,-0.0109307297838932,6.896583957423613e-05,0.0006896583957423613,-0.011006050559430047,-0.01220525293139463,-0.009634409086721628,-0.011065902829458704,-0.010795556738327697,1.0
2pl,20,10000,0.0,all_returned,holdout_brier,transposed_em_diagonal,py_irt,left_minus_right,100,-0.01840181385276946,0.00014698877952574492,0.001469887795257449,-0.018340250382842246,-0.021486369716824553,-0.01586788003168814,-0.01868991186063992,-0.018113715844898997,1.0
2pl,20,10000,0.0,all_returned,holdout_brier,transposed_em_correlated,torch_measure,left_minus_right,100,-0.010913175067616292,6.934864152785551e-05,0.0006934864152785551,-0.010953392434776152,-0.01217751275925228,-0.009586130180408287,-0.011049098405010888,-0.010777251730221695,1.0
2pl,20,10000,0.0,all_returned,holdout_brier,transposed_em_correlated,py_irt,left_minus_right,100,-0.01838425913649255,0.00014762900338087848,0.0014762900338087849,-0.0182983440290566,-0.021471766672751445,-0.015866275182846345,-0.018673611983119072,-0.018094906289866028,1.0
2pl,20,10000,0.0,all_returned,holdout_brier,torch_measure,py_irt,left_minus_right,100,-0.007471084068876256,0.00018803733404277088,0.0018803733404277087,-0.007349835432251345,-0.01160032398530295,-0.004341783309737063,-0.007839637243600086,-0.007102530894152425,1.0
2pl,20,10000,0.0,rule_converged,theta_rmse_identified_scale,transposed_em_diagonal,transposed_em_correlated,left_minus_right,97,-0.004773919669340628,0.0009366358519262611,0.009224793317685897,-0.0023105071152928966,-0.02149015936600176,0.00043793590582772145,-0.0066097259391160994,-0.002938113399565156,0.8865979381443299
2pl,20,10000,0.0,rule_converged,theta_rmse_identified_scale,transposed_em_diagonal,torch_measure,left_minus_right,99,-0.298027486628689,0.012625233316425823,0.1256194854038364,-0.2817787203336688,-0.6237276362749992,-0.10756982477423506,-0.3227729439288836,-0.2732820293284944,1.0
2pl,20,10000,0.0,rule_converged,theta_rmse_identified_scale,transposed_em_diagonal,py_irt,left_minus_right,0,,,,,,,,,
2pl,20,10000,0.0,rule_converged,theta_rmse_identified_scale,transposed_em_correlated,torch_measure,left_minus_right,98,-0.29277168495575606,0.012724311021882553,0.12596425253299834,-0.28234297637336797,-0.6018775880869643,-0.10244313496121932,-0.31771133455864586,-0.26783203535286626,1.0
2pl,20,10000,0.0,rule_converged,theta_rmse_identified_scale,transposed_em_correlated,py_irt,left_minus_right,0,,,,,,,,,
2pl,20,10000,0.0,rule_converged,theta_rmse_identified_scale,torch_measure,py_irt,left_minus_right,0,,,,,,,,,
2pl,20,10000,0.0,rule_converged,theta_bias_identified_scale,transposed_em_diagonal,transposed_em_correlated,left_minus_right,97,0.0002265054703304214,0.0013439080230874749,0.013235959018081455,0.0005393560846822989,-0.01882330593207414,0.023505668225846592,-0.0024075542549210293,0.002860565195581872,0.4742268041237113
2pl,20,10000,0.0,rule_converged,theta_bias_identified_scale,transposed_em_diagonal,torch_measure,left_minus_right,0,,,,,,,,,
2pl,20,10000,0.0,rule_converged,theta_bias_identified_scale,transposed_em_diagonal,py_irt,left_minus_right,0,,,,,,,,,
2pl,20,10000,0.0,rule_converged,theta_bias_identified_scale,transposed_em_correlated,torch_measure,left_minus_right,0,,,,,,,,,
2pl,20,10000,0.0,rule_converged,theta_bias_identified_scale,transposed_em_correlated,py_irt,left_minus_right,0,,,,,,,,,
2pl,20,10000,0.0,rule_converged,theta_bias_identified_scale,torch_measure,py_irt,left_minus_right,0,,,,,,,,,
2pl,20,10000,0.0,rule_converged,theta_mae_identified_scale,transposed_em_diagonal,transposed_em_correlated,left_minus_right,97,-0.004908233096178992,0.0009734006239444938,0.009586884329408922,-0.002730174325875405,-0.022626815409911842,0.00045618630462882143,-0.0068160983191102,-0.0030003678732477847,0.8350515463917526
2pl,20,10000,0.0,rule_converged,theta_mae_identified_scale,transposed_em_diagonal,torch_measure,left_minus_right,0,,,,,,,,,
2pl,20,10000,0.0,rule_converged,theta_mae_identified_scale,transposed_em_diagonal,py_irt,left_minus_right,0,,,,,,,,,
2pl,20,10000,0.0,rule_converged,theta_mae_identified_scale,transposed_em_correlated,torch_measure,left_minus_right,0,,,,,,,,,
2pl,20,10000,0.0,rule_converged,theta_mae_identified_scale,transposed_em_correlated,py_irt,left_minus_right,0,,,,,,,,,
2pl,20,10000,0.0,rule_converged,theta_mae_identified_scale,torch_measure,py_irt,left_minus_right,0,,,,,,,,,
2pl,20,10000,0.0,rule_converged,holdout_logloss,transposed_em_diagonal,transposed_em_correlated,left_minus_right,97,-4.700598411246994e-05,1.0886051055073567e-05,0.00010721516886451201,-1.941501860103223e-05,-0.00022893379542259228,2.7824129473863454e-05,-6.834264418041413e-05,-2.566932404452575e-05,0.7319587628865979
2pl,20,10000,0.0,rule_converged,holdout_logloss,transposed_em_diagonal,torch_measure,left_minus_right,99,-0.09783592243840955,0.0012980607986274094,0.012915541872348583,-0.09790004190891133,-0.12940979214715564,-0.07432503044945411,-0.10038012160371927,-0.09529172327309983,1.0
2pl,20,10000,0.0,rule_converged,holdout_logloss,transposed_em_diagonal,py_irt,left_minus_right,0,,,,,,,,,
2pl,20,10000,0.0,rule_converged,holdout_logloss,transposed_em_correlated,torch_measure,left_minus_right,98,-0.09741086120228276,0.0013040761878376594,0.012909695618454751,-0.09705055093876813,-0.12940883030455694,-0.07421308920364421,-0.09996685053044457,-0.09485487187412095,1.0
2pl,20,10000,0.0,rule_converged,holdout_logloss,transposed_em_correlated,py_irt,left_minus_right,0,,,,,,,,,
2pl,20,10000,0.0,rule_converged,holdout_logloss,torch_measure,py_irt,left_minus_right,0,,,,,,,,,
2pl,20,10000,0.0,rule_converged,holdout_brier,transposed_em_diagonal,transposed_em_correlated,left_minus_right,97,-1.453378750432735e-05,3.684006107952912e-06,3.628325229817654e-05,-5.356570984493825e-06,-7.074493803961301e-05,1.202044093109866e-05,-2.1754439475915056e-05,-7.313135532739642e-06,0.7216494845360825
2pl,20,10000,0.0,rule_converged,holdout_brier,transposed_em_diagonal,torch_measure,left_minus_right,99,-0.010934341450769726,6.957042306806593e-05,0.0006922169694691819,-0.011006548891737189,-0.012206301884236954,-0.009631614498538776,-0.011070699479983135,-0.010797983421556316,1.0
2pl,20,10000,0.0,rule_converged,holdout_brier,transposed_em_diagonal,py_irt,left_minus_right,0,,,,,,,,,
2pl,20,10000,0.0,rule_converged,holdout_brier,transposed_em_correlated,torch_measure,left_minus_right,98,-0.010918847705215604,7.059831430339164e-05,0.0006988876549797444,-0.0109913451450072,-0.012179538990615545,-0.009585214157866086,-0.011057220401250251,-0.010780475009180956,1.0
2pl,20,10000,0.0,rule_converged,holdout_brier,transposed_em_correlated,py_irt,left_minus_right,0,,,,,,,,,
2pl,20,10000,0.0,rule_converged,holdout_brier,torch_measure,py_irt,left_minus_right,0,,,,,,,,,
2pl,20,10000,0.4,all_returned,theta_rmse_identified_scale,transposed_em_diagonal,transposed_em_correlated,left_minus_right,100,0.02383700858294005,0.0009764616576311604,0.009764616576311605,0.02556064335693645,-0.001633550859582003,0.03542712152009051,0.021923143733982974,0.025750873431897126,0.03
2pl,20,10000,0.4,all_returned,theta_rmse_identified_scale,transposed_em_diagonal,torch_measure,left_minus_right,98,-0.2343600008525917,0.014988109967005286,0.14837471872774766,-0.20587446603271828,-0.6248958402477528,-0.06777222141041679,-0.2637366963879221,-0.20498330531726133,1.0
2pl,20,10000,0.4,all_returned,theta_rmse_identified_scale,transposed_em_diagonal,py_irt,left_minus_right,100,-0.13840882815465924,0.0033988496486203933,0.03398849648620393,-0.13697639314606175,-0.20171308787306685,-0.07598752970093922,-0.1450705734659552,-0.13174708284336328,1.0
2pl,20,10000,0.4,all_returned,theta_rmse_identified_scale,transposed_em_correlated,torch_measure,left_minus_right,98,-0.2581309092288587,0.014882596464544947,0.14733018834439737,-0.23002498610643,-0.6495866732072764,-0.09582624631771261,-0.2873007982993668,-0.22896102015835057,1.0
2pl,20,10000,0.4,all_returned,theta_rmse_identified_scale,transposed_em_correlated,py_irt,left_minus_right,100,-0.16224583673759924,0.0031746477543098373,0.031746477543098374,-0.16068522131133225,-0.2238284560458576,-0.10818384084455783,-0.1684681463360465,-0.15602352713915196,1.0
2pl,20,10000,0.4,all_returned,theta_rmse_identified_scale,torch_measure,py_irt,left_minus_right,98,0.09638444681962562,0.014200390678502933,0.14057669561974728,0.05899601679006275,-0.040579635491835866,0.47842802184956257,0.06855168108975987,0.12421721254949136,0.20408163265306123
2pl,20,10000,0.4,all_returned,theta_bias_identified_scale,transposed_em_diagonal,transposed_em_correlated,left_minus_right,100,-0.027198758594482727,0.0011766451162353337,0.011766451162353336,-0.0276995367743917,-0.05159490179933416,0.00126041444516428,-0.02950498302230398,-0.024892534166661474,0.97
2pl,20,10000,0.4,all_returned,theta_bias_identified_scale,transposed_em_diagonal,torch_measure,left_minus_right,0,,,,,,,,,
2pl,20,10000,0.4,all_returned,theta_bias_identified_scale,transposed_em_diagonal,py_irt,left_minus_right,100,0.006642733296983238,0.004726465072285356,0.04726465072285355,0.005827217638097352,-0.09354406184884198,0.10395268987775784,-0.002621138244696059,0.015906604838662533,0.45
2pl,20,10000,0.4,all_returned,theta_bias_identified_scale,transposed_em_correlated,torch_measure,left_minus_right,0,,,,,,,,,
2pl,20,10000,0.4,all_returned,theta_bias_identified_scale,transposed_em_correlated,py_irt,left_minus_right,100,0.033841491891465965,0.0037805540864660515,0.037805540864660515,0.03388325714146865,-0.03945707068212428,0.11136095474104135,0.026431605881992504,0.041251377900939426,0.16
2pl,20,10000,0.4,all_returned,theta_bias_identified_scale,torch_measure,py_irt,left_minus_right,0,,,,,,,,,
2pl,20,10000,0.4,all_returned,theta_mae_identified_scale,transposed_em_diagonal,transposed_em_correlated,left_minus_right,100,0.023451258940564407,0.000894130096144437,0.00894130096144437,0.0250622586469439,-0.0017509924482143066,0.0351174681178661,0.02169876395212131,0.025203753929007502,0.03
2pl,20,10000,0.4,all_returned,theta_mae_identified_scale,transposed_em_diagonal,torch_measure,left_minus_right,0,,,,,,,,,
2pl,20,10000,0.4,all_returned,theta_mae_identified_scale,transposed_em_diagonal,py_irt,left_minus_right,100,-0.11004053998959792,0.0031535892792085734,0.03153589279208573,-0.10856874790903095,-0.16958367870321028,-0.05157383272342479,-0.11622157497684672,-0.10385950500234913,1.0
2pl,20,10000,0.4,all_returned,theta_mae_identified_scale,transposed_em_correlated,torch_measure,left_minus_right,0,,,,,,,,,
2pl,20,10000,0.4,all_returned,theta_mae_identified_scale,transposed_em_correlated,py_irt,left_minus_right,100,-0.1334917989301623,0.002846755875105724,0.028467558751057238,-0.1320137426500379,-0.1862074067180204,-0.08659249767342739,-0.1390714404453695,-0.1279121574149551,1.0
2pl,20,10000,0.4,all_returned,theta_mae_identified_scale,torch_measure,py_irt,left_minus_right,0,,,,,,,,,
2pl,20,10000,0.4,all_returned,holdout_logloss,transposed_em_diagonal,transposed_em_correlated,left_minus_right,100,0.0004911752172328121,2.1357882008396948e-05,0.00021357882008396948,0.0005138762253240614,-1.664908924223217e-05,0.0008057934017570874,0.0004493137684963541,0.0005330366659692702,0.03
2pl,20,10000,0.4,all_returned,holdout_logloss,transposed_em_diagonal,torch_measure,left_minus_right,98,-0.09711529540174897,0.0013215414052927886,0.013082592450218625,-0.09478830457777787,-0.12232199250020832,-0.07652100362327244,-0.09970551655612284,-0.09452507424737511,1.0
2pl,20,10000,0.4,all_returned,holdout_logloss,transposed_em_diagonal,py_irt,left_minus_right,100,-0.045223370052097034,0.00029494655123630506,0.0029494655123630505,-0.044908201823168015,-0.0511861400225495,-0.04098377487681046,-0.045801465292520195,-0.04464527481167387,1.0
2pl,20,10000,0.4,all_returned,holdout_logloss,transposed_em_correlated,torch_measure,left_minus_right,98,-0.09760512371040193,0.0013259586792971558,0.013126321231858485,-0.09536118238795693,-0.12283767119838586,-0.07701890056849514,-0.10020400272182436,-0.0950062446989795,1.0
2pl,20,10000,0.4,all_returned,holdout_logloss,transposed_em_correlated,py_irt,left_minus_right,100,-0.045714545269329825,0.0002888286984226613,0.0028882869842266133,-0.04550948546099365,-0.05126738776759018,-0.04152307242050066,-0.046280649518238244,-0.045148441020421405,1.0
2pl,20,10000,0.4,all_returned,holdout_logloss,torch_measure,py_irt,left_minus_right,98,0.051835120253192715,0.0014294719739073218,0.014151050567723814,0.05074890495083567,0.030608767387992702,0.07847967049649993,0.04903335518433437,0.05463688532205106,0.0
2pl,20,10000,0.4,all_returned,holdout_brier,transposed_em_diagonal,transposed_em_correlated,left_minus_right,100,0.00014870965477420284,7.042390506290819e-06,7.042390506290819e-05,0.0001567174807580035,-2.1129457391979435e-05,0.0002549484981593346,0.00013490656938187283,0.00016251274016653285,0.04
2pl,20,10000,0.4,all_returned,holdout_brier,transposed_em_diagonal,torch_measure,left_minus_right,98,-0.0109621836171692,6.235529012845278e-05,0.0006172858788975696,-0.01093229910959466,-0.012211449001838778,-0.00997595800475564,-0.011084399985820967,-0.010839967248517433,1.0
2pl,20,10000,0.4,all_returned,holdout_brier,transposed_em_diagonal,py_irt,left_minus_right,100,-0.018421199823280235,0.00016258113028598157,0.0016258113028598156,-0.018456030705107748,-0.021419340281678502,-0.015491891820413483,-0.01873985883864076,-0.01810254080791971,1.0
2pl,20,10000,0.4,all_returned,holdout_brier,transposed_em_correlated,torch_measure,left_minus_right,98,-0.01111081723430715,6.394089550007974e-05,0.000632982571245455,-0.011094710970029703,-0.01237588070361723,-0.010056042584843397,-0.011236141389487307,-0.010985493079126994,1.0
2pl,20,10000,0.4,all_returned,holdout_brier,transposed_em_correlated,py_irt,left_minus_right,100,-0.018569909478054446,0.00016185783541110147,0.0016185783541110147,-0.01858337202805925,-0.021496758288280824,-0.015539593193281943,-0.018887150835460206,-0.018252668120648685,1.0
2pl,20,10000,0.4,all_returned,holdout_brier,torch_measure,py_irt,left_minus_right,98,-0.007494974258533764,0.00019952362500704304,0.0019751831154916273,-0.007721104898985642,-0.010923487412258693,-0.0034086608083919176,-0.007886040563547568,-0.00710390795351996,1.0
2pl,20,10000,0.4,rule_converged,theta_rmse_identified_scale,transposed_em_diagonal,transposed_em_correlated,left_minus_right,98,0.024360086003684833,0.0008021739452413707,0.007941116909198753,0.02556064335693645,0.004851310101098089,0.03545375990628374,0.022787825071011746,0.02593234693635792,0.02040816326530612
2pl,20,10000,0.4,rule_converged,theta_rmse_identified_scale,transposed_em_diagonal,torch_measure,left_minus_right,97,-0.23466081912313036,0.015140380945784324,0.14911545900005302,-0.20656830345509508,-0.6253265221576652,-0.06773916914223894,-0.26433596577686763,-0.2049856724693931,1.0
2pl,20,10000,0.4,rule_converged,theta_rmse_identified_scale,transposed_em_diagonal,py_irt,left_minus_right,0,,,,,,,,,
2pl,20,10000,0.4,rule_converged,theta_rmse_identified_scale,transposed_em_correlated,torch_measure,left_minus_right,97,-0.2562051252371271,0.014910405094290232,0.14685045954084072,-0.2288473919827188,-0.6500699483048403,-0.09570557338758219,-0.28542951922193593,-0.2269807312523182,1.0
2pl,20,10000,0.4,rule_converged,theta_rmse_identified_scale,transposed_em_correlated,py_irt,left_minus_right,0,,,,,,,,,
2pl,20,10000,0.4,rule_converged,theta_rmse_identified_scale,torch_measure,py_irt,left_minus_right,0,,,,,,,,,
2pl,20,10000,0.4,rule_converged,theta_bias_identified_scale,transposed_em_diagonal,transposed_em_correlated,left_minus_right,98,-0.0275827574656903,0.0011484212923067092,0.011368790768287293,-0.027782990943674247,-0.05186816082378649,-0.004897963226366788,-0.02983366319861145,-0.025331851732769153,0.9795918367346939
2pl,20,10000,0.4,rule_converged,theta_bias_identified_scale,transposed_em_diagonal,torch_measure,left_minus_right,0,,,,,,,,,
2pl,20,10000,0.4,rule_converged,theta_bias_identified_scale,transposed_em_diagonal,py_irt,left_minus_right,0,,,,,,,,,
2pl,20,10000,0.4,rule_converged,theta_bias_identified_scale,transposed_em_correlated,torch_measure,left_minus_right,0,,,,,,,,,
2pl,20,10000,0.4,rule_converged,theta_bias_identified_scale,transposed_em_correlated,py_irt,left_minus_right,0,,,,,,,,,
2pl,20,10000,0.4,rule_converged,theta_bias_identified_scale,torch_measure,py_irt,left_minus_right,0,,,,,,,,,
2pl,20,10000,0.4,rule_converged,theta_mae_identified_scale,transposed_em_diagonal,transposed_em_correlated,left_minus_right,98,0.023845355306939084,0.0007859926379703155,0.007780930139801184,0.0250622586469439,0.004643708756383004,0.03516912375562122,0.022304809736517266,0.025385900877360902,0.02040816326530612
2pl,20,10000,0.4,rule_converged,theta_mae_identified_scale,transposed_em_diagonal,torch_measure,left_minus_right,0,,,,,,,,,
2pl,20,10000,0.4,rule_converged,theta_mae_identified_scale,transposed_em_diagonal,py_irt,left_minus_right,0,,,,,,,,,
2pl,20,10000,0.4,rule_converged,theta_mae_identified_scale,transposed_em_correlated,torch_measure,left_minus_right,0,,,,,,,,,
2pl,20,10000,0.4,rule_converged,theta_mae_identified_scale,transposed_em_correlated,py_irt,left_minus_right,0,,,,,,,,,
2pl,20,10000,0.4,rule_converged,theta_mae_identified_scale,torch_measure,py_irt,left_minus_right,0,,,,,,,,,
2pl,20,10000,0.4,rule_converged,holdout_logloss,transposed_em_diagonal,transposed_em_correlated,left_minus_right,98,0.0004986057320980331,1.973790499460824e-05,0.00019539529055344636,0.0005138762253240614,9.058588156722893e-05,0.0008082056671257999,0.00045991943830860093,0.0005372920258874652,0.02040816326530612
2pl,20,10000,0.4,rule_converged,holdout_logloss,transposed_em_diagonal,torch_measure,left_minus_right,97,-0.09742849540239668,0.0012971964547741845,0.012775903424064974,-0.0947922134759559,-0.12239947269490754,-0.0772041887638231,-0.09997100045375408,-0.09488599035103927,1.0
2pl,20,10000,0.4,rule_converged,holdout_logloss,transposed_em_diagonal,py_irt,left_minus_right,0,,,,,,,,,
2pl,20,10000,0.4,rule_converged,holdout_logloss,transposed_em_correlated,torch_measure,left_minus_right,97,-0.09744723638307498,0.0013301680857334152,0.013100636328875736,-0.09521414625543911,-0.12291112673179838,-0.07699851923808501,-0.10005436583111248,-0.09484010693503749,1.0
2pl,20,10000,0.4,rule_converged,holdout_logloss,transposed_em_correlated,py_irt,left_minus_right,0,,,,,,,,,
2pl,20,10000,0.4,rule_converged,holdout_logloss,torch_measure,py_irt,left_minus_right,0,,,,,,,,,
2pl,20,10000,0.4,rule_converged,holdout_brier,transposed_em_diagonal,transposed_em_correlated,left_minus_right,98,0.0001508347556663316,6.327363336186425e-06,6.26377013086798e-05,0.0001567174807580035,4.292157000556499e-06,0.0002540135265752974,0.0001384331235274062,0.000163236387805257,0.030612244897959183
2pl,20,10000,0.4,rule_converged,holdout_brier,transposed_em_diagonal,torch_measure,left_minus_right,97,-0.010978229588418665,6.0879789624988996e-05,0.0005995963910197784,-0.010937205918369802,-0.012211913787686051,-0.010005744264701672,-0.011097553976083644,-0.010858905200753687,1.0
2pl,20,10000,0.4,rule_converged,holdout_brier,transposed_em_diagonal,py_irt,left_minus_right,0,,,,,,,,,
2pl,20,10000,0.4,rule_converged,holdout_brier,transposed_em_correlated,torch_measure,left_minus_right,97,-0.011118587681185581,6.412469222804967e-05,0.000631554975338001,-0.011119871586042412,-0.012378727341970869,-0.01005394681530708,-0.011244272077952559,-0.010992903284418603,1.0
2pl,20,10000,0.4,rule_converged,holdout_brier,transposed_em_correlated,py_irt,left_minus_right,0,,,,,,,,,
2pl,20,10000,0.4,rule_converged,holdout_brier,torch_measure,py_irt,left_minus_right,0,,,,,,,,,
2pl,100,1000,-0.4,all_returned,theta_rmse_identified_scale,transposed_em_diagonal,transposed_em_correlated,left_minus_right,100,0.011059292188922638,0.00038384684087036886,0.0038384684087036883,0.01116697349034905,0.0032609784798574948,0.019206368286625843,0.010306952380816714,0.011811631997028562,0.01
2pl,100,1000,-0.4,all_returned,theta_rmse_identified_scale,transposed_em_diagonal,torch_measure,left_minus_right,100,0.004693773555044366,0.0005686989106673571,0.005686989106673572,0.004601934814681248,-0.00576772468199646,0.015458739438688801,0.0035791236901363465,0.005808423419952386,0.18
2pl,100,1000,-0.4,all_returned,theta_rmse_identified_scale,transposed_em_diagonal,py_irt,left_minus_right,100,-0.08365705943455862,0.0013638811565537205,0.013638811565537205,-0.08398614129536389,-0.10957452251659161,-0.06020175010083275,-0.08633026650140391,-0.08098385236771333,1.0
2pl,100,1000,-0.4,all_returned,theta_rmse_identified_scale,transposed_em_correlated,torch_measure,left_minus_right,100,-0.0063655186338782725,0.00046289491232203936,0.004628949123220393,-0.005849904049603442,-0.015819284848671452,0.0011584273235971784,-0.00727279266202947,-0.005458244605727075,0.95
2pl,100,1000,-0.4,all_returned,theta_rmse_identified_scale,transposed_em_correlated,py_irt,left_minus_right,100,-0.09471635162348127,0.0013154007215553857,0.013154007215553858,-0.09532090016290169,-0.11865605076548995,-0.0745059396992124,-0.09729453703772983,-0.09213816620923271,1.0
2pl,100,1000,-0.4,all_returned,theta_rmse_identified_scale,torch_measure,py_irt,left_minus_right,100,-0.08835083298960297,0.0013130957352862234,0.013130957352862235,-0.08786113678278204,-0.11381345723205803,-0.06400673955778487,-0.09092450063076397,-0.08577716534844197,1.0
2pl,100,1000,-0.4,all_returned,theta_bias_identified_scale,transposed_em_diagonal,transposed_em_correlated,left_minus_right,100,0.02784627072644214,0.00039426623066973087,0.003942662306697309,0.02760715286846065,0.022080321912598785,0.03511940058758088,0.027073508914329466,0.02861903253855481,0.0
2pl,100,1000,-0.4,all_returned,theta_bias_identified_scale,transposed_em_diagonal,torch_measure,left_minus_right,0,,,,,,,,,
2pl,100,1000,-0.4,all_returned,theta_bias_identified_scale,transposed_em_diagonal,py_irt,left_minus_right,100,-0.03716955237356425,0.002086711593142344,0.02086711593142344,-0.0353448818923624,-0.07846368031721626,0.006211153471075989,-0.04125950709612324,-0.03307959765100526,0.96
2pl,100,1000,-0.4,all_returned,theta_bias_identified_scale,transposed_em_correlated,torch_measure,left_minus_right,0,,,,,,,,,
2pl,100,1000,-0.4,all_returned,theta_bias_identified_scale,transposed_em_correlated,py_irt,left_minus_right,100,-0.06501582310000638,0.0021234837823259885,0.021234837823259883,-0.06256910919134795,-0.106017727987983,-0.024327544809088213,-0.06917785131336532,-0.06085379488664744,1.0
2pl,100,1000,-0.4,all_returned,theta_bias_identified_scale,torch_measure,py_irt,left_minus_right,0,,,,,,,,,
2pl,100,1000,-0.4,all_returned,theta_mae_identified_scale,transposed_em_diagonal,transposed_em_correlated,left_minus_right,100,0.00999958780785279,0.00040183300935472797,0.00401833009354728,0.010315845139279307,0.0013270006824724796,0.01798641005939113,0.009211995109517524,0.010787180506188057,0.02
2pl,100,1000,-0.4,all_returned,theta_mae_identified_scale,transposed_em_diagonal,torch_measure,left_minus_right,0,,,,,,,,,
2pl,100,1000,-0.4,all_returned,theta_mae_identified_scale,transposed_em_diagonal,py_irt,left_minus_right,100,-0.06961803953348818,0.001323104905872723,0.013231049058727231,-0.0692707805306052,-0.0922981277114145,-0.04443863167043564,-0.07221132514899871,-0.06702475391797764,1.0
2pl,100,1000,-0.4,all_returned,theta_mae_identified_scale,transposed_em_correlated,torch_measure,left_minus_right,0,,,,,,,,,
2pl,100,1000,-0.4,all_returned,theta_mae_identified_scale,transposed_em_correlated,py_irt,left_minus_right,100,-0.07961762734134097,0.0013105926101231625,0.013105926101231624,-0.08031982675511519,-0.10510632902310352,-0.05363610852478857,-0.08218638885718237,-0.07704886582549957,1.0
2pl,100,1000,-0.4,all_returned,theta_mae_identified_scale,torch_measure,py_irt,left_minus_right,0,,,,,,,,,
2pl,100,1000,-0.4,all_returned,holdout_logloss,transposed_em_diagonal,transposed_em_correlated,left_minus_right,100,0.00024484408729544494,1.8671627138851106e-05,0.00018671627138851105,0.0002350179559437171,-8.551260525280213e-05,0.0006428248704364507,0.00020824769810329677,0.0002814404764875931,0.08
2pl,100,1000,-0.4,all_returned,holdout_logloss,transposed_em_diagonal,torch_measure,left_minus_right,100,-0.002742843885550992,8.06676514056131e-05,0.0008066765140561311,-0.002763144763352321,-0.00431227726381557,-0.0011154250757558196,-0.002900952482305994,-0.00258473528879599,1.0
2pl,100,1000,-0.4,all_returned,holdout_logloss,transposed_em_diagonal,py_irt,left_minus_right,100,-0.051570374576984365,0.0003140733785555228,0.0031407337855552282,-0.05114735470988535,-0.057317587142569265,-0.045676465985601246,-0.05218595839895319,-0.05095479075501554,1.0
2pl,100,1000,-0.4,all_returned,holdout_logloss,transposed_em_correlated,torch_measure,left_minus_right,100,-0.002987687972846437,8.384537139052568e-05,0.0008384537139052568,-0.0030709949398673997,-0.0045409576026151175,-0.0013984647220902065,-0.003152024900771867,-0.0028233510449210066,1.0
2pl,100,1000,-0.4,all_returned,holdout_logloss,transposed_em_correlated,py_irt,left_minus_right,100,-0.05181521866427982,0.0003143428053308388,0.0031434280533083883,-0.051485375186485105,-0.05767107026199082,-0.045931396327265304,-0.052431330562728265,-0.05119910676583138,1.0
2pl,100,1000,-0.4,all_returned,holdout_logloss,torch_measure,py_irt,left_minus_right,100,-0.048827530691433384,0.0003382960982737136,0.0033829609827371356,-0.04833887084838073,-0.054924138419986064,-0.042120828833287105,-0.04949059104404986,-0.048164470338816906,1.0
2pl,100,1000,-0.4,all_returned,holdout_brier,transposed_em_diagonal,transposed_em_correlated,left_minus_right,100,6.85966765370144e-05,6.129688055265439e-06,6.12968805526544e-05,6.507851227835482e-05,-3.4583355315089685e-05,0.00019250620978916022,5.658248794869414e-05,8.061086512533467e-05,0.11
2pl,100,1000,-0.4,all_returned,holdout_brier,transposed_em_diagonal,torch_measure,left_minus_right,100,-0.0007097328603707842,2.3365511902317892e-05,0.0002336551190231789,-0.0007031404299046029,-0.001185716398926627,-0.0002703391288404641,-0.0007555292636993272,-0.0006639364570422411,1.0
2pl,100,1000,-0.4,all_returned,holdout_brier,transposed_em_diagonal,py_irt,left_minus_right,100,-0.021007911742387662,0.00013429500581466672,0.0013429500581466673,-0.020838406264605605,-0.02350054859563528,-0.018426993099588583,-0.02127112995378441,-0.020744693530990916,1.0
2pl,100,1000,-0.4,all_returned,holdout_brier,transposed_em_correlated,torch_measure,left_minus_right,100,-0.0007783295369077986,2.473622856989445e-05,0.0002473622856989445,-0.00075208588926165,-0.001281883204384711,-0.0003111088504541612,-0.0008268125449047918,-0.0007298465289108055,1.0
2pl,100,1000,-0.4,all_returned,holdout_brier,transposed_em_correlated,py_irt,left_minus_right,100,-0.021076508418924677,0.00013452727550303868,0.0013452727550303867,-0.020919772396726155,-0.023619538747147794,-0.018464195616815785,-0.02134018187891063,-0.020812834958938722,1.0
2pl,100,1000,-0.4,all_returned,holdout_brier,torch_measure,py_irt,left_minus_right,100,-0.020298178882016883,0.00014020292369548736,0.0014020292369548736,-0.020133192786916998,-0.0228011585330197,-0.017215993498862218,-0.020572976612460037,-0.02002338115157373,1.0
2pl,100,1000,-0.4,rule_converged,theta_rmse_identified_scale,transposed_em_diagonal,transposed_em_correlated,left_minus_right,99,0.010976741122288067,0.00037867076680988263,0.0037677265577536366,0.011157706187975305,0.003167854931019085,0.018622382951397228,0.010234546419340696,0.011718935825235437,0.010101010101010102
2pl,100,1000,-0.4,rule_converged,theta_rmse_identified_scale,transposed_em_diagonal,torch_measure,left_minus_right,100,0.004693773555044366,0.0005686989106673571,0.005686989106673572,0.004601934814681248,-0.00576772468199646,0.015458739438688801,0.0035791236901363465,0.005808423419952386,0.18
2pl,100,1000,-0.4,rule_converged,theta_rmse_identified_scale,transposed_em_diagonal,py_irt,left_minus_right,0,,,,,,,,,
2pl,100,1000,-0.4,rule_converged,theta_rmse_identified_scale,transposed_em_correlated,torch_measure,left_minus_right,99,-0.006281129835208024,0.0004597583998551502,0.0045745383196011645,-0.005842288196888187,-0.015508474658158479,0.0011650559565859128,-0.007182256298924119,-0.00538000337149193,0.9494949494949495
2pl,100,1000,-0.4,rule_converged,theta_rmse_identified_scale,transposed_em_correlated,py_irt,left_minus_right,0,,,,,,,,,
2pl,100,1000,-0.4,rule_converged,theta_rmse_identified_scale,torch_measure,py_irt,left_minus_right,0,,,,,,,,,
2pl,100,1000,-0.4,rule_converged,theta_bias_identified_scale,transposed_em_diagonal,transposed_em_correlated,left_minus_right,99,0.027644630253481985,0.0003422419783513424,0.003405264689101015,0.027546737108444498,0.022076739866148568,0.03467861432640871,0.026973835975913355,0.028315424531050615,0.0
2pl,100,1000,-0.4,rule_converged,theta_bias_identified_scale,transposed_em_diagonal,torch_measure,left_minus_right,0,,,,,,,,,
2pl,100,1000,-0.4,rule_converged,theta_bias_identified_scale,transposed_em_diagonal,py_irt,left_minus_right,0,,,,,,,,,
2pl,100,1000,-0.4,rule_converged,theta_bias_identified_scale,transposed_em_correlated,torch_measure,left_minus_right,0,,,,,,,,,
2pl,100,1000,-0.4,rule_converged,theta_bias_identified_scale,transposed_em_correlated,py_irt,left_minus_right,0,,,,,,,,,
2pl,100,1000,-0.4,rule_converged,theta_bias_identified_scale,torch_measure,py_irt,left_minus_right,0,,,,,,,,,
2pl,100,1000,-0.4,rule_converged,theta_mae_identified_scale,transposed_em_diagonal,transposed_em_correlated,left_minus_right,99,0.009943291478806352,0.00040190933430692165,0.003998947384912717,0.010304077314763002,0.0012579436461239125,0.0180540919040277,0.009155549183564786,0.010731033774047919,0.020202020202020204
2pl,100,1000,-0.4,rule_converged,theta_mae_identified_scale,transposed_em_diagonal,torch_measure,left_minus_right,0,,,,,,,,,
2pl,100,1000,-0.4,rule_converged,theta_mae_identified_scale,transposed_em_diagonal,py_irt,left_minus_right,0,,,,,,,,,
2pl,100,1000,-0.4,rule_converged,theta_mae_identified_scale,transposed_em_correlated,torch_measure,left_minus_right,0,,,,,,,,,
2pl,100,1000,-0.4,rule_converged,theta_mae_identified_scale,transposed_em_correlated,py_irt,left_minus_right,0,,,,,,,,,
2pl,100,1000,-0.4,rule_converged,theta_mae_identified_scale,torch_measure,py_irt,left_minus_right,0,,,,,,,,,
2pl,100,1000,-0.4,rule_converged,holdout_logloss,transposed_em_diagonal,transposed_em_correlated,left_minus_right,99,0.0002488839610366739,1.8414420928441002e-05,0.00018322117485392017,0.000235077573085829,-7.07574073699313e-05,0.000643155211493368,0.00021279169601692952,0.00028497622605641826,0.0707070707070707
2pl,100,1000,-0.4,rule_converged,holdout_logloss,transposed_em_diagonal,torch_measure,left_minus_right,100,-0.002742843885550992,8.06676514056131e-05,0.0008066765140561311,-0.002763144763352321,-0.00431227726381557,-0.0011154250757558196,-0.002900952482305994,-0.00258473528879599,1.0
2pl,100,1000,-0.4,rule_converged,holdout_logloss,transposed_em_diagonal,py_irt,left_minus_right,0,,,,,,,,,
2pl,100,1000,-0.4,rule_converged,holdout_logloss,transposed_em_correlated,torch_measure,left_minus_right,99,-0.0029980095227073603,8.405241265754808e-05,0.0008363109465276178,-0.003099084159641996,-0.004540967822441416,-0.001397917347105976,-0.0031627522515161547,-0.002833266793898566,1.0
2pl,100,1000,-0.4,rule_converged,holdout_logloss,transposed_em_correlated,py_irt,left_minus_right,0,,,,,,,,,
2pl,100,1000,-0.4,rule_converged,holdout_logloss,torch_measure,py_irt,left_minus_right,0,,,,,,,,,
2pl,100,1000,-0.4,rule_converged,holdout_brier,transposed_em_diagonal,transposed_em_correlated,left_minus_right,99,7.021638062453362e-05,5.971841605993824e-06,5.941907374354476e-05,6.523155689661109e-05,-3.0522224511442264e-05,0.00019262809693566804,5.851157107678572e-05,8.192119017228152e-05,0.10101010101010101
2pl,100,1000,-0.4,rule_converged,holdout_brier,transposed_em_diagonal,torch_measure,left_minus_right,100,-0.0007097328603707842,2.3365511902317892e-05,0.0002336551190231789,-0.0007031404299046029,-0.001185716398926627,-0.0002703391288404641,-0.0007555292636993272,-0.0006639364570422411,1.0
2pl,100,1000,-0.4,rule_converged,holdout_brier,transposed_em_diagonal,py_irt,left_minus_right,0,,,,,,,,,
2pl,100,1000,-0.4,rule_converged,holdout_brier,transposed_em_correlated,torch_measure,left_minus_right,99,-0.0007815858725244208,2.4769906078891837e-05,0.00024645745366808276,-0.0007542535610355061,-0.0012819485823269056,-0.00030996499291352107,-0.0008301348884390487,-0.0007330368566097928,1.0
2pl,100,1000,-0.4,rule_converged,holdout_brier,transposed_em_correlated,py_irt,left_minus_right,0,,,,,,,,,
2pl,100,1000,-0.4,rule_converged,holdout_brier,torch_measure,py_irt,left_minus_right,0,,,,,,,,,
2pl,100,1000,0.0,all_returned,theta_rmse_identified_scale,transposed_em_diagonal,transposed_em_correlated,left_minus_right,100,-0.00012297618667432022,5.789770947425035e-05,0.0005789770947425035,-2.4532452831051155e-05,-0.0017233471430843418,0.0006983523277154428,-0.0002364556972438509,-9.496676104789537e-06,0.54
2pl,100,1000,0.0,all_returned,theta_rmse_identified_scale,transposed_em_diagonal,torch_measure,left_minus_right,100,-0.005610170065459097,0.00044423130473449047,0.004442313047344905,-0.004886498856642753,-0.015568022560015478,-0.00010188992100907437,-0.006480863422738698,-0.004739476708179495,0.98
2pl,100,1000,0.0,all_returned,theta_rmse_identified_scale,transposed_em_diagonal,py_irt,left_minus_right,100,-0.07679237552461514,0.0012811919268825292,0.012811919268825292,-0.07640765071005184,-0.10220554318428775,-0.05366320929766613,-0.0793035117013049,-0.07428123934792538,1.0
2pl,100,1000,0.0,all_returned,theta_rmse_identified_scale,transposed_em_correlated,torch_measure,left_minus_right,100,-0.005487193878784776,0.0004392765795857112,0.004392765795857112,-0.004613221827623554,-0.015097218103467163,-2.231044885839901e-05,-0.0063481759747727705,-0.004626211782796782,0.97
2pl,100,1000,0.0,all_returned,theta_rmse_identified_scale,transposed_em_correlated,py_irt,left_minus_right,100,-0.07666939933794083,0.0012828964674671806,0.012828964674671806,-0.076302678685016,-0.10221855583685426,-0.053681836834471384,-0.0791838764141765,-0.07415492226170516,1.0
2pl,100,1000,0.0,all_returned,theta_rmse_identified_scale,torch_measure,py_irt,left_minus_right,100,-0.07118220545915603,0.0013153761575954498,0.013153761575954498,-0.07020729342469084,-0.09696755225777978,-0.04614407286937464,-0.07376034272804312,-0.06860406819026894,1.0
2pl,100,1000,0.0,all_returned,theta_bias_identified_scale,transposed_em_diagonal,transposed_em_correlated,left_minus_right,100,-0.00014390931256888192,0.0003327874472749832,0.0033278744727498317,0.0001305222720062501,-0.006471732843412408,0.006565382489413003,-0.0007961727092278489,0.0005083540840900851,0.49
2pl,100,1000,0.0,all_returned,theta_bias_identified_scale,transposed_em_diagonal,torch_measure,left_minus_right,0,,,,,,,,,
2pl,100,1000,0.0,all_returned,theta_bias_identified_scale,transposed_em_diagonal,py_irt,left_minus_right,100,0.0014804222484409591,0.0020845632640950837,0.020845632640950837,0.0002630176513479495,-0.033303891843508585,0.03922821259614618,-0.0026053217491854045,0.005566166246067323,0.49
2pl,100,1000,0.0,all_returned,theta_bias_identified_scale,transposed_em_correlated,torch_measure,left_minus_right,0,,,,,,,,,
2pl,100,1000,0.0,all_returned,theta_bias_identified_scale,transposed_em_correlated,py_irt,left_minus_right,100,0.0016243315610098414,0.002190573273417335,0.02190573273417335,-0.00075222626540515,-0.033016905838610375,0.04281286119711834,-0.0026691920548881356,0.005917855176907819,0.51
2pl,100,1000,0.0,all_returned,theta_bias_identified_scale,torch_measure,py_irt,left_minus_right,0,,,,,,,,,
2pl,100,1000,0.0,all_returned,theta_mae_identified_scale,transposed_em_diagonal,transposed_em_correlated,left_minus_right,100,-0.00012423404124687633,5.243214626208005e-05,0.0005243214626208005,-3.6893977360393654e-05,-0.001661386921225547,0.0007459334474168138,-0.00022700104792055322,-2.1467034573199436e-05,0.54
2pl,100,1000,0.0,all_returned,theta_mae_identified_scale,transposed_em_diagonal,torch_measure,left_minus_right,0,,,,,,,,,
2pl,100,1000,0.0,all_returned,theta_mae_identified_scale,transposed_em_diagonal,py_irt,left_minus_right,100,-0.05965423005382525,0.001142261888095251,0.011422618880952511,-0.058983933208015954,-0.08263776522589307,-0.04016614203400871,-0.06189306335449195,-0.05741539675315856,1.0
2pl,100,1000,0.0,all_returned,theta_mae_identified_scale,transposed_em_correlated,torch_measure,left_minus_right,0,,,,,,,,,
2pl,100,1000,0.0,all_returned,theta_mae_identified_scale,transposed_em_correlated,py_irt,left_minus_right,100,-0.05952999601257838,0.0011443016828569285,0.011443016828569285,-0.05898792283387991,-0.08242672547694199,-0.039970876047019016,-0.061772827310977954,-0.0572871647141788,1.0
2pl,100,1000,0.0,all_returned,theta_mae_identified_scale,torch_measure,py_irt,left_minus_right,0,,,,,,,,,
2pl,100,1000,0.0,all_returned,holdout_logloss,transposed_em_diagonal,transposed_em_correlated,left_minus_right,100,-6.424272817617816e-07,2.0302378064101547e-06,2.0302378064101546e-05,-5.07432140306463e-07,-3.825084522433575e-05,4.6279664018702906e-05,-4.621693382325685e-06,3.3368388188021215e-06,0.53
2pl,100,1000,0.0,all_returned,holdout_logloss,transposed_em_diagonal,torch_measure,left_minus_right,100,-0.0025439510656476007,8.187275171540483e-05,0.0008187275171540483,-0.00256811447324784,-0.003922555032745426,-0.000990690580893508,-0.002704421659009794,-0.0023834804722854073,1.0
2pl,100,1000,0.0,all_returned,holdout_logloss,transposed_em_diagonal,py_irt,left_minus_right,100,-0.05255477111793178,0.0003640924184065697,0.003640924184065697,-0.05223250718275457,-0.060861635717778195,-0.04665482135217807,-0.05326839225800866,-0.051841149977854904,1.0
2pl,100,1000,0.0,all_returned,holdout_logloss,transposed_em_correlated,torch_measure,left_minus_right,100,-0.0025433086383658387,8.178733808341496e-05,0.0008178733808341497,-0.0025529267118550303,-0.003915982460454303,-0.0009876106503058232,-0.002703611821009332,-0.0023830054557223454,1.0
2pl,100,1000,0.0,all_returned,holdout_logloss,transposed_em_correlated,py_irt,left_minus_right,100,-0.05255412869065003,0.00036407048725069224,0.0036407048725069224,-0.052231858462974956,-0.06085500587827423,-0.04668316105013222,-0.053267706845661386,-0.05184055053563867,1.0
2pl,100,1000,0.0,all_returned,holdout_logloss,torch_measure,py_irt,left_minus_right,100,-0.05001082005228418,0.00040089255912218987,0.004008925591221899,-0.04959412533866875,-0.059012379270319285,-0.04367732179592552,-0.050796569468163674,-0.04922507063640469,1.0
2pl,100,1000,0.0,all_returned,holdout_brier,transposed_em_diagonal,transposed_em_correlated,left_minus_right,100,5.558916476292031e-07,8.081349199324095e-07,8.081349199324095e-06,-2.399298693611662e-07,-1.2730285019412618e-05,1.33713441920806e-05,-1.0280527954383196e-06,2.1398360906967258e-06,0.54
2pl,100,1000,0.0,all_returned,holdout_brier,transposed_em_diagonal,torch_measure,left_minus_right,100,-0.0006224581992768144,2.1589688675431792e-05,0.00021589688675431793,-0.0006201734214300453,-0.0010257070381674415,-0.00026514577636524515,-0.0006647739890806607,-0.0005801424094729682,1.0
2pl,100,1000,0.0,all_returned,holdout_brier,transposed_em_diagonal,py_irt,left_minus_right,100,-0.021527105549257276,0.00015725083159439952,0.0015725083159439952,-0.021447042767240798,-0.024884512228285246,-0.018972266580254922,-0.0218353171791823,-0.021218893919332252,1.0
2pl,100,1000,0.0,all_returned,holdout_brier,transposed_em_correlated,torch_measure,left_minus_right,100,-0.0006230140909244436,2.1520133572281332e-05,0.00021520133572281333,-0.0006200565138858583,-0.0010308626064980905,-0.0002601961595036105,-0.000665193552726115,-0.0005808346291227722,1.0
2pl,100,1000,0.0,all_returned,holdout_brier,transposed_em_correlated,py_irt,left_minus_right,100,-0.02152766144090491,0.0001574077985781984,0.001574077985781984,-0.021457986517799232,-0.024911970102636082,-0.01896831729806498,-0.02183618072611818,-0.02121914215569164,1.0
2pl,100,1000,0.0,all_returned,holdout_brier,torch_measure,py_irt,left_minus_right,100,-0.020904647349980467,0.0001651616562966326,0.0016516165629663262,-0.020811391191065343,-0.02447179870067825,-0.018205896881550936,-0.021228364196321868,-0.020580930503639065,1.0
2pl,100,1000,0.0,rule_converged,theta_rmse_identified_scale,transposed_em_diagonal,transposed_em_correlated,left_minus_right,99,-0.00010383370452354361,5.519640386348661e-05,0.0005491972841763248,-1.771119754159778e-05,-0.0014106279057644526,0.0006987539568523826,-0.00021201865609597737,4.351247048890147e-06,0.5353535353535354
2pl,100,1000,0.0,rule_converged,theta_rmse_identified_scale,transposed_em_diagonal,torch_measure,left_minus_right,99,-0.005613461401497609,0.0004487290660380003,0.004464797833723971,-0.0048837962583413025,-0.015568415134153062,-0.00010184262236454454,-0.0064929703709320895,-0.004733952432063128,0.9797979797979798
2pl,100,1000,0.0,rule_converged,theta_rmse_identified_scale,transposed_em_diagonal,py_irt,left_minus_right,0,,,,,,,,,
2pl,100,1000,0.0,rule_converged,theta_rmse_identified_scale,transposed_em_correlated,torch_measure,left_minus_right,100,-0.005487193878784776,0.0004392765795857112,0.004392765795857112,-0.004613221827623554,-0.015097218103467163,-2.231044885839901e-05,-0.0063481759747727705,-0.004626211782796782,0.97
2pl,100,1000,0.0,rule_converged,theta_rmse_identified_scale,transposed_em_correlated,py_irt,left_minus_right,0,,,,,,,,,
2pl,100,1000,0.0,rule_converged,theta_rmse_identified_scale,torch_measure,py_irt,left_minus_right,0,,,,,,,,,
2pl,100,1000,0.0,rule_converged,theta_bias_identified_scale,transposed_em_diagonal,transposed_em_correlated,left_minus_right,99,-0.00015104083836115756,0.0003360888888794728,0.003344042221861982,0.00011195691510140077,-0.006487892740649865,0.006569594377813709,-0.0008097750605649243,0.0005076933838426091,0.494949494949495
2pl,100,1000,0.0,rule_converged,theta_bias_identified_scale,transposed_em_diagonal,torch_measure,left_minus_right,0,,,,,,,,,
2pl,100,1000,0.0,rule_converged,theta_bias_identified_scale,transposed_em_diagonal,py_irt,left_minus_right,0,,,,,,,,,
2pl,100,1000,0.0,rule_converged,theta_bias_identified_scale,transposed_em_correlated,torch_measure,left_minus_right,0,,,,,,,,,
2pl,100,1000,0.0,rule_converged,theta_bias_identified_scale,transposed_em_correlated,py_irt,left_minus_right,0,,,,,,,,,
2pl,100,1000,0.0,rule_converged,theta_bias_identified_scale,torch_measure,py_irt,left_minus_right,0,,,,,,,,,
2pl,100,1000,0.0,rule_converged,theta_mae_identified_scale,transposed_em_diagonal,transposed_em_correlated,left_minus_right,99,-0.00010974898062469425,5.090319925413318e-05,0.0005064804376639758,-3.620970832509535e-05,-0.001450833924980134,0.0007474780537288816,-0.00020951925116279528,-9.978710086593209e-06,0.5353535353535354
2pl,100,1000,0.0,rule_converged,theta_mae_identified_scale,transposed_em_diagonal,torch_measure,left_minus_right,0,,,,,,,,,
2pl,100,1000,0.0,rule_converged,theta_mae_identified_scale,transposed_em_diagonal,py_irt,left_minus_right,0,,,,,,,,,
2pl,100,1000,0.0,rule_converged,theta_mae_identified_scale,transposed_em_correlated,torch_measure,left_minus_right,0,,,,,,,,,
2pl,100,1000,0.0,rule_converged,theta_mae_identified_scale,transposed_em_correlated,py_irt,left_minus_right,0,,,,,,,,,
2pl,100,1000,0.0,rule_converged,theta_mae_identified_scale,torch_measure,py_irt,left_minus_right,0,,,,,,,,,
2pl,100,1000,0.0,rule_converged,holdout_logloss,transposed_em_diagonal,transposed_em_correlated,left_minus_right,99,-4.6769638053971985e-07,2.0432403893094297e-06,2.032998518351722e-05,-4.0302585069262875e-07,-3.827316029999528e-05,4.6500353223105616e-05,-4.472447543586202e-06,3.537054782506762e-06,0.5252525252525253
2pl,100,1000,0.0,rule_converged,holdout_logloss,transposed_em_diagonal,torch_measure,left_minus_right,99,-0.0025587169170072934,8.134781149970545e-05,0.0008094005047832436,-0.002569734937976298,-0.003925569148306968,-0.0009903413100175562,-0.002718158627546716,-0.0023992752064678708,1.0
2pl,100,1000,0.0,rule_converged,holdout_logloss,transposed_em_diagonal,py_irt,left_minus_right,0,,,,,,,,,
2pl,100,1000,0.0,rule_converged,holdout_logloss,transposed_em_correlated,torch_measure,left_minus_right,100,-0.0025433086383658387,8.178733808341496e-05,0.0008178733808341497,-0.0025529267118550303,-0.003915982460454303,-0.0009876106503058232,-0.002703611821009332,-0.0023830054557223454,1.0
2pl,100,1000,0.0,rule_converged,holdout_logloss,transposed_em_correlated,py_irt,left_minus_right,0,,,,,,,,,
2pl,100,1000,0.0,rule_converged,holdout_logloss,torch_measure,py_irt,left_minus_right,0,,,,,,,,,
2pl,100,1000,0.0,rule_converged,holdout_brier,transposed_em_diagonal,transposed_em_correlated,left_minus_right,99,-1.893759434032781e-08,5.737927800874689e-07,5.709166076895131e-06,-2.495558988069302e-07,-1.273451495757555e-05,1.2629668216951328e-05,-1.143571443311767e-06,1.1056962546311114e-06,0.5454545454545454
2pl,100,1000,0.0,rule_converged,holdout_brier,transposed_em_diagonal,torch_measure,left_minus_right,99,-0.0006251940108699439,2.1633071621585762e-05,0.00021524634489505568,-0.0006215773477120934,-0.0010283493045854923,-0.00026466299640164206,-0.000667594831248252,-0.0005827931904916358,1.0
2pl,100,1000,0.0,rule_converged,holdout_brier,transposed_em_diagonal,py_irt,left_minus_right,0,,,,,,,,,
2pl,100,1000,0.0,rule_converged,holdout_brier,transposed_em_correlated,torch_measure,left_minus_right,100,-0.0006230140909244436,2.1520133572281332e-05,0.00021520133572281333,-0.0006200565138858583,-0.0010308626064980905,-0.0002601961595036105,-0.000665193552726115,-0.0005808346291227722,1.0
2pl,100,1000,0.0,rule_converged,holdout_brier,transposed_em_correlated,py_irt,left_minus_right,0,,,,,,,,,
2pl,100,1000,0.0,rule_converged,holdout_brier,torch_measure,py_irt,left_minus_right,0,,,,,,,,,
2pl,100,1000,0.4,all_returned,theta_rmse_identified_scale,transposed_em_diagonal,transposed_em_correlated,left_minus_right,100,0.010824829084591281,0.0003499730286208267,0.003499730286208267,0.010861418159648195,0.003743510382003314,0.017436523587400124,0.01013888194849446,0.011510776220688102,0.01
2pl,100,1000,0.4,all_returned,theta_rmse_identified_scale,transposed_em_diagonal,torch_measure,left_minus_right,99,0.004763132062958348,0.0006316958977890577,0.006285294823718998,0.005257459389224908,-0.006797569805591461,0.01422294006366225,0.0035250081032917953,0.006001256022624902,0.16161616161616163
2pl,100,1000,0.4,all_returned,theta_rmse_identified_scale,transposed_em_diagonal,py_irt,left_minus_right,100,-0.08320071530214179,0.0013423002361433183,0.013423002361433184,-0.08333353421085035,-0.11061616981779648,-0.061854761987826884,-0.0858316237649827,-0.08056980683930089,1.0
2pl,100,1000,0.4,all_returned,theta_rmse_identified_scale,transposed_em_correlated,torch_measure,left_minus_right,99,-0.006040205166167916,0.00047545147385781215,0.004730682434423496,-0.005471521082943895,-0.017659008153831948,0.0014371845014604998,-0.006972090054929228,-0.005108320277406604,0.9393939393939394
2pl,100,1000,0.4,all_returned,theta_rmse_identified_scale,transposed_em_correlated,py_irt,left_minus_right,100,-0.09402554438673308,0.0013220972757891946,0.013220972757891946,-0.09367172484057451,-0.12256256134328149,-0.0745759241932359,-0.0966168550472799,-0.09143423372618625,1.0
2pl,100,1000,0.4,all_returned,theta_rmse_identified_scale,torch_measure,py_irt,left_minus_right,99,-0.08811082381492631,0.001354587909137518,0.013477979520483541,-0.0866836683856216,-0.11709067514078428,-0.06726710122233835,-0.09076581611683585,-0.08545583151301678,1.0
2pl,100,1000,0.4,all_returned,theta_bias_identified_scale,transposed_em_diagonal,transposed_em_correlated,left_minus_right,100,-0.027705311567230755,0.000343959967855659,0.0034395996785565905,-0.0275477678424408,-0.035041762854843395,-0.0215117221025411,-0.028379473104227847,-0.027031150030233663,1.0
2pl,100,1000,0.4,all_returned,theta_bias_identified_scale,transposed_em_diagonal,torch_measure,left_minus_right,0,,,,,,,,,
2pl,100,1000,0.4,all_returned,theta_bias_identified_scale,transposed_em_diagonal,py_irt,left_minus_right,100,0.03694728328294714,0.002017604717080565,0.02017604717080565,0.0364572928906666,-0.0010048865702652235,0.07135876285140243,0.032992778037469236,0.04090178852842505,0.04
2pl,100,1000,0.4,all_returned,theta_bias_identified_scale,transposed_em_correlated,torch_measure,left_minus_right,0,,,,,,,,,
2pl,100,1000,0.4,all_returned,theta_bias_identified_scale,transposed_em_correlated,py_irt,left_minus_right,100,0.0646525948501779,0.0020623903316374114,0.020623903316374113,0.06586197900917184,0.02822437202776064,0.10097607487817706,0.06061030980016857,0.06869487990018722,0.0
2pl,100,1000,0.4,all_returned,theta_bias_identified_scale,torch_measure,py_irt,left_minus_right,0,,,,,,,,,
2pl,100,1000,0.4,all_returned,theta_mae_identified_scale,transposed_em_diagonal,transposed_em_correlated,left_minus_right,100,0.009720853495867947,0.00032984495678663265,0.0032984495678663266,0.00976199492358705,0.00284192393460928,0.015500291166674892,0.009074357380566148,0.010367349611169746,0.0
2pl,100,1000,0.4,all_returned,theta_mae_identified_scale,transposed_em_diagonal,torch_measure,left_minus_right,0,,,,,,,,,
2pl,100,1000,0.4,all_returned,theta_mae_identified_scale,transposed_em_diagonal,py_irt,left_minus_right,100,-0.06886177374165647,0.001272778515137866,0.01272778515137866,-0.06862352087673534,-0.09439828016636559,-0.05135414610034044,-0.07135641963132669,-0.06636712785198626,1.0
2pl,100,1000,0.4,all_returned,theta_mae_identified_scale,transposed_em_correlated,torch_measure,left_minus_right,0,,,,,,,,,
2pl,100,1000,0.4,all_returned,theta_mae_identified_scale,transposed_em_correlated,py_irt,left_minus_right,100,-0.07858262723752442,0.001282294904998526,0.01282294904998526,-0.07767447715486214,-0.10722234572437885,-0.0596289821711887,-0.08109592525132153,-0.0760693292237273,1.0
2pl,100,1000,0.4,all_returned,theta_mae_identified_scale,torch_measure,py_irt,left_minus_right,0,,,,,,,,,
2pl,100,1000,0.4,all_returned,holdout_logloss,transposed_em_diagonal,transposed_em_correlated,left_minus_right,100,0.0002684875920138752,1.6871173519515544e-05,0.00016871173519515545,0.0002827581888714126,-8.887307508169129e-05,0.0006063469680698286,0.0002354200919156247,0.00030155509211212566,0.06
2pl,100,1000,0.4,all_returned,holdout_logloss,transposed_em_diagonal,torch_measure,left_minus_right,99,-0.00264935089059078,9.546011488970783e-05,0.0009498161506001388,-0.0025761828279672327,-0.004558026471107141,-0.000953547234468522,-0.0028364527157746073,-0.0024622490654069525,1.0
2pl,100,1000,0.4,all_returned,holdout_logloss,transposed_em_diagonal,py_irt,left_minus_right,100,-0.051956649490958295,0.00041191503381069334,0.004119150338106933,-0.05221213196877483,-0.06030152480801194,-0.04479471685719237,-0.05276400295722725,-0.05114929602468934,1.0
2pl,100,1000,0.4,all_returned,holdout_logloss,transposed_em_correlated,torch_measure,left_minus_right,99,-0.0029173401026461503,9.885381502786289e-05,0.0009835830406278517,-0.0027971521647274233,-0.004818588912774141,-0.0011839229371956143,-0.0031110935801007614,-0.0027235866251915392,1.0
2pl,100,1000,0.4,all_returned,holdout_logloss,transposed_em_correlated,py_irt,left_minus_right,100,-0.05222513708297215,0.0004124849496874706,0.004124849496874706,-0.05241524976595946,-0.06056548430450373,-0.04494364075555416,-0.05303360758435959,-0.051416666581584704,1.0
2pl,100,1000,0.4,all_returned,holdout_logloss,torch_measure,py_irt,left_minus_right,99,-0.04928341335655939,0.00046505904452367043,0.004627279068138603,-0.049410046028043775,-0.0590742182175779,-0.04160856029102167,-0.050194929083825786,-0.048371897629293,1.0
2pl,100,1000,0.4,all_returned,holdout_brier,transposed_em_diagonal,transposed_em_correlated,left_minus_right,100,7.663721789423261e-05,5.2852356964775865e-06,5.285235696477587e-05,6.87994320152513e-05,-2.4877326155726964e-05,0.0001874566876682047,6.627815592913654e-05,8.699627985932868e-05,0.08
2pl,100,1000,0.4,all_returned,holdout_brier,transposed_em_diagonal,torch_measure,left_minus_right,99,-0.000675763487194642,2.6129865000375703e-05,0.0002599888740866579,-0.000652843539458603,-0.0011651021970472575,-0.00026320256652935525,-0.0007269780225953783,-0.0006245489517939056,1.0
2pl,100,1000,0.4,all_returned,holdout_brier,transposed_em_diagonal,py_irt,left_minus_right,100,-0.02118311901528143,0.00017246458233295247,0.0017246458233295247,-0.021153261949691082,-0.024268767664454502,-0.017949679458528076,-0.021521149596654018,-0.02084508843390884,1.0
2pl,100,1000,0.4,all_returned,holdout_brier,transposed_em_correlated,torch_measure,left_minus_right,99,-0.0007524888980800437,2.7289984567301737e-05,0.00027153191803298767,-0.0007231009679579958,-0.0012734275839472314,-0.00029034728099894833,-0.000805977267831955,-0.0006990005283281323,1.0
2pl,100,1000,0.4,all_returned,holdout_brier,transposed_em_correlated,py_irt,left_minus_right,100,-0.021259756233175667,0.00017206338850289158,0.0017206338850289159,-0.02119472612115704,-0.02437993311801278,-0.01803013318354394,-0.021597000474641335,-0.02092251199171,1.0
2pl,100,1000,0.4,all_returned,holdout_brier,torch_measure,py_irt,left_minus_right,99,-0.020495961004836957,0.00018607926042446183,0.0018514652642843056,-0.02060384890914871,-0.023972077207536326,-0.017018724387401853,-0.020860676355268903,-0.020131245654405012,1.0
2pl,100,1000,0.4,rule_converged,theta_rmse_identified_scale,transposed_em_diagonal,transposed_em_correlated,left_minus_right,100,0.010824829084591281,0.0003499730286208267,0.003499730286208267,0.010861418159648195,0.003743510382003314,0.017436523587400124,0.01013888194849446,0.011510776220688102,0.01
2pl,100,1000,0.4,rule_converged,theta_rmse_identified_scale,transposed_em_diagonal,torch_measure,left_minus_right,99,0.004763132062958348,0.0006316958977890577,0.006285294823718998,0.005257459389224908,-0.006797569805591461,0.01422294006366225,0.0035250081032917953,0.006001256022624902,0.16161616161616163
2pl,100,1000,0.4,rule_converged,theta_rmse_identified_scale,transposed_em_diagonal,py_irt,left_minus_right,0,,,,,,,,,
2pl,100,1000,0.4,rule_converged,theta_rmse_identified_scale,transposed_em_correlated,torch_measure,left_minus_right,99,-0.006040205166167916,0.00047545147385781215,0.004730682434423496,-0.005471521082943895,-0.017659008153831948,0.0014371845014604998,-0.006972090054929228,-0.005108320277406604,0.9393939393939394
2pl,100,1000,0.4,rule_converged,theta_rmse_identified_scale,transposed_em_correlated,py_irt,left_minus_right,0,,,,,,,,,
2pl,100,1000,0.4,rule_converged,theta_rmse_identified_scale,torch_measure,py_irt,left_minus_right,0,,,,,,,,,
2pl,100,1000,0.4,rule_converged,theta_bias_identified_scale,transposed_em_diagonal,transposed_em_correlated,left_minus_right,100,-0.027705311567230755,0.000343959967855659,0.0034395996785565905,-0.0275477678424408,-0.035041762854843395,-0.0215117221025411,-0.028379473104227847,-0.027031150030233663,1.0
2pl,100,1000,0.4,rule_converged,theta_bias_identified_scale,transposed_em_diagonal,torch_measure,left_minus_right,0,,,,,,,,,
2pl,100,1000,0.4,rule_converged,theta_bias_identified_scale,transposed_em_diagonal,py_irt,left_minus_right,0,,,,,,,,,
2pl,100,1000,0.4,rule_converged,theta_bias_identified_scale,transposed_em_correlated,torch_measure,left_minus_right,0,,,,,,,,,
2pl,100,1000,0.4,rule_converged,theta_bias_identified_scale,transposed_em_correlated,py_irt,left_minus_right,0,,,,,,,,,
2pl,100,1000,0.4,rule_converged,theta_bias_identified_scale,torch_measure,py_irt,left_minus_right,0,,,,,,,,,
2pl,100,1000,0.4,rule_converged,theta_mae_identified_scale,transposed_em_diagonal,transposed_em_correlated,left_minus_right,100,0.009720853495867947,0.00032984495678663265,0.0032984495678663266,0.00976199492358705,0.00284192393460928,0.015500291166674892,0.009074357380566148,0.010367349611169746,0.0
2pl,100,1000,0.4,rule_converged,theta_mae_identified_scale,transposed_em_diagonal,torch_measure,left_minus_right,0,,,,,,,,,
2pl,100,1000,0.4,rule_converged,theta_mae_identified_scale,transposed_em_diagonal,py_irt,left_minus_right,0,,,,,,,,,
2pl,100,1000,0.4,rule_converged,theta_mae_identified_scale,transposed_em_correlated,torch_measure,left_minus_right,0,,,,,,,,,
2pl,100,1000,0.4,rule_converged,theta_mae_identified_scale,transposed_em_correlated,py_irt,left_minus_right,0,,,,,,,,,
2pl,100,1000,0.4,rule_converged,theta_mae_identified_scale,torch_measure,py_irt,left_minus_right,0,,,,,,,,,
2pl,100,1000,0.4,rule_converged,holdout_logloss,transposed_em_diagonal,transposed_em_correlated,left_minus_right,100,0.0002684875920138752,1.6871173519515544e-05,0.00016871173519515545,0.0002827581888714126,-8.887307508169129e-05,0.0006063469680698286,0.0002354200919156247,0.00030155509211212566,0.06
2pl,100,1000,0.4,rule_converged,holdout_logloss,transposed_em_diagonal,torch_measure,left_minus_right,99,-0.00264935089059078,9.546011488970783e-05,0.0009498161506001388,-0.0025761828279672327,-0.004558026471107141,-0.000953547234468522,-0.0028364527157746073,-0.0024622490654069525,1.0
2pl,100,1000,0.4,rule_converged,holdout_logloss,transposed_em_diagonal,py_irt,left_minus_right,0,,,,,,,,,
2pl,100,1000,0.4,rule_converged,holdout_logloss,transposed_em_correlated,torch_measure,left_minus_right,99,-0.0029173401026461503,9.885381502786289e-05,0.0009835830406278517,-0.0027971521647274233,-0.004818588912774141,-0.0011839229371956143,-0.0031110935801007614,-0.0027235866251915392,1.0
2pl,100,1000,0.4,rule_converged,holdout_logloss,transposed_em_correlated,py_irt,left_minus_right,0,,,,,,,,,
2pl,100,1000,0.4,rule_converged,holdout_logloss,torch_measure,py_irt,left_minus_right,0,,,,,,,,,
2pl,100,1000,0.4,rule_converged,holdout_brier,transposed_em_diagonal,transposed_em_correlated,left_minus_right,100,7.663721789423261e-05,5.2852356964775865e-06,5.285235696477587e-05,6.87994320152513e-05,-2.4877326155726964e-05,0.0001874566876682047,6.627815592913654e-05,8.699627985932868e-05,0.08
2pl,100,1000,0.4,rule_converged,holdout_brier,transposed_em_diagonal,torch_measure,left_minus_right,99,-0.000675763487194642,2.6129865000375703e-05,0.0002599888740866579,-0.000652843539458603,-0.0011651021970472575,-0.00026320256652935525,-0.0007269780225953783,-0.0006245489517939056,1.0
2pl,100,1000,0.4,rule_converged,holdout_brier,transposed_em_diagonal,py_irt,left_minus_right,0,,,,,,,,,
2pl,100,1000,0.4,rule_converged,holdout_brier,transposed_em_correlated,torch_measure,left_minus_right,99,-0.0007524888980800437,2.7289984567301737e-05,0.00027153191803298767,-0.0007231009679579958,-0.0012734275839472314,-0.00029034728099894833,-0.000805977267831955,-0.0006990005283281323,1.0
2pl,100,1000,0.4,rule_converged,holdout_brier,transposed_em_correlated,py_irt,left_minus_right,0,,,,,,,,,
2pl,100,1000,0.4,rule_converged,holdout_brier,torch_measure,py_irt,left_minus_right,0,,,,,,,,,
2pl,100,10000,-0.4,all_returned,theta_rmse_identified_scale,transposed_em_diagonal,transposed_em_correlated,left_minus_right,100,0.022866809383916574,0.0001894900294364586,0.001894900294364586,0.022902887845582504,0.01978588736496256,0.026597739753475628,0.022495408926221115,0.023238209841612033,0.0
2pl,100,10000,-0.4,all_returned,theta_rmse_identified_scale,transposed_em_diagonal,torch_measure,left_minus_right,100,0.011550098419939307,0.0005557576545123464,0.0055575765451234636,0.0124591538141193,-0.0031122648080290534,0.02061693132779964,0.010460813417095108,0.012639383422783507,0.04
2pl,100,10000,-0.4,all_returned,theta_rmse_identified_scale,transposed_em_diagonal,py_irt,left_minus_right,100,-0.11052984441664433,0.0011441971909500995,0.011441971909500996,-0.11090449242230616,-0.1309235310975198,-0.0892084126261629,-0.11277247091090653,-0.10828721792238213,1.0
2pl,100,10000,-0.4,all_returned,theta_rmse_identified_scale,transposed_em_correlated,torch_measure,left_minus_right,100,-0.011316710963977262,0.0005325623436124678,0.005325623436124678,-0.0104082122632192,-0.025132621805257636,-0.00350256495235442,-0.012360533157457698,-0.010272888770496825,1.0
2pl,100,10000,-0.4,all_returned,theta_rmse_identified_scale,transposed_em_correlated,py_irt,left_minus_right,100,-0.1333966538005609,0.001074165066631837,0.010741650666318369,-0.1327951859175573,-0.15336465955995393,-0.11577362539529937,-0.1355020173311593,-0.1312912902699625,1.0
2pl,100,10000,-0.4,all_returned,theta_rmse_identified_scale,torch_measure,py_irt,left_minus_right,100,-0.12207994283658363,0.0011112124268138229,0.011112124268138228,-0.12191607186844004,-0.14381660725072784,-0.10035077673356513,-0.12425791919313872,-0.11990196648002854,1.0
2pl,100,10000,-0.4,all_returned,theta_bias_identified_scale,transposed_em_diagonal,transposed_em_correlated,left_minus_right,100,0.027910906218475858,0.00017214721300022286,0.0017214721300022285,0.0280253512699131,0.02467140907600291,0.03095089494515824,0.027573497680995422,0.028248314755956294,0.0
2pl,100,10000,-0.4,all_returned,theta_bias_identified_scale,transposed_em_diagonal,torch_measure,left_minus_right,0,,,,,,,,,
2pl,100,10000,-0.4,all_returned,theta_bias_identified_scale,transposed_em_diagonal,py_irt,left_minus_right,100,-0.03275742874272019,0.0021647589842657853,0.021647589842657855,-0.02893655469268465,-0.07426957426611622,0.01064128626537214,-0.03700035635188113,-0.02851450113355925,0.94
2pl,100,10000,-0.4,all_returned,theta_bias_identified_scale,transposed_em_correlated,torch_measure,left_minus_right,0,,,,,,,,,
2pl,100,10000,-0.4,all_returned,theta_bias_identified_scale,transposed_em_correlated,py_irt,left_minus_right,100,-0.06066833496119605,0.002192144094623535,0.02192144094623535,-0.05783007648898085,-0.10253013464935361,-0.017572552128760462,-0.06496493738665818,-0.05637173253573392,1.0
2pl,100,10000,-0.4,all_returned,theta_bias_identified_scale,torch_measure,py_irt,left_minus_right,0,,,,,,,,,
2pl,100,10000,-0.4,all_returned,theta_mae_identified_scale,transposed_em_diagonal,transposed_em_correlated,left_minus_right,100,0.022358621422221246,0.00021334299735452093,0.0021334299735452093,0.0224089782202897,0.01863122552476621,0.026266941291872355,0.021940469147406386,0.022776773697036106,0.0
2pl,100,10000,-0.4,all_returned,theta_mae_identified_scale,transposed_em_diagonal,torch_measure,left_minus_right,0,,,,,,,,,
2pl,100,10000,-0.4,all_returned,theta_mae_identified_scale,transposed_em_diagonal,py_irt,left_minus_right,100,-0.09080731292283431,0.0011899490493521168,0.011899490493521169,-0.0914053625989388,-0.11183820181617089,-0.06777490662643262,-0.09313961305956446,-0.08847501278610416,1.0
2pl,100,10000,-0.4,all_returned,theta_mae_identified_scale,transposed_em_correlated,torch_measure,left_minus_right,0,,,,,,,,,
2pl,100,10000,-0.4,all_returned,theta_mae_identified_scale,transposed_em_correlated,py_irt,left_minus_right,100,-0.11316593434505555,0.001136146011818125,0.01136146011818125,-0.11288123826235705,-0.13409074078651434,-0.09327177872357154,-0.11539278052821908,-0.11093908816189202,1.0
2pl,100,10000,-0.4,all_returned,theta_mae_identified_scale,torch_measure,py_irt,left_minus_right,0,,,,,,,,,
2pl,100,10000,-0.4,all_returned,holdout_logloss,transposed_em_diagonal,transposed_em_correlated,left_minus_right,100,0.00021976310159140477,5.646938019422111e-06,5.6469380194221115e-05,0.00021546815556755528,0.0001224230545852023,0.0003326791848932475,0.00020869510307333742,0.00023083110010947212,0.0
2pl,100,10000,-0.4,all_returned,holdout_logloss,transposed_em_diagonal,torch_measure,left_minus_right,100,-0.00249337855442473,2.7525577249114734e-05,0.00027525577249114735,-0.002511934008284311,-0.0029198479260452576,-0.0019559225712438406,-0.002547328685832995,-0.002439428423016465,1.0
2pl,100,10000,-0.4,all_returned,holdout_logloss,transposed_em_diagonal,py_irt,left_minus_right,100,-0.05201444271422007,0.00013094260907143174,0.0013094260907143174,-0.05206884342604745,-0.05432491253692649,-0.04938568802818367,-0.052271090228000076,-0.05175779520044007,1.0
2pl,100,10000,-0.4,all_returned,holdout_logloss,transposed_em_correlated,torch_measure,left_minus_right,100,-0.0027131416560161347,2.7786123286331974e-05,0.00027786123286331973,-0.002760834797640055,-0.003144978701326473,-0.0022172872335956746,-0.0027676024576573453,-0.002658680854374924,1.0
2pl,100,10000,-0.4,all_returned,holdout_logloss,transposed_em_correlated,py_irt,left_minus_right,100,-0.052234205815811466,0.00013042509016596843,0.0013042509016596843,-0.05228614455064273,-0.054461099872851026,-0.04959967030732653,-0.052489838992536765,-0.05197857263908617,1.0
2pl,100,10000,-0.4,all_returned,holdout_logloss,torch_measure,py_irt,left_minus_right,100,-0.04952106415979533,0.00014238259093209577,0.0014238259093209578,-0.049546356609792286,-0.052107769595048974,-0.046756173164278776,-0.04980013403802224,-0.049241994281568426,1.0
2pl,100,10000,-0.4,all_returned,holdout_brier,transposed_em_diagonal,transposed_em_correlated,left_minus_right,100,6.175884111694729e-05,1.7388586442332406e-06,1.7388586442332406e-05,6.194012240554048e-05,3.108838519845919e-05,9.59765413065694e-05,5.835067817425014e-05,6.516700405964445e-05,0.0
2pl,100,10000,-0.4,all_returned,holdout_brier,transposed_em_diagonal,torch_measure,left_minus_right,100,-0.0006374456681210147,8.175220977637292e-06,8.175220977637292e-05,-0.0006409754391654976,-0.000782797950935981,-0.0004925292878089086,-0.0006534691012371838,-0.0006214222350048456,1.0
2pl,100,10000,-0.4,all_returned,holdout_brier,transposed_em_diagonal,py_irt,left_minus_right,100,-0.02121182946133675,6.14777849977965e-05,0.000614777849977965,-0.02123471662794625,-0.022402529783624916,-0.019942683492714896,-0.02133232591993243,-0.02109133300274107,1.0
2pl,100,10000,-0.4,all_returned,holdout_brier,transposed_em_correlated,torch_measure,left_minus_right,100,-0.0006992045092379621,8.40262580990203e-06,8.40262580990203e-05,-0.0007005388078868413,-0.000847862026627285,-0.0005374008003669552,-0.00071567365582537,-0.0006827353626505541,1.0
2pl,100,10000,-0.4,all_returned,holdout_brier,transposed_em_correlated,py_irt,left_minus_right,100,-0.021273588302453697,6.125315485007175e-05,0.0006125315485007175,-0.02128894681561755,-0.022438311184961864,-0.020011486075109317,-0.021393644485959838,-0.021153532118947556,1.0
2pl,100,10000,-0.4,all_returned,holdout_brier,torch_measure,py_irt,left_minus_right,100,-0.020574383793215734,6.312583952708178e-05,0.0006312583952708178,-0.02065798130797125,-0.021808868063976607,-0.019292675927228307,-0.020698110438688813,-0.020450657147742655,1.0
2pl,100,10000,-0.4,rule_converged,theta_rmse_identified_scale,transposed_em_diagonal,transposed_em_correlated,left_minus_right,100,0.022866809383916574,0.0001894900294364586,0.001894900294364586,0.022902887845582504,0.01978588736496256,0.026597739753475628,0.022495408926221115,0.023238209841612033,0.0
2pl,100,10000,-0.4,rule_converged,theta_rmse_identified_scale,transposed_em_diagonal,torch_measure,left_minus_right,100,0.011550098419939307,0.0005557576545123464,0.0055575765451234636,0.0124591538141193,-0.0031122648080290534,0.02061693132779964,0.010460813417095108,0.012639383422783507,0.04
2pl,100,10000,-0.4,rule_converged,theta_rmse_identified_scale,transposed_em_diagonal,py_irt,left_minus_right,0,,,,,,,,,
2pl,100,10000,-0.4,rule_converged,theta_rmse_identified_scale,transposed_em_correlated,torch_measure,left_minus_right,100,-0.011316710963977262,0.0005325623436124678,0.005325623436124678,-0.0104082122632192,-0.025132621805257636,-0.00350256495235442,-0.012360533157457698,-0.010272888770496825,1.0
2pl,100,10000,-0.4,rule_converged,theta_rmse_identified_scale,transposed_em_correlated,py_irt,left_minus_right,0,,,,,,,,,
2pl,100,10000,-0.4,rule_converged,theta_rmse_identified_scale,torch_measure,py_irt,left_minus_right,0,,,,,,,,,
2pl,100,10000,-0.4,rule_converged,theta_bias_identified_scale,transposed_em_diagonal,transposed_em_correlated,left_minus_right,100,0.027910906218475858,0.00017214721300022286,0.0017214721300022285,0.0280253512699131,0.02467140907600291,0.03095089494515824,0.027573497680995422,0.028248314755956294,0.0
2pl,100,10000,-0.4,rule_converged,theta_bias_identified_scale,transposed_em_diagonal,torch_measure,left_minus_right,0,,,,,,,,,
2pl,100,10000,-0.4,rule_converged,theta_bias_identified_scale,transposed_em_diagonal,py_irt,left_minus_right,0,,,,,,,,,
2pl,100,10000,-0.4,rule_converged,theta_bias_identified_scale,transposed_em_correlated,torch_measure,left_minus_right,0,,,,,,,,,
2pl,100,10000,-0.4,rule_converged,theta_bias_identified_scale,transposed_em_correlated,py_irt,left_minus_right,0,,,,,,,,,
2pl,100,10000,-0.4,rule_converged,theta_bias_identified_scale,torch_measure,py_irt,left_minus_right,0,,,,,,,,,
2pl,100,10000,-0.4,rule_converged,theta_mae_identified_scale,transposed_em_diagonal,transposed_em_correlated,left_minus_right,100,0.022358621422221246,0.00021334299735452093,0.0021334299735452093,0.0224089782202897,0.01863122552476621,0.026266941291872355,0.021940469147406386,0.022776773697036106,0.0
2pl,100,10000,-0.4,rule_converged,theta_mae_identified_scale,transposed_em_diagonal,torch_measure,left_minus_right,0,,,,,,,,,
2pl,100,10000,-0.4,rule_converged,theta_mae_identified_scale,transposed_em_diagonal,py_irt,left_minus_right,0,,,,,,,,,
2pl,100,10000,-0.4,rule_converged,theta_mae_identified_scale,transposed_em_correlated,torch_measure,left_minus_right,0,,,,,,,,,
2pl,100,10000,-0.4,rule_converged,theta_mae_identified_scale,transposed_em_correlated,py_irt,left_minus_right,0,,,,,,,,,
2pl,100,10000,-0.4,rule_converged,theta_mae_identified_scale,torch_measure,py_irt,left_minus_right,0,,,,,,,,,
2pl,100,10000,-0.4,rule_converged,holdout_logloss,transposed_em_diagonal,transposed_em_correlated,left_minus_right,100,0.00021976310159140477,5.646938019422111e-06,5.6469380194221115e-05,0.00021546815556755528,0.0001224230545852023,0.0003326791848932475,0.00020869510307333742,0.00023083110010947212,0.0
2pl,100,10000,-0.4,rule_converged,holdout_logloss,transposed_em_diagonal,torch_measure,left_minus_right,100,-0.00249337855442473,2.7525577249114734e-05,0.00027525577249114735,-0.002511934008284311,-0.0029198479260452576,-0.0019559225712438406,-0.002547328685832995,-0.002439428423016465,1.0
2pl,100,10000,-0.4,rule_converged,holdout_logloss,transposed_em_diagonal,py_irt,left_minus_right,0,,,,,,,,,
2pl,100,10000,-0.4,rule_converged,holdout_logloss,transposed_em_correlated,torch_measure,left_minus_right,100,-0.0027131416560161347,2.7786123286331974e-05,0.00027786123286331973,-0.002760834797640055,-0.003144978701326473,-0.0022172872335956746,-0.0027676024576573453,-0.002658680854374924,1.0
2pl,100,10000,-0.4,rule_converged,holdout_logloss,transposed_em_correlated,py_irt,left_minus_right,0,,,,,,,,,
2pl,100,10000,-0.4,rule_converged,holdout_logloss,torch_measure,py_irt,left_minus_right,0,,,,,,,,,
2pl,100,10000,-0.4,rule_converged,holdout_brier,transposed_em_diagonal,transposed_em_correlated,left_minus_right,100,6.175884111694729e-05,1.7388586442332406e-06,1.7388586442332406e-05,6.194012240554048e-05,3.108838519845919e-05,9.59765413065694e-05,5.835067817425014e-05,6.516700405964445e-05,0.0
2pl,100,10000,-0.4,rule_converged,holdout_brier,transposed_em_diagonal,torch_measure,left_minus_right,100,-0.0006374456681210147,8.175220977637292e-06,8.175220977637292e-05,-0.0006409754391654976,-0.000782797950935981,-0.0004925292878089086,-0.0006534691012371838,-0.0006214222350048456,1.0
2pl,100,10000,-0.4,rule_converged,holdout_brier,transposed_em_diagonal,py_irt,left_minus_right,0,,,,,,,,,
2pl,100,10000,-0.4,rule_converged,holdout_brier,transposed_em_correlated,torch_measure,left_minus_right,100,-0.0006992045092379621,8.40262580990203e-06,8.40262580990203e-05,-0.0007005388078868413,-0.000847862026627285,-0.0005374008003669552,-0.00071567365582537,-0.0006827353626505541,1.0
2pl,100,10000,-0.4,rule_converged,holdout_brier,transposed_em_correlated,py_irt,left_minus_right,0,,,,,,,,,
2pl,100,10000,-0.4,rule_converged,holdout_brier,torch_measure,py_irt,left_minus_right,0,,,,,,,,,
2pl,100,10000,0.0,all_returned,theta_rmse_identified_scale,transposed_em_diagonal,transposed_em_correlated,left_minus_right,100,-3.744764938240844e-05,1.4521799059603692e-05,0.00014521799059603692,-1.94667801802495e-05,-0.00035800110529888294,0.0001914624453461594,-6.591037553923168e-05,-8.984923225585202e-06,0.6
2pl,100,10000,0.0,all_returned,theta_rmse_identified_scale,transposed_em_diagonal,torch_measure,left_minus_right,99,-0.011936403619538013,0.0006174163010108565,0.006143214629706415,-0.010343149654724302,-0.030445028660133985,-0.004688775306989507,-0.013146539569519292,-0.010726267669556734,1.0
2pl,100,10000,0.0,all_returned,theta_rmse_identified_scale,transposed_em_diagonal,py_irt,left_minus_right,100,-0.11600506498704749,0.001253719059688095,0.012537190596880951,-0.11584410779351696,-0.1420221085703507,-0.09241938096562373,-0.11846235434403615,-0.11354777563005883,1.0
2pl,100,10000,0.0,all_returned,theta_rmse_identified_scale,transposed_em_correlated,torch_measure,left_minus_right,99,-0.011898610971732733,0.000615800702861288,0.006127139631084081,-0.010294056844368304,-0.030405855934990053,-0.004712513955322152,-0.013105580349340857,-0.010691641594124609,1.0
2pl,100,10000,0.0,all_returned,theta_rmse_identified_scale,transposed_em_correlated,py_irt,left_minus_right,100,-0.11596761733766509,0.0012516993905764546,0.012516993905764547,-0.11584690641112486,-0.14196219112286687,-0.09251080994808727,-0.11842094814319494,-0.11351428653213523,1.0
2pl,100,10000,0.0,all_returned,theta_rmse_identified_scale,torch_measure,py_irt,left_minus_right,99,-0.1041153328232742,0.0014021225818800374,0.013950943542541352,-0.10444997141264858,-0.13092141738528623,-0.07923800195975604,-0.10686349308375907,-0.10136717256278933,1.0
2pl,100,10000,0.0,all_returned,theta_bias_identified_scale,transposed_em_diagonal,transposed_em_correlated,left_minus_right,100,-0.00010475542857158474,0.00011523531387490381,0.0011523531387490381,-9.227258422805007e-05,-0.0021708215662005876,0.0021817579860098205,-0.0003306166437663962,0.00012110578662322672,0.51
2pl,100,10000,0.0,all_returned,theta_bias_identified_scale,transposed_em_diagonal,torch_measure,left_minus_right,0,,,,,,,,,
2pl,100,10000,0.0,all_returned,theta_bias_identified_scale,transposed_em_diagonal,py_irt,left_minus_right,100,0.0011699439251894512,0.0021565202028962266,0.021565202028962265,0.0012675421459974,-0.03787274112029034,0.04309100709242487,-0.003056835672487153,0.005396723522866055,0.49
2pl,100,10000,0.0,all_returned,theta_bias_identified_scale,transposed_em_correlated,torch_measure,left_minus_right,0,,,,,,,,,
2pl,100,10000,0.0,all_returned,theta_bias_identified_scale,transposed_em_correlated,py_irt,left_minus_right,100,0.0012746993537610363,0.002153728607189263,0.02153728607189263,0.00039038575597715624,-0.0364861743616231,0.04309951675996558,-0.0029466087163299193,0.005496007423851992,0.5
2pl,100,10000,0.0,all_returned,theta_bias_identified_scale,torch_measure,py_irt,left_minus_right,0,,,,,,,,,
2pl,100,10000,0.0,all_returned,theta_mae_identified_scale,transposed_em_diagonal,transposed_em_correlated,left_minus_right,100,-2.9394630827010854e-05,1.4596017801617294e-05,0.00014596017801617295,-1.0620151556350182e-05,-0.0003759042687306124,0.00018821359928899542,-5.800282571818075e-05,-7.864359358409591e-07,0.57
2pl,100,10000,0.0,all_returned,theta_mae_identified_scale,transposed_em_diagonal,torch_measure,left_minus_right,0,,,,,,,,,
2pl,100,10000,0.0,all_returned,theta_mae_identified_scale,transposed_em_diagonal,py_irt,left_minus_right,100,-0.09054654503832138,0.0010933872159340431,0.01093387215934043,-0.0907673682260006,-0.1142356036961151,-0.07031165823961603,-0.09268958398155211,-0.08840350609509065,1.0
2pl,100,10000,0.0,all_returned,theta_mae_identified_scale,transposed_em_correlated,torch_measure,left_minus_right,0,,,,,,,,,
2pl,100,10000,0.0,all_returned,theta_mae_identified_scale,transposed_em_correlated,py_irt,left_minus_right,100,-0.09051715040749436,0.0010909172768425828,0.010909172768425828,-0.0906652497324,-0.114017206620537,-0.07044110556881891,-0.09265534827010583,-0.0883789525448829,1.0
2pl,100,10000,0.0,all_returned,theta_mae_identified_scale,torch_measure,py_irt,left_minus_right,0,,,,,,,,,
2pl,100,10000,0.0,all_returned,holdout_logloss,transposed_em_diagonal,transposed_em_correlated,left_minus_right,100,-4.006210417617506e-07,2.0184630171803827e-07,2.0184630171803827e-06,-9.042910659173842e-08,-4.629364188760144e-06,3.3225443750950452e-06,-7.962397931291056e-07,-5.002290394395587e-09,0.57
2pl,100,10000,0.0,all_returned,holdout_logloss,transposed_em_diagonal,torch_measure,left_minus_right,99,-0.0024588163551266333,2.7686846970568288e-05,0.00027548064908808925,-0.0024304064811546677,-0.0029994068111259486,-0.0019544734640436433,-0.002513082575188947,-0.0024045501350643196,1.0
2pl,100,10000,0.0,all_returned,holdout_logloss,transposed_em_diagonal,py_irt,left_minus_right,100,-0.052435455161275166,0.00012752559104834538,0.001275255910483454,-0.05238502708746379,-0.05489148659853362,-0.05034522486166822,-0.05268540531972992,-0.05218550500282041,1.0
2pl,100,10000,0.0,all_returned,holdout_logloss,transposed_em_correlated,torch_measure,left_minus_right,99,-0.002458409696480902,2.768309403918947e-05,0.00027544330789234676,-0.00243032549401645,-0.0029993531360058166,-0.0019528215904963176,-0.0025126685607977134,-0.0024041508321640905,1.0
2pl,100,10000,0.0,all_returned,holdout_logloss,transposed_em_correlated,py_irt,left_minus_right,100,-0.052435054540233415,0.00012752319617839261,0.001275231961783926,-0.05238619237212311,-0.05489182979435392,-0.05034342845358397,-0.05268500000474306,-0.05218510907572377,1.0
2pl,100,10000,0.0,all_returned,holdout_logloss,torch_measure,py_irt,left_minus_right,99,-0.04998206201846007,0.000137114529797949,0.0013642723459374056,-0.049987626616235015,-0.05255422279981753,-0.04797581373823764,-0.050250806496864045,-0.04971331754005609,1.0
2pl,100,10000,0.0,all_returned,holdout_brier,transposed_em_diagonal,transposed_em_correlated,left_minus_right,100,-9.356305533836374e-08,6.237115080813723e-08,6.237115080813723e-07,-3.700047783439242e-08,-1.3533748747726615e-06,1.1206167090202488e-06,-2.158105109223127e-07,2.8684400245585228e-08,0.54
2pl,100,10000,0.0,all_returned,holdout_brier,transposed_em_diagonal,torch_measure,left_minus_right,99,-0.0006106354564395085,7.844649701032153e-06,7.805327901029195e-05,-0.0006150229771076932,-0.0007700282799051217,-0.00047351314089161544,-0.0006260109698535314,-0.0005952599430254855,1.0
2pl,100,10000,0.0,all_returned,holdout_brier,transposed_em_diagonal,py_irt,left_minus_right,100,-0.02143515038134434,6.950688055593898e-05,0.0006950688055593898,-0.021423152878916094,-0.02260831364057469,-0.02000522504402642,-0.021571383867233982,-0.0212989168954547,1.0
2pl,100,10000,0.0,all_returned,holdout_brier,transposed_em_correlated,torch_measure,left_minus_right,99,-0.0006105382692660979,7.841988080985324e-06,7.802679622520248e-05,-0.0006148416343386975,-0.0007699141347466604,-0.00047412985525844414,-0.0006259085659048292,-0.0005951679726273666,1.0
2pl,100,10000,0.0,all_returned,holdout_brier,transposed_em_correlated,py_irt,left_minus_right,100,-0.021435056818289003,6.951038021117493e-05,0.0006951038021117493,-0.021422418327122245,-0.022608249080826284,-0.02000472405483107,-0.021571297163502905,-0.0212988164730751,1.0
2pl,100,10000,0.0,all_returned,holdout_brier,torch_measure,py_irt,left_minus_right,99,-0.020824364165868508,6.952462713751521e-05,0.0006917613057134962,-0.020829012976254307,-0.02200079654804577,-0.01944618050068729,-0.020960632435058038,-0.020688095896678978,1.0
2pl,100,10000,0.0,rule_converged,theta_rmse_identified_scale,transposed_em_diagonal,transposed_em_correlated,left_minus_right,100,-3.744764938240844e-05,1.4521799059603692e-05,0.00014521799059603692,-1.94667801802495e-05,-0.00035800110529888294,0.0001914624453461594,-6.591037553923168e-05,-8.984923225585202e-06,0.6
2pl,100,10000,0.0,rule_converged,theta_rmse_identified_scale,transposed_em_diagonal,torch_measure,left_minus_right,99,-0.011936403619538013,0.0006174163010108565,0.006143214629706415,-0.010343149654724302,-0.030445028660133985,-0.004688775306989507,-0.013146539569519292,-0.010726267669556734,1.0
2pl,100,10000,0.0,rule_converged,theta_rmse_identified_scale,transposed_em_diagonal,py_irt,left_minus_right,0,,,,,,,,,
2pl,100,10000,0.0,rule_converged,theta_rmse_identified_scale,transposed_em_correlated,torch_measure,left_minus_right,99,-0.011898610971732733,0.000615800702861288,0.006127139631084081,-0.010294056844368304,-0.030405855934990053,-0.004712513955322152,-0.013105580349340857,-0.010691641594124609,1.0
2pl,100,10000,0.0,rule_converged,theta_rmse_identified_scale,transposed_em_correlated,py_irt,left_minus_right,0,,,,,,,,,
2pl,100,10000,0.0,rule_converged,theta_rmse_identified_scale,torch_measure,py_irt,left_minus_right,0,,,,,,,,,
2pl,100,10000,0.0,rule_converged,theta_bias_identified_scale,transposed_em_diagonal,transposed_em_correlated,left_minus_right,100,-0.00010475542857158474,0.00011523531387490381,0.0011523531387490381,-9.227258422805007e-05,-0.0021708215662005876,0.0021817579860098205,-0.0003306166437663962,0.00012110578662322672,0.51
2pl,100,10000,0.0,rule_converged,theta_bias_identified_scale,transposed_em_diagonal,torch_measure,left_minus_right,0,,,,,,,,,
2pl,100,10000,0.0,rule_converged,theta_bias_identified_scale,transposed_em_diagonal,py_irt,left_minus_right,0,,,,,,,,,
2pl,100,10000,0.0,rule_converged,theta_bias_identified_scale,transposed_em_correlated,torch_measure,left_minus_right,0,,,,,,,,,
2pl,100,10000,0.0,rule_converged,theta_bias_identified_scale,transposed_em_correlated,py_irt,left_minus_right,0,,,,,,,,,
2pl,100,10000,0.0,rule_converged,theta_bias_identified_scale,torch_measure,py_irt,left_minus_right,0,,,,,,,,,
2pl,100,10000,0.0,rule_converged,theta_mae_identified_scale,transposed_em_diagonal,transposed_em_correlated,left_minus_right,100,-2.9394630827010854e-05,1.4596017801617294e-05,0.00014596017801617295,-1.0620151556350182e-05,-0.0003759042687306124,0.00018821359928899542,-5.800282571818075e-05,-7.864359358409591e-07,0.57
2pl,100,10000,0.0,rule_converged,theta_mae_identified_scale,transposed_em_diagonal,torch_measure,left_minus_right,0,,,,,,,,,
2pl,100,10000,0.0,rule_converged,theta_mae_identified_scale,transposed_em_diagonal,py_irt,left_minus_right,0,,,,,,,,,
2pl,100,10000,0.0,rule_converged,theta_mae_identified_scale,transposed_em_correlated,torch_measure,left_minus_right,0,,,,,,,,,
2pl,100,10000,0.0,rule_converged,theta_mae_identified_scale,transposed_em_correlated,py_irt,left_minus_right,0,,,,,,,,,
2pl,100,10000,0.0,rule_converged,theta_mae_identified_scale,torch_measure,py_irt,left_minus_right,0,,,,,,,,,
2pl,100,10000,0.0,rule_converged,holdout_logloss,transposed_em_diagonal,transposed_em_correlated,left_minus_right,100,-4.006210417617506e-07,2.0184630171803827e-07,2.0184630171803827e-06,-9.042910659173842e-08,-4.629364188760144e-06,3.3225443750950452e-06,-7.962397931291056e-07,-5.002290394395587e-09,0.57
2pl,100,10000,0.0,rule_converged,holdout_logloss,transposed_em_diagonal,torch_measure,left_minus_right,99,-0.0024588163551266333,2.7686846970568288e-05,0.00027548064908808925,-0.0024304064811546677,-0.0029994068111259486,-0.0019544734640436433,-0.002513082575188947,-0.0024045501350643196,1.0
2pl,100,10000,0.0,rule_converged,holdout_logloss,transposed_em_diagonal,py_irt,left_minus_right,0,,,,,,,,,
2pl,100,10000,0.0,rule_converged,holdout_logloss,transposed_em_correlated,torch_measure,left_minus_right,99,-0.002458409696480902,2.768309403918947e-05,0.00027544330789234676,-0.00243032549401645,-0.0029993531360058166,-0.0019528215904963176,-0.0025126685607977134,-0.0024041508321640905,1.0
2pl,100,10000,0.0,rule_converged,holdout_logloss,transposed_em_correlated,py_irt,left_minus_right,0,,,,,,,,,
2pl,100,10000,0.0,rule_converged,holdout_logloss,torch_measure,py_irt,left_minus_right,0,,,,,,,,,
2pl,100,10000,0.0,rule_converged,holdout_brier,transposed_em_diagonal,transposed_em_correlated,left_minus_right,100,-9.356305533836374e-08,6.237115080813723e-08,6.237115080813723e-07,-3.700047783439242e-08,-1.3533748747726615e-06,1.1206167090202488e-06,-2.158105109223127e-07,2.8684400245585228e-08,0.54
2pl,100,10000,0.0,rule_converged,holdout_brier,transposed_em_diagonal,torch_measure,left_minus_right,99,-0.0006106354564395085,7.844649701032153e-06,7.805327901029195e-05,-0.0006150229771076932,-0.0007700282799051217,-0.00047351314089161544,-0.0006260109698535314,-0.0005952599430254855,1.0
2pl,100,10000,0.0,rule_converged,holdout_brier,transposed_em_diagonal,py_irt,left_minus_right,0,,,,,,,,,
2pl,100,10000,0.0,rule_converged,holdout_brier,transposed_em_correlated,torch_measure,left_minus_right,99,-0.0006105382692660979,7.841988080985324e-06,7.802679622520248e-05,-0.0006148416343386975,-0.0007699141347466604,-0.00047412985525844414,-0.0006259085659048292,-0.0005951679726273666,1.0
2pl,100,10000,0.0,rule_converged,holdout_brier,transposed_em_correlated,py_irt,left_minus_right,0,,,,,,,,,
2pl,100,10000,0.0,rule_converged,holdout_brier,torch_measure,py_irt,left_minus_right,0,,,,,,,,,
2pl,100,10000,0.4,all_returned,theta_rmse_identified_scale,transposed_em_diagonal,transposed_em_correlated,left_minus_right,100,0.023205539961043728,0.0001906820885114501,0.001906820885114501,0.02314907500595035,0.019169757626471728,0.02695057174627719,0.022831803067561284,0.023579276854526172,0.0
2pl,100,10000,0.4,all_returned,theta_rmse_identified_scale,transposed_em_diagonal,torch_measure,left_minus_right,100,0.011542688058570637,0.0005261915294176414,0.005261915294176414,0.0118653771302044,-0.0008577750956386063,0.019160318287706965,0.01051135266091206,0.012574023456229214,0.03
2pl,100,10000,0.4,all_returned,theta_rmse_identified_scale,transposed_em_diagonal,py_irt,left_minus_right,100,-0.10989198594410102,0.001164787846094397,0.011647878460943971,-0.109878373813461,-0.1287457454321426,-0.08788990165781228,-0.11217497012244604,-0.107609001765756,1.0
2pl,100,10000,0.4,all_returned,theta_rmse_identified_scale,transposed_em_correlated,torch_measure,left_minus_right,100,-0.011662851902473088,0.00047666460559321524,0.004766646055932152,-0.010727022508666396,-0.022291727496086763,-0.00487864637358271,-0.01259711452943579,-0.010728589275510386,1.0
2pl,100,10000,0.4,all_returned,theta_rmse_identified_scale,transposed_em_correlated,py_irt,left_minus_right,100,-0.13309752590514473,0.001096192202783649,0.01096192202783649,-0.1329198007150335,-0.15188313328713213,-0.11260947486599784,-0.1352460626226007,-0.13094898918768877,1.0
2pl,100,10000,0.4,all_returned,theta_rmse_identified_scale,torch_measure,py_irt,left_minus_right,100,-0.12143467400267166,0.0010781463890930858,0.010781463890930857,-0.1210705399273013,-0.14196889604831672,-0.10467702028863746,-0.12354784092529411,-0.11932150708004921,1.0
2pl,100,10000,0.4,all_returned,theta_bias_identified_scale,transposed_em_diagonal,transposed_em_correlated,left_minus_right,100,-0.027874644773049864,0.00017767088408547122,0.0017767088408547121,-0.027755239568972898,-0.03141111666996899,-0.024909247421133898,-0.02822287970585739,-0.02752640984024234,1.0
2pl,100,10000,0.4,all_returned,theta_bias_identified_scale,transposed_em_diagonal,torch_measure,left_minus_right,0,,,,,,,,,
2pl,100,10000,0.4,all_returned,theta_bias_identified_scale,transposed_em_diagonal,py_irt,left_minus_right,100,0.03660820429418229,0.002160530204906087,0.021605302049060866,0.037543035204710154,-0.007622647105393281,0.07794042454525676,0.03237356509256636,0.04084284349579822,0.04
2pl,100,10000,0.4,all_returned,theta_bias_identified_scale,transposed_em_correlated,torch_measure,left_minus_right,0,,,,,,,,,
2pl,100,10000,0.4,all_returned,theta_bias_identified_scale,transposed_em_correlated,py_irt,left_minus_right,100,0.06448284906723215,0.002192955650860347,0.021929556508603468,0.06594797068719795,0.019976443230364523,0.10808761031338839,0.06018465599154586,0.06878104214291843,0.0
2pl,100,10000,0.4,all_returned,theta_bias_identified_scale,torch_measure,py_irt,left_minus_right,0,,,,,,,,,
2pl,100,10000,0.4,all_returned,theta_mae_identified_scale,transposed_em_diagonal,transposed_em_correlated,left_minus_right,100,0.02289349860542268,0.0002074873882591624,0.002074873882591624,0.022751725802805503,0.018811981659185333,0.02735071248593967,0.02248682332443472,0.023300173886410636,0.0
2pl,100,10000,0.4,all_returned,theta_mae_identified_scale,transposed_em_diagonal,torch_measure,left_minus_right,0,,,,,,,,,
2pl,100,10000,0.4,all_returned,theta_mae_identified_scale,transposed_em_diagonal,py_irt,left_minus_right,100,-0.0908350112599407,0.0011720368897537056,0.011720368897537055,-0.09051772442644934,-0.11055365970657093,-0.0696971847537563,-0.09313220356385796,-0.08853781895602345,1.0
2pl,100,10000,0.4,all_returned,theta_mae_identified_scale,transposed_em_correlated,torch_measure,left_minus_right,0,,,,,,,,,
2pl,100,10000,0.4,all_returned,theta_mae_identified_scale,transposed_em_correlated,py_irt,left_minus_right,100,-0.11372850986536337,0.001107998547608624,0.01107998547608624,-0.11371039247860812,-0.134392082368584,-0.09353506520406776,-0.11590018701867627,-0.11155683271205047,1.0
2pl,100,10000,0.4,all_returned,theta_mae_identified_scale,torch_measure,py_irt,left_minus_right,0,,,,,,,,,
2pl,100,10000,0.4,all_returned,holdout_logloss,transposed_em_diagonal,transposed_em_correlated,left_minus_right,100,0.0002220963520070618,6.261447815622332e-06,6.261447815622332e-05,0.00021481394379013752,0.0001099585589962565,0.000335658463212704,0.000209823914288442,0.00023436878972568157,0.0
2pl,100,10000,0.4,all_returned,holdout_logloss,transposed_em_diagonal,torch_measure,left_minus_right,100,-0.002451770814077807,2.7640570922061444e-05,0.00027640570922061444,-0.0024456309979258295,-0.00303250849940056,-0.001994343410116617,-0.0025059463330850476,-0.0023975952950705667,1.0
2pl,100,10000,0.4,all_returned,holdout_logloss,transposed_em_diagonal,py_irt,left_minus_right,100,-0.05210593883704423,0.00014181970733535278,0.0014181970733535278,-0.05217475859617837,-0.054440814954781584,-0.049086231380277935,-0.052383905463421525,-0.051827972210666935,1.0
2pl,100,10000,0.4,all_returned,holdout_logloss,transposed_em_correlated,torch_measure,left_minus_right,100,-0.002673867166084869,2.8852230483387835e-05,0.00028852230483387834,-0.002670400128085171,-0.0032704501450824958,-0.0021530669069235596,-0.002730417537832309,-0.002617316794337429,1.0
2pl,100,10000,0.4,all_returned,holdout_logloss,transposed_em_correlated,py_irt,left_minus_right,100,-0.05232803518905128,0.0001421615344244085,0.001421615344244085,-0.0523957772079679,-0.05464400592145999,-0.04932367716920696,-0.05260667179652312,-0.052049398581579434,1.0
2pl,100,10000,0.4,all_returned,holdout_logloss,torch_measure,py_irt,left_minus_right,100,-0.04965416802296641,0.0001504731643004337,0.0015047316430043369,-0.04977781963838196,-0.05227855127544841,-0.046422841241916465,-0.04994909542499526,-0.049359240620937564,1.0
2pl,100,10000,0.4,all_returned,holdout_brier,transposed_em_diagonal,transposed_em_correlated,left_minus_right,100,6.237345067704625e-05,1.935623682280743e-06,1.935623682280743e-05,6.111939101280384e-05,2.8210705121684693e-05,9.872510297758845e-05,5.8579628259776e-05,6.616727309431651e-05,0.0
2pl,100,10000,0.4,all_returned,holdout_brier,transposed_em_diagonal,torch_measure,left_minus_right,100,-0.0006337334345866385,7.917933967797946e-06,7.917933967797945e-05,-0.0006276716090796441,-0.00079569566258499,-0.0005059102500153137,-0.0006492525851635225,-0.0006182142840097546,1.0
2pl,100,10000,0.4,all_returned,holdout_brier,transposed_em_diagonal,py_irt,left_minus_right,100,-0.02124404274822605,6.978284861244422e-05,0.0006978284861244422,-0.021243914870247196,-0.022511241705845935,-0.019875275187538784,-0.021380817131506438,-0.02110726836494566,1.0
2pl,100,10000,0.4,all_returned,holdout_brier,transposed_em_correlated,torch_measure,left_minus_right,100,-0.0006961068852636848,8.330918929048252e-06,8.330918929048251e-05,-0.0006977853222853575,-0.0008738527661382889,-0.0005562779465772425,-0.0007124354863646193,-0.0006797782841627502,1.0
2pl,100,10000,0.4,all_returned,holdout_brier,transposed_em_correlated,py_irt,left_minus_right,100,-0.02130641619890309,6.98143344498573e-05,0.000698143344498573,-0.021306421538445294,-0.022557385042571855,-0.019923620429401875,-0.02144325229442481,-0.02116958010338137,1.0
2pl,100,10000,0.4,all_returned,holdout_brier,torch_measure,py_irt,left_minus_right,100,-0.020610309313639403,6.976158940624974e-05,0.0006976158940624975,-0.0206456839236783,-0.021919974032102052,-0.01923360154651951,-0.020747042028875652,-0.020473576598403154,1.0
2pl,100,10000,0.4,rule_converged,theta_rmse_identified_scale,transposed_em_diagonal,transposed_em_correlated,left_minus_right,100,0.023205539961043728,0.0001906820885114501,0.001906820885114501,0.02314907500595035,0.019169757626471728,0.02695057174627719,0.022831803067561284,0.023579276854526172,0.0
2pl,100,10000,0.4,rule_converged,theta_rmse_identified_scale,transposed_em_diagonal,torch_measure,left_minus_right,100,0.011542688058570637,0.0005261915294176414,0.005261915294176414,0.0118653771302044,-0.0008577750956386063,0.019160318287706965,0.01051135266091206,0.012574023456229214,0.03
2pl,100,10000,0.4,rule_converged,theta_rmse_identified_scale,transposed_em_diagonal,py_irt,left_minus_right,0,,,,,,,,,
2pl,100,10000,0.4,rule_converged,theta_rmse_identified_scale,transposed_em_correlated,torch_measure,left_minus_right,100,-0.011662851902473088,0.00047666460559321524,0.004766646055932152,-0.010727022508666396,-0.022291727496086763,-0.00487864637358271,-0.01259711452943579,-0.010728589275510386,1.0
2pl,100,10000,0.4,rule_converged,theta_rmse_identified_scale,transposed_em_correlated,py_irt,left_minus_right,0,,,,,,,,,
2pl,100,10000,0.4,rule_converged,theta_rmse_identified_scale,torch_measure,py_irt,left_minus_right,0,,,,,,,,,
2pl,100,10000,0.4,rule_converged,theta_bias_identified_scale,transposed_em_diagonal,transposed_em_correlated,left_minus_right,100,-0.027874644773049864,0.00017767088408547122,0.0017767088408547121,-0.027755239568972898,-0.03141111666996899,-0.024909247421133898,-0.02822287970585739,-0.02752640984024234,1.0
2pl,100,10000,0.4,rule_converged,theta_bias_identified_scale,transposed_em_diagonal,torch_measure,left_minus_right,0,,,,,,,,,
2pl,100,10000,0.4,rule_converged,theta_bias_identified_scale,transposed_em_diagonal,py_irt,left_minus_right,0,,,,,,,,,
2pl,100,10000,0.4,rule_converged,theta_bias_identified_scale,transposed_em_correlated,torch_measure,left_minus_right,0,,,,,,,,,
2pl,100,10000,0.4,rule_converged,theta_bias_identified_scale,transposed_em_correlated,py_irt,left_minus_right,0,,,,,,,,,
2pl,100,10000,0.4,rule_converged,theta_bias_identified_scale,torch_measure,py_irt,left_minus_right,0,,,,,,,,,
2pl,100,10000,0.4,rule_converged,theta_mae_identified_scale,transposed_em_diagonal,transposed_em_correlated,left_minus_right,100,0.02289349860542268,0.0002074873882591624,0.002074873882591624,0.022751725802805503,0.018811981659185333,0.02735071248593967,0.02248682332443472,0.023300173886410636,0.0
2pl,100,10000,0.4,rule_converged,theta_mae_identified_scale,transposed_em_diagonal,torch_measure,left_minus_right,0,,,,,,,,,
2pl,100,10000,0.4,rule_converged,theta_mae_identified_scale,transposed_em_diagonal,py_irt,left_minus_right,0,,,,,,,,,
2pl,100,10000,0.4,rule_converged,theta_mae_identified_scale,transposed_em_correlated,torch_measure,left_minus_right,0,,,,,,,,,
2pl,100,10000,0.4,rule_converged,theta_mae_identified_scale,transposed_em_correlated,py_irt,left_minus_right,0,,,,,,,,,
2pl,100,10000,0.4,rule_converged,theta_mae_identified_scale,torch_measure,py_irt,left_minus_right,0,,,,,,,,,
2pl,100,10000,0.4,rule_converged,holdout_logloss,transposed_em_diagonal,transposed_em_correlated,left_minus_right,100,0.0002220963520070618,6.261447815622332e-06,6.261447815622332e-05,0.00021481394379013752,0.0001099585589962565,0.000335658463212704,0.000209823914288442,0.00023436878972568157,0.0
2pl,100,10000,0.4,rule_converged,holdout_logloss,transposed_em_diagonal,torch_measure,left_minus_right,100,-0.002451770814077807,2.7640570922061444e-05,0.00027640570922061444,-0.0024456309979258295,-0.00303250849940056,-0.001994343410116617,-0.0025059463330850476,-0.0023975952950705667,1.0
2pl,100,10000,0.4,rule_converged,holdout_logloss,transposed_em_diagonal,py_irt,left_minus_right,0,,,,,,,,,
2pl,100,10000,0.4,rule_converged,holdout_logloss,transposed_em_correlated,torch_measure,left_minus_right,100,-0.002673867166084869,2.8852230483387835e-05,0.00028852230483387834,-0.002670400128085171,-0.0032704501450824958,-0.0021530669069235596,-0.002730417537832309,-0.002617316794337429,1.0
2pl,100,10000,0.4,rule_converged,holdout_logloss,transposed_em_correlated,py_irt,left_minus_right,0,,,,,,,,,
2pl,100,10000,0.4,rule_converged,holdout_logloss,torch_measure,py_irt,left_minus_right,0,,,,,,,,,
2pl,100,10000,0.4,rule_converged,holdout_brier,transposed_em_diagonal,transposed_em_correlated,left_minus_right,100,6.237345067704625e-05,1.935623682280743e-06,1.935623682280743e-05,6.111939101280384e-05,2.8210705121684693e-05,9.872510297758845e-05,5.8579628259776e-05,6.616727309431651e-05,0.0
2pl,100,10000,0.4,rule_converged,holdout_brier,transposed_em_diagonal,torch_measure,left_minus_right,100,-0.0006337334345866385,7.917933967797946e-06,7.917933967797945e-05,-0.0006276716090796441,-0.00079569566258499,-0.0005059102500153137,-0.0006492525851635225,-0.0006182142840097546,1.0
2pl,100,10000,0.4,rule_converged,holdout_brier,transposed_em_diagonal,py_irt,left_minus_right,0,,,,,,,,,
2pl,100,10000,0.4,rule_converged,holdout_brier,transposed_em_correlated,torch_measure,left_minus_right,100,-0.0006961068852636848,8.330918929048252e-06,8.330918929048251e-05,-0.0006977853222853575,-0.0008738527661382889,-0.0005562779465772425,-0.0007124354863646193,-0.0006797782841627502,1.0
2pl,100,10000,0.4,rule_converged,holdout_brier,transposed_em_correlated,py_irt,left_minus_right,0,,,,,,,,,
2pl,100,10000,0.4,rule_converged,holdout_brier,torch_measure,py_irt,left_minus_right,0,,,,,,,,,
