model,n_subjects,n_items,item_correlation,framework,parameter,role,target,cohort,generated,n_bias,n_rmse,n_mae,bias,bias_mcse,mae,mae_mcse,mse,mse_mcse,rmse,rmse_mcse,sd_replicate_mean_error,mean_estimate,estimate_sd,mean_truth,error_median,error_q025,error_q975
1pl,20,1000,0.0,transposed_em_diagonal,mean_b,identification_constraint,generating_population,all_returned,100,100,100,100,0.0,0.0,0.0,0.0,0.0,0.0,0.0,0.0,0.0,0.0,0.0,0.0,0.0,0.0,0.0
1pl,20,1000,0.0,transposed_em_diagonal,mean_b,identification_constraint,generating_population,rule_converged,100,100,100,100,0.0,0.0,0.0,0.0,0.0,0.0,0.0,0.0,0.0,0.0,0.0,0.0,0.0,0.0,0.0
1pl,20,1000,0.0,transposed_em_diagonal,sd_b,estimated,generating_population,all_returned,100,100,100,100,-0.034036611978410326,0.0029321695993325186,0.037008194582429176,0.0025426636913500125,0.002009655192334598,0.00023408188784962693,0.04482917791276791,0.002610820661323766,0.029321695993325184,0.7659633880215897,0.02932169599332518,0.7999999999999998,-0.02995149556611698,-0.08984092524238689,0.02005649101059667
1pl,20,1000,0.0,transposed_em_diagonal,sd_b,estimated,generating_population,rule_converged,100,100,100,100,-0.034036611978410326,0.0029321695993325186,0.037008194582429176,0.0025426636913500125,0.002009655192334598,0.00023408188784962693,0.04482917791276791,0.002610820661323766,0.029321695993325184,0.7659633880215897,0.02932169599332518,0.7999999999999998,-0.02995149556611698,-0.08984092524238689,0.02005649101059667
1pl,20,1000,0.0,transposed_em_diagonal,sd_b,estimated,realized_item_pool,all_returned,100,100,100,100,-0.03214053756854409,0.002091450916377251,0.032599579153314885,0.002018410517873715,0.0014660566818209028,0.00016248955077489356,0.038289119627133016,0.0021218762974605943,0.020914509163772507,0.7659633880215897,0.02932169599332518,0.7981039255901338,-0.028370099993245135,-0.07499803692267171,0.002757908706089775
1pl,20,1000,0.0,transposed_em_diagonal,sd_b,estimated,realized_item_pool,rule_converged,100,100,100,100,-0.03214053756854409,0.002091450916377251,0.032599579153314885,0.002018410517873715,0.0014660566818209028,0.00016248955077489356,0.038289119627133016,0.0021218762974605943,0.020914509163772507,0.7659633880215897,0.02932169599332518,0.7981039255901338,-0.028370099993245135,-0.07499803692267171,0.002757908706089775
1pl,20,1000,0.0,transposed_em_diagonal,variance_b,derived,generating_population,all_returned,100,100,100,100,-0.052448923973121876,0.004483696218826508,0.05727355705586876,0.0038413998587368678,0.004741139272427511,0.0005367194890132916,0.06885593127993776,0.003897409264796867,0.04483696218826508,0.5875510760268782,0.04483696218826508,0.6399999999999999,-0.04702395485265304,-0.1356713843509147,0.03249266546542433
1pl,20,1000,0.0,transposed_em_diagonal,variance_b,derived,generating_population,rule_converged,100,100,100,100,-0.052448923973121876,0.004483696218826508,0.05727355705586876,0.0038413998587368678,0.004741139272427511,0.0005367194890132916,0.06885593127993776,0.003897409264796867,0.04483696218826508,0.5875510760268782,0.04483696218826508,0.6399999999999999,-0.04702395485265304,-0.1356713843509147,0.03249266546542433
1pl,20,1000,0.0,transposed_em_diagonal,variance_b,derived,realized_item_pool,all_returned,100,100,100,100,-0.04972122532527315,0.0031700763793288665,0.050465484930942016,0.003048967567201062,0.0034670892886736874,0.00037578475006022513,0.05888199460508864,0.0031909988153471067,0.031700763793288664,0.5875510760268782,0.04483696218826508,0.6372723013521513,-0.044901512359719786,-0.11624967716271506,0.004500029757107771
1pl,20,1000,0.0,transposed_em_diagonal,variance_b,derived,realized_item_pool,rule_converged,100,100,100,100,-0.04972122532527315,0.0031700763793288665,0.050465484930942016,0.003048967567201062,0.0034670892886736874,0.00037578475006022513,0.05888199460508864,0.0031909988153471067,0.031700763793288664,0.5875510760268782,0.04483696218826508,0.6372723013521513,-0.044901512359719786,-0.11624967716271506,0.004500029757107771
1pl,20,10000,0.0,transposed_em_diagonal,mean_b,identification_constraint,generating_population,all_returned,100,100,100,100,0.0,0.0,0.0,0.0,0.0,0.0,0.0,0.0,0.0,0.0,0.0,0.0,0.0,0.0,0.0
1pl,20,10000,0.0,transposed_em_diagonal,mean_b,identification_constraint,generating_population,rule_converged,100,100,100,100,0.0,0.0,0.0,0.0,0.0,0.0,0.0,0.0,0.0,0.0,0.0,0.0,0.0,0.0,0.0
1pl,20,10000,0.0,transposed_em_diagonal,sd_b,estimated,generating_population,all_returned,100,100,100,100,-0.035622004496053225,0.0009303000603146002,0.035622004496053225,0.0009303000603146002,0.0013546075663367493,6.641073450114901e-05,0.03680499376900843,0.000902197333844817,0.009303000603146002,0.7643779955039467,0.009303000603146002,0.7999999999999998,-0.03645119295361526,-0.05215882731307047,-0.018862177431607844
1pl,20,10000,0.0,transposed_em_diagonal,sd_b,estimated,generating_population,rule_converged,100,100,100,100,-0.035622004496053225,0.0009303000603146002,0.035622004496053225,0.0009303000603146002,0.0013546075663367493,6.641073450114901e-05,0.03680499376900843,0.000902197333844817,0.009303000603146002,0.7643779955039467,0.009303000603146002,0.7999999999999998,-0.03645119295361526,-0.05215882731307047,-0.018862177431607844
1pl,20,10000,0.0,transposed_em_diagonal,sd_b,estimated,realized_item_pool,all_returned,100,100,100,100,-0.035138340153985384,0.0007606500026005867,0.035138340153985384,0.0007606500026005867,0.0012919832029963533,5.245918895154481e-05,0.03594416785789251,0.000729731582032243,0.007606500026005867,0.7643779955039467,0.009303000603146002,0.7995163356579323,-0.03571122891291989,-0.048531824897941764,-0.019975745710675293
1pl,20,10000,0.0,transposed_em_diagonal,sd_b,estimated,realized_item_pool,rule_converged,100,100,100,100,-0.035138340153985384,0.0007606500026005867,0.035138340153985384,0.0007606500026005867,0.0012919832029963533,5.245918895154481e-05,0.03594416785789251,0.000729731582032243,0.007606500026005867,0.7643779955039467,0.009303000603146002,0.7995163356579323,-0.03571122891291989,-0.048531824897941764,-0.019975745710675293
1pl,20,10000,0.0,transposed_em_diagonal,variance_b,derived,generating_population,all_returned,100,100,100,100,-0.05564059962734835,0.001423139865089718,0.05564059962734835,0.001423139865089718,0.0032963837073760292,0.00015799357914555274,0.057414142050334856,0.0013759116961726966,0.014231398650897181,0.5843594003726517,0.014231398650897181,0.6399999999999999,-0.05699318333182413,-0.08073347512302514,-0.02982369420401573
1pl,20,10000,0.0,transposed_em_diagonal,variance_b,derived,generating_population,rule_converged,100,100,100,100,-0.05564059962734835,0.001423139865089718,0.05564059962734835,0.001423139865089718,0.0032963837073760292,0.00015799357914555274,0.057414142050334856,0.0013759116961726966,0.014231398650897181,0.5843594003726517,0.014231398650897181,0.6399999999999999,-0.05699318333182413,-0.08073347512302514,-0.02982369420401573
1pl,20,10000,0.0,transposed_em_diagonal,variance_b,derived,realized_item_pool,all_returned,100,100,100,100,-0.054893592151019494,0.0011641282801967648,0.054893592151019494,0.0011641282801967648,0.0031474707298651023,0.00012516586761187736,0.05610232374746257,0.0011155141111025588,0.011641282801967648,0.5843594003726517,0.014231398650897181,0.6392529925236712,-0.05578618142582925,-0.07516319804305954,-0.03144079941920873
1pl,20,10000,0.0,transposed_em_diagonal,variance_b,derived,realized_item_pool,rule_converged,100,100,100,100,-0.054893592151019494,0.0011641282801967648,0.054893592151019494,0.0011641282801967648,0.0031474707298651023,0.00012516586761187736,0.05610232374746257,0.0011155141111025588,0.011641282801967648,0.5843594003726517,0.014231398650897181,0.6392529925236712,-0.05578618142582925,-0.07516319804305954,-0.03144079941920873
1pl,100,1000,0.0,transposed_em_diagonal,mean_b,identification_constraint,generating_population,all_returned,100,100,100,100,0.0,0.0,0.0,0.0,0.0,0.0,0.0,0.0,0.0,0.0,0.0,0.0,0.0,0.0,0.0
1pl,100,1000,0.0,transposed_em_diagonal,mean_b,identification_constraint,generating_population,rule_converged,100,100,100,100,0.0,0.0,0.0,0.0,0.0,0.0,0.0,0.0,0.0,0.0,0.0,0.0,0.0,0.0,0.0
1pl,100,1000,0.0,transposed_em_diagonal,sd_b,estimated,generating_population,all_returned,100,100,100,100,-0.00992918262953267,0.002036328657338555,0.01778988621799804,0.0013948875690923302,0.0005091054733597394,7.600979040453392e-05,0.022563365736515007,0.0016843628581866418,0.020363286573385552,0.7900708173704671,0.020363286573385552,0.7999999999999998,-0.009700353862808542,-0.05367888343878852,0.023871293051506953
1pl,100,1000,0.0,transposed_em_diagonal,sd_b,estimated,generating_population,rule_converged,100,100,100,100,-0.00992918262953267,0.002036328657338555,0.01778988621799804,0.0013948875690923302,0.0005091054733597394,7.600979040453392e-05,0.022563365736515007,0.0016843628581866418,0.020363286573385552,0.7900708173704671,0.020363286573385552,0.7999999999999998,-0.009700353862808542,-0.05367888343878852,0.023871293051506953
1pl,100,1000,0.0,transposed_em_diagonal,sd_b,estimated,realized_item_pool,all_returned,100,100,100,100,-0.00814271068284244,0.0008826632267885662,0.009922385542474049,0.0006740526103581574,0.00014343408008503196,1.6949277525825247e-05,0.011976396790564012,0.0007076117225499442,0.008826632267885662,0.7900708173704671,0.020363286573385552,0.7982135280533099,-0.008469105670941501,-0.024677001257091005,0.006856482631945248
1pl,100,1000,0.0,transposed_em_diagonal,sd_b,estimated,realized_item_pool,rule_converged,100,100,100,100,-0.00814271068284244,0.0008826632267885662,0.009922385542474049,0.0006740526103581574,0.00014343408008503196,1.6949277525825247e-05,0.011976396790564012,0.0007076117225499442,0.008826632267885662,0.7900708173704671,0.020363286573385552,0.7982135280533099,-0.008469105670941501,-0.024677001257091005,0.006856482631945248
1pl,100,1000,0.0,transposed_em_diagonal,variance_b,derived,generating_population,all_returned,100,100,100,100,-0.015377586733892487,0.003212545343066313,0.02812142954037433,0.002172787821732405,0.0012581944843028344,0.0001828154258708044,0.03547103726003561,0.002576967576823279,0.03212545343066313,0.6246224132661076,0.03212545343066312,0.6399999999999999,-0.015426466911114989,-0.08298826410567825,0.038765739114577744
1pl,100,1000,0.0,transposed_em_diagonal,variance_b,derived,generating_population,rule_converged,100,100,100,100,-0.015377586733892487,0.003212545343066313,0.02812142954037433,0.002172787821732405,0.0012581944843028344,0.0001828154258708044,0.03547103726003561,0.002576967576823279,0.03212545343066313,0.6246224132661076,0.03212545343066312,0.6399999999999999,-0.015426466911114989,-0.08298826410567825,0.038765739114577744
1pl,100,1000,0.0,transposed_em_diagonal,variance_b,derived,realized_item_pool,all_returned,100,100,100,100,-0.012843819548263111,0.001397001822944935,0.015712422371218213,0.0010602709728674462,0.00035817349582618126,4.193988437968601e-05,0.018925472142754623,0.0011080274262996964,0.01397001822944935,0.6246224132661076,0.03212545343066312,0.6374662328143706,-0.013337555651756094,-0.03907571967768542,0.011096365005661385
1pl,100,1000,0.0,transposed_em_diagonal,variance_b,derived,realized_item_pool,rule_converged,100,100,100,100,-0.012843819548263111,0.001397001822944935,0.015712422371218213,0.0010602709728674462,0.00035817349582618126,4.193988437968601e-05,0.018925472142754623,0.0011080274262996964,0.01397001822944935,0.6246224132661076,0.03212545343066312,0.6374662328143706,-0.013337555651756094,-0.03907571967768542,0.011096365005661385
1pl,100,10000,0.0,transposed_em_diagonal,mean_b,identification_constraint,generating_population,all_returned,100,100,100,100,0.0,0.0,0.0,0.0,0.0,0.0,0.0,0.0,0.0,0.0,0.0,0.0,0.0,0.0,0.0
1pl,100,10000,0.0,transposed_em_diagonal,mean_b,identification_constraint,generating_population,rule_converged,100,100,100,100,0.0,0.0,0.0,0.0,0.0,0.0,0.0,0.0,0.0,0.0,0.0,0.0,0.0,0.0,0.0
1pl,100,10000,0.0,transposed_em_diagonal,sd_b,estimated,generating_population,all_returned,100,100,100,100,-0.008863351810154843,0.0006650703047627188,0.009511053125734345,0.0005675430501846299,0.0001223485378280155,1.3497981036229422e-05,0.011061127330792984,0.0006101539487142735,0.006650703047627188,0.7911366481898452,0.006650703047627188,0.7999999999999998,-0.00809661394599498,-0.021082209898806683,0.004351254904678755
1pl,100,10000,0.0,transposed_em_diagonal,sd_b,estimated,generating_population,rule_converged,100,100,100,100,-0.008863351810154843,0.0006650703047627188,0.009511053125734345,0.0005675430501846299,0.0001223485378280155,1.3497981036229422e-05,0.011061127330792984,0.0006101539487142735,0.006650703047627188,0.7911366481898452,0.006650703047627188,0.7999999999999998,-0.00809661394599498,-0.021082209898806683,0.004351254904678755
1pl,100,10000,0.0,transposed_em_diagonal,sd_b,estimated,realized_item_pool,all_returned,100,100,100,100,-0.007911561582951076,0.00028681952691412844,0.007911561582951076,0.00028681952691412844,7.073708534173251e-05,4.489666069673992e-06,0.008410534188845112,0.00026690730748283703,0.0028681952691412844,0.7911366481898452,0.006650703047627188,0.7990482097727962,-0.00823724982151719,-0.013183662497786885,-0.0024625749743222274
1pl,100,10000,0.0,transposed_em_diagonal,sd_b,estimated,realized_item_pool,rule_converged,100,100,100,100,-0.007911561582951076,0.00028681952691412844,0.007911561582951076,0.00028681952691412844,7.073708534173251e-05,4.489666069673992e-06,0.008410534188845112,0.00026690730748283703,0.0028681952691412844,0.7911366481898452,0.006650703047627188,0.7990482097727962,-0.00823724982151719,-0.013183662497786885,-0.0024625749743222274
1pl,100,10000,0.0,transposed_em_diagonal,variance_b,derived,generating_population,all_returned,100,100,100,100,-0.01405901435841968,0.001052268442879673,0.015098535918356392,0.0008950465061249031,0.0003072755034424113,3.358966986994207e-05,0.017529275610886245,0.00095810205212022,0.010522684428796728,0.6259409856415803,0.010522684428796728,0.6399999999999999,-0.012889027156181398,-0.033286951826799575,0.006981070597305365
1pl,100,10000,0.0,transposed_em_diagonal,variance_b,derived,generating_population,rule_converged,100,100,100,100,-0.01405901435841968,0.001052268442879673,0.015098535918356392,0.0008950465061249031,0.0003072755034424113,3.358966986994207e-05,0.017529275610886245,0.00095810205212022,0.010522684428796728,0.6259409856415803,0.010522684428796728,0.6399999999999999,-0.012889027156181398,-0.033286951826799575,0.006981070597305365
1pl,100,10000,0.0,transposed_em_diagonal,variance_b,derived,realized_item_pool,all_returned,100,100,100,100,-0.012572612151634877,0.0004540651323850037,0.012572612151634877,0.0004540651323850037,0.00017848191561577016,1.1276240494237075e-05,0.013359712407674432,0.00042202407320383206,0.004540651323850037,0.6259409856415803,0.010522684428796728,0.6385135977932151,-0.013082976729471063,-0.0208563279092256,-0.0039019285314328203
1pl,100,10000,0.0,transposed_em_diagonal,variance_b,derived,realized_item_pool,rule_converged,100,100,100,100,-0.012572612151634877,0.0004540651323850037,0.012572612151634877,0.0004540651323850037,0.00017848191561577016,1.1276240494237075e-05,0.013359712407674432,0.00042202407320383206,0.004540651323850037,0.6259409856415803,0.010522684428796728,0.6385135977932151,-0.013082976729471063,-0.0208563279092256,-0.0039019285314328203
2pl,20,1000,-0.4,transposed_em_correlated,corr_b_log_a,estimated,generating_population,all_returned,100,100,100,100,0.19810535839354526,0.009651338158844645,0.19810535839354526,0.009651338158844645,0.04846741752161573,0.004723147313733054,0.22015316832063928,0.010726957394621926,0.09651338158844645,-0.2018946416064547,0.09651338158844644,-0.3999999999999999,0.183756760814537,0.04424509801954269,0.4554911507074947
2pl,20,1000,-0.4,transposed_em_correlated,corr_b_log_a,estimated,generating_population,rule_converged,100,100,100,100,0.19810535839354526,0.009651338158844645,0.19810535839354526,0.009651338158844645,0.04846741752161573,0.004723147313733054,0.22015316832063928,0.010726957394621926,0.09651338158844645,-0.2018946416064547,0.09651338158844644,-0.3999999999999999,0.183756760814537,0.04424509801954269,0.4554911507074947
2pl,20,1000,-0.4,transposed_em_correlated,corr_b_log_a,estimated,realized_item_pool,all_returned,100,100,100,100,0.1966667306300554,0.010086749676474488,0.19668712300559515,0.010082732496522471,0.04875031232126472,0.00482718228354095,0.22079472892545401,0.010931380262186265,0.10086749676474488,-0.2018946416064547,0.09651338158844644,-0.3985613722365101,0.17914513078015204,0.04275794075481178,0.43633176890209163
2pl,20,1000,-0.4,transposed_em_correlated,corr_b_log_a,estimated,realized_item_pool,rule_converged,100,100,100,100,0.1966667306300554,0.010086749676474488,0.19668712300559515,0.010082732496522471,0.04875031232126472,0.00482718228354095,0.22079472892545401,0.010931380262186265,0.10086749676474488,-0.2018946416064547,0.09651338158844644,-0.3985613722365101,0.17914513078015204,0.04275794075481178,0.43633176890209163
2pl,20,1000,-0.4,transposed_em_correlated,cov_b_log_a,derived,generating_population,all_returned,100,100,100,100,0.053087184996602074,0.0029039152238756706,0.053087184996602074,0.0029039152238756706,0.003653088849981684,0.00040101260979875946,0.06044078796625408,0.003317400577426761,0.029039152238756704,-0.058912815003397935,0.0290391522387567,-0.11200000000000003,0.05089640305176032,0.006897498702445674,0.13417163931477238
2pl,20,1000,-0.4,transposed_em_correlated,cov_b_log_a,derived,generating_population,rule_converged,100,100,100,100,0.053087184996602074,0.0029039152238756706,0.053087184996602074,0.0029039152238756706,0.003653088849981684,0.00040101260979875946,0.06044078796625408,0.003317400577426761,0.029039152238756704,-0.058912815003397935,0.0290391522387567,-0.11200000000000003,0.05089640305176032,0.006897498702445674,0.13417163931477238
2pl,20,1000,-0.4,transposed_em_correlated,cov_b_log_a,derived,realized_item_pool,all_returned,100,100,100,100,0.05269946643823196,0.003075356105481075,0.05289674941343591,0.0030409517495116794,0.0037135574652507877,0.00040941370382190036,0.060938965081881624,0.003359211165399552,0.03075356105481075,-0.058912815003397935,0.0290391522387567,-0.11161228144162987,0.0476290942487992,0.0025538949801044114,0.1266781105258753
2pl,20,1000,-0.4,transposed_em_correlated,cov_b_log_a,derived,realized_item_pool,rule_converged,100,100,100,100,0.05269946643823196,0.003075356105481075,0.05289674941343591,0.0030409517495116794,0.0037135574652507877,0.00040941370382190036,0.060938965081881624,0.003359211165399552,0.03075356105481075,-0.058912815003397935,0.0290391522387567,-0.11161228144162987,0.0476290942487992,0.0025538949801044114,0.1266781105258753
2pl,20,1000,-0.4,transposed_em_correlated,mean_b,identification_constraint,generating_population,all_returned,100,100,100,100,0.0,0.0,0.0,0.0,0.0,0.0,0.0,0.0,0.0,0.0,0.0,0.0,0.0,0.0,0.0
2pl,20,1000,-0.4,transposed_em_correlated,mean_b,identification_constraint,generating_population,rule_converged,100,100,100,100,0.0,0.0,0.0,0.0,0.0,0.0,0.0,0.0,0.0,0.0,0.0,0.0,0.0,0.0,0.0
2pl,20,1000,-0.4,transposed_em_correlated,mean_log_a,identification_constraint,generating_population,all_returned,100,100,100,100,-2.3470808629966207e-18,4.8241234428757034e-18,3.88592630296003e-17,2.8416295609271615e-18,2.3094533207956346e-33,3.370451192594938e-34,4.805677185158856e-17,3.506739074155607e-18,4.824123442875703e-17,-2.3470808629966207e-18,4.824123442875703e-17,0.0,5.731526364627371e-18,-1.0239378789300702e-16,8.277267760092855e-17
2pl,20,1000,-0.4,transposed_em_correlated,mean_log_a,identification_constraint,generating_population,rule_converged,100,100,100,100,-2.3470808629966207e-18,4.8241234428757034e-18,3.88592630296003e-17,2.8416295609271615e-18,2.3094533207956346e-33,3.370451192594938e-34,4.805677185158856e-17,3.506739074155607e-18,4.824123442875703e-17,-2.3470808629966207e-18,4.824123442875703e-17,0.0,5.731526364627371e-18,-1.0239378789300702e-16,8.277267760092855e-17
2pl,20,1000,-0.4,transposed_em_correlated,sd_b,estimated,generating_population,all_returned,100,100,100,100,0.060277954483110685,0.0027729052098584344,0.060947608810935715,0.0026208798427828873,0.004394643123651109,0.00034027212024871135,0.06629210453478686,0.0025664603849629873,0.027729052098584343,0.8602779544831107,0.027729052098584343,0.7999999999999998,0.06119556821494493,0.010656294621799825,0.11461800187609389
2pl,20,1000,-0.4,transposed_em_correlated,sd_b,estimated,generating_population,rule_converged,100,100,100,100,0.060277954483110685,0.0027729052098584344,0.060947608810935715,0.0026208798427828873,0.004394643123651109,0.00034027212024871135,0.06629210453478686,0.0025664603849629873,0.027729052098584343,0.8602779544831107,0.027729052098584343,0.7999999999999998,0.06119556821494493,0.010656294621799825,0.11461800187609389
2pl,20,1000,-0.4,transposed_em_correlated,sd_b,estimated,realized_item_pool,all_returned,100,100,100,100,0.059742623957389024,0.0023670429725269476,0.059908095432822585,0.0023244149255610925,0.004123867468259126,0.0002982840374513633,0.0642173455404311,0.002322456922978577,0.023670429725269476,0.8602779544831107,0.027729052098584343,0.8005353305257217,0.05922429003838792,0.013591200247703309,0.10232995954729474
2pl,20,1000,-0.4,transposed_em_correlated,sd_b,estimated,realized_item_pool,rule_converged,100,100,100,100,0.059742623957389024,0.0023670429725269476,0.059908095432822585,0.0023244149255610925,0.004123867468259126,0.0002982840374513633,0.0642173455404311,0.002322456922978577,0.023670429725269476,0.8602779544831107,0.027729052098584343,0.8005353305257217,0.05922429003838792,0.013591200247703309,0.10232995954729474
2pl,20,1000,-0.4,transposed_em_correlated,sd_log_a,estimated,generating_population,all_returned,100,100,100,100,-0.0033583982557976295,0.0033119435585941387,0.026169574181817142,0.002040895697063459,0.001097206882240552,0.00018850468593387625,0.03312411330497093,0.0028454299168453124,0.03311943558594139,0.34664160174420233,0.03311943558594139,0.3500000000000001,-0.007382992110946673,-0.057955937856869436,0.06797974924863355
2pl,20,1000,-0.4,transposed_em_correlated,sd_log_a,estimated,generating_population,rule_converged,100,100,100,100,-0.0033583982557976295,0.0033119435585941387,0.026169574181817142,0.002040895697063459,0.001097206882240552,0.00018850468593387625,0.03312411330497093,0.0028454299168453124,0.03311943558594139,0.34664160174420233,0.03311943558594139,0.3500000000000001,-0.007382992110946673,-0.057955937856869436,0.06797974924863355
2pl,20,1000,-0.4,transposed_em_correlated,sd_log_a,estimated,realized_item_pool,all_returned,100,100,100,100,-0.0028143123635510237,0.0031830282041103884,0.024652952468544535,0.0020180685709069975,0.001010955540347695,0.00017806804710311202,0.03179552704937748,0.0028002059350451685,0.031830282041103886,0.34664160174420233,0.03311943558594139,0.34945591410775345,-0.006016851960594843,-0.056112849173515965,0.06705463176588901
2pl,20,1000,-0.4,transposed_em_correlated,sd_log_a,estimated,realized_item_pool,rule_converged,100,100,100,100,-0.0028143123635510237,0.0031830282041103884,0.024652952468544535,0.0020180685709069975,0.001010955540347695,0.00017806804710311202,0.03179552704937748,0.0028002059350451685,0.031830282041103886,0.34664160174420233,0.03311943558594139,0.34945591410775345,-0.006016851960594843,-0.056112849173515965,0.06705463176588901
2pl,20,1000,-0.4,transposed_em_correlated,variance_b,derived,generating_population,all_returned,100,100,100,100,0.10083937029662826,0.00475712534482819,0.10188839537520958,0.004525714858182437,0.01240897251491478,0.001000006491717617,0.11139556775255818,0.004488538062568706,0.047571253448281905,0.7408393702966284,0.047571253448281905,0.6399999999999999,0.1016581090735395,0.017163948018197116,0.19652783464569995
2pl,20,1000,-0.4,transposed_em_correlated,variance_b,derived,generating_population,rule_converged,100,100,100,100,0.10083937029662826,0.00475712534482819,0.10188839537520958,0.004525714858182437,0.01240897251491478,0.001000006491717617,0.11139556775255818,0.004488538062568706,0.047571253448281905,0.7408393702966284,0.047571253448281905,0.6399999999999999,0.1016581090735395,0.017163948018197116,0.19652783464569995
2pl,20,1000,-0.4,transposed_em_correlated,variance_b,derived,realized_item_pool,all_returned,100,100,100,100,0.09963323560833716,0.00402687466965781,0.09988827814052438,0.003962538938171108,0.011532137878694462,0.0008534116914598324,0.10738779203752381,0.003973504228309445,0.0402687466965781,0.7408393702966284,0.047571253448281905,0.6412061346882912,0.09783204564509135,0.022377707509883542,0.17437024710681154
2pl,20,1000,-0.4,transposed_em_correlated,variance_b,derived,realized_item_pool,rule_converged,100,100,100,100,0.09963323560833716,0.00402687466965781,0.09988827814052438,0.003962538938171108,0.011532137878694462,0.0008534116914598324,0.10738779203752381,0.003973504228309445,0.0402687466965781,0.7408393702966284,0.047571253448281905,0.6412061346882912,0.09783204564509135,0.022377707509883542,0.17437024710681154
2pl,20,1000,-0.4,transposed_em_correlated,variance_log_a,derived,generating_population,all_returned,100,100,100,100,-0.0012536718968178234,0.00238096151812258,0.018337475007695808,0.0015126987752988727,0.0005628004905521485,0.0001147079524249938,0.023723416502522323,0.0024176103052610024,0.0238096151812258,0.12124632810318219,0.0238096151812258,0.12250000000000005,-0.005113583132174596,-0.03721026137743747,0.05221101863302741
2pl,20,1000,-0.4,transposed_em_correlated,variance_log_a,derived,generating_population,rule_converged,100,100,100,100,-0.0012536718968178234,0.00238096151812258,0.018337475007695808,0.0015126987752988727,0.0005628004905521485,0.0001147079524249938,0.023723416502522323,0.0024176103052610024,0.0238096151812258,0.12124632810318219,0.0238096151812258,0.12250000000000005,-0.005113583132174596,-0.03721026137743747,0.05221101863302741
2pl,20,1000,-0.4,transposed_em_correlated,variance_log_a,derived,realized_item_pool,all_returned,100,100,100,100,-0.0009206120977560966,0.0022925008842825593,0.017279190626945752,0.0014994193086476705,0.0005211479967737302,0.00010892559506496069,0.022828666119020843,0.0023857196582809516,0.022925008842825594,0.12124632810318219,0.0238096151812258,0.12216694020093825,-0.00424921885103155,-0.036516080257325494,0.05108498176389731
2pl,20,1000,-0.4,transposed_em_correlated,variance_log_a,derived,realized_item_pool,rule_converged,100,100,100,100,-0.0009206120977560966,0.0022925008842825593,0.017279190626945752,0.0014994193086476705,0.0005211479967737302,0.00010892559506496069,0.022828666119020843,0.0023857196582809516,0.022925008842825594,0.12124632810318219,0.0238096151812258,0.12216694020093825,-0.00424921885103155,-0.036516080257325494,0.05108498176389731
2pl,20,1000,-0.4,transposed_em_diagonal,corr_b_log_a,fixed_restriction,generating_population,all_returned,100,100,100,100,0.3999999999999999,1.1158161231197418e-17,0.3999999999999999,1.1158161231197418e-17,0.16000000000000006,2.7895403077993544e-18,0.4000000000000001,3.486925384749192e-18,1.1158161231197418e-16,0.0,0.0,-0.3999999999999999,0.4,0.4,0.4
2pl,20,1000,-0.4,transposed_em_diagonal,corr_b_log_a,fixed_restriction,generating_population,rule_converged,100,100,100,100,0.3999999999999999,1.1158161231197418e-17,0.3999999999999999,1.1158161231197418e-17,0.16000000000000006,2.7895403077993544e-18,0.4000000000000001,3.486925384749192e-18,1.1158161231197418e-16,0.0,0.0,-0.3999999999999999,0.4,0.4,0.4
2pl,20,1000,-0.4,transposed_em_diagonal,corr_b_log_a,fixed_restriction,realized_item_pool,all_returned,100,100,100,100,0.3985613722365101,0.0025897647228139337,0.3985613722365101,0.0025897647228139337,0.1595151486896836,0.0020423348701671794,0.39939347602293607,0.0025567954821198603,0.025897647228139337,0.0,0.0,-0.3985613722365101,0.3988678777155571,0.34611036606256973,0.440534070725868
2pl,20,1000,-0.4,transposed_em_diagonal,corr_b_log_a,fixed_restriction,realized_item_pool,rule_converged,100,100,100,100,0.3985613722365101,0.0025897647228139337,0.3985613722365101,0.0025897647228139337,0.1595151486896836,0.0020423348701671794,0.39939347602293607,0.0025567954821198603,0.025897647228139337,0.0,0.0,-0.3985613722365101,0.3988678777155571,0.34611036606256973,0.440534070725868
2pl,20,1000,-0.4,transposed_em_diagonal,cov_b_log_a,fixed_restriction,generating_population,all_returned,100,100,100,100,0.11200000000000003,1.3947701538996772e-18,0.11200000000000003,1.3947701538996772e-18,0.012544000000000007,3.486925384749193e-19,0.11200000000000003,1.5566631181916035e-18,1.3947701538996772e-17,0.0,0.0,-0.11200000000000003,0.11200000000000002,0.11200000000000002,0.11200000000000002
2pl,20,1000,-0.4,transposed_em_diagonal,cov_b_log_a,fixed_restriction,generating_population,rule_converged,100,100,100,100,0.11200000000000003,1.3947701538996772e-18,0.11200000000000003,1.3947701538996772e-18,0.012544000000000007,3.486925384749193e-19,0.11200000000000003,1.5566631181916035e-18,1.3947701538996772e-17,0.0,0.0,-0.11200000000000003,0.11200000000000002,0.11200000000000002,0.11200000000000002
2pl,20,1000,-0.4,transposed_em_diagonal,cov_b_log_a,fixed_restriction,realized_item_pool,all_returned,100,100,100,100,0.11161228144162991,0.0009424758245313133,0.11161228144162991,0.0009424758245313133,0.01254523917590838,0.00020781348105484198,0.11200553189868963,0.0009276929341436984,0.009424758245313133,0.0,0.0,-0.11161228144162991,0.111109954503693,0.09237347633129116,0.12654607416885674
2pl,20,1000,-0.4,transposed_em_diagonal,cov_b_log_a,fixed_restriction,realized_item_pool,rule_converged,100,100,100,100,0.11161228144162991,0.0009424758245313133,0.11161228144162991,0.0009424758245313133,0.01254523917590838,0.00020781348105484198,0.11200553189868963,0.0009276929341436984,0.009424758245313133,0.0,0.0,-0.11161228144162991,0.111109954503693,0.09237347633129116,0.12654607416885674
2pl,20,1000,-0.4,transposed_em_diagonal,mean_b,identification_constraint,generating_population,all_returned,100,100,100,100,0.0,0.0,0.0,0.0,0.0,0.0,0.0,0.0,0.0,0.0,0.0,0.0,0.0,0.0,0.0
2pl,20,1000,-0.4,transposed_em_diagonal,mean_b,identification_constraint,generating_population,rule_converged,100,100,100,100,0.0,0.0,0.0,0.0,0.0,0.0,0.0,0.0,0.0,0.0,0.0,0.0,0.0,0.0,0.0
2pl,20,1000,-0.4,transposed_em_diagonal,mean_log_a,identification_constraint,generating_population,all_returned,100,100,100,100,4.405364961712622e-18,4.12890948161676e-18,3.22875060021488e-17,2.5910990878802725e-18,1.707148697676979e-33,2.636309397466225e-34,4.131765600414645e-17,3.1902939958666305e-18,4.12890948161676e-17,4.405364961712622e-18,4.12890948161676e-17,0.0,1.0005885009434225e-17,-8.593403766354868e-17,8.583203592316119e-17
2pl,20,1000,-0.4,transposed_em_diagonal,mean_log_a,identification_constraint,generating_population,rule_converged,100,100,100,100,4.405364961712622e-18,4.12890948161676e-18,3.22875060021488e-17,2.5910990878802725e-18,1.707148697676979e-33,2.636309397466225e-34,4.131765600414645e-17,3.1902939958666305e-18,4.12890948161676e-17,4.405364961712622e-18,4.12890948161676e-17,0.0,1.0005885009434225e-17,-8.593403766354868e-17,8.583203592316119e-17
2pl,20,1000,-0.4,transposed_em_diagonal,sd_b,estimated,generating_population,all_returned,100,100,100,100,0.05946142120343888,0.0030798419469619835,0.0605828028784501,0.0028505569583943974,0.004474717826941163,0.000363566776241721,0.06689333170758624,0.002717511349494419,0.030798419469619833,0.8594614212034389,0.030798419469619833,0.7999999999999998,0.058956258764582437,0.004877669135858751,0.1174708453549543
2pl,20,1000,-0.4,transposed_em_diagonal,sd_b,estimated,generating_population,rule_converged,100,100,100,100,0.05946142120343888,0.0030798419469619835,0.0605828028784501,0.0028505569583943974,0.004474717826941163,0.000363566776241721,0.06689333170758624,0.002717511349494419,0.030798419469619833,0.8594614212034389,0.030798419469619833,0.7999999999999998,0.058956258764582437,0.004877669135858751,0.1174708453549543
2pl,20,1000,-0.4,transposed_em_diagonal,sd_b,estimated,realized_item_pool,all_returned,100,100,100,100,0.058926090677717244,0.0025523735568484256,0.05916961569530585,0.002494817269526787,0.004117230629154766,0.0003049766285909714,0.06416564991609425,0.0023764789181577053,0.025523735568484255,0.8594614212034389,0.030798419469619833,0.8005353305257215,0.06100266690723394,0.01055028923667181,0.10155143987533888
2pl,20,1000,-0.4,transposed_em_diagonal,sd_b,estimated,realized_item_pool,rule_converged,100,100,100,100,0.058926090677717244,0.0025523735568484256,0.05916961569530585,0.002494817269526787,0.004117230629154766,0.0003049766285909714,0.06416564991609425,0.0023764789181577053,0.025523735568484255,0.8594614212034389,0.030798419469619833,0.8005353305257215,0.06100266690723394,0.01055028923667181,0.10155143987533888
2pl,20,1000,-0.4,transposed_em_diagonal,sd_log_a,estimated,generating_population,all_returned,100,100,100,100,-0.0014034210945455422,0.0032267741590235217,0.025345084718470946,0.0019857862276308805,0.0010327646666294693,0.00017140812445201053,0.03213665612084539,0.0026668630956415366,0.03226774159023522,0.3485965789054545,0.032267741590235224,0.3500000000000001,-0.0022302424140202837,-0.055842704472448955,0.06593582917349614
2pl,20,1000,-0.4,transposed_em_diagonal,sd_log_a,estimated,generating_population,rule_converged,100,100,100,100,-0.0014034210945455422,0.0032267741590235217,0.025345084718470946,0.0019857862276308805,0.0010327646666294693,0.00017140812445201053,0.03213665612084539,0.0026668630956415366,0.03226774159023522,0.3485965789054545,0.032267741590235224,0.3500000000000001,-0.0022302424140202837,-0.055842704472448955,0.06593582917349614
2pl,20,1000,-0.4,transposed_em_diagonal,sd_log_a,estimated,realized_item_pool,all_returned,100,100,100,100,-0.0008593352022989348,0.0030862663728516153,0.02385675613587157,0.0019451379841443055,0.0009437174292851823,0.00016152585573380563,0.030719984200601118,0.002629002910272411,0.030862663728516152,0.3485965789054545,0.032267741590235224,0.34945591410775345,-0.002622628472518207,-0.050890486610973194,0.06451729817016105
2pl,20,1000,-0.4,transposed_em_diagonal,sd_log_a,estimated,realized_item_pool,rule_converged,100,100,100,100,-0.0008593352022989348,0.0030862663728516153,0.02385675613587157,0.0019451379841443055,0.0009437174292851823,0.00016152585573380563,0.030719984200601118,0.002629002910272411,0.030862663728516152,0.3485965789054545,0.032267741590235224,0.34945591410775345,-0.002622628472518207,-0.050890486610973194,0.06451729817016105
2pl,20,1000,-0.4,transposed_em_diagonal,variance_b,derived,generating_population,all_returned,100,100,100,100,0.09961299175244342,0.005265820915046471,0.10137226747389154,0.004915004479275885,0.012667906246897108,0.0010698278574515856,0.11255179361919164,0.004752602437733009,0.05265820915046471,0.7396129917524433,0.05265820915046471,0.6399999999999999,0.09780602993681647,0.007830951491895978,0.2018082624122486
2pl,20,1000,-0.4,transposed_em_diagonal,variance_b,derived,generating_population,rule_converged,100,100,100,100,0.09961299175244342,0.005265820915046471,0.10137226747389154,0.004915004479275885,0.012667906246897108,0.0010698278574515856,0.11255179361919164,0.004752602437733009,0.05265820915046471,0.7396129917524433,0.05265820915046471,0.6399999999999999,0.09780602993681647,0.007830951491895978,0.2018082624122486
2pl,20,1000,-0.4,transposed_em_diagonal,variance_b,derived,realized_item_pool,all_returned,100,100,100,100,0.09840685706415236,0.004353530477402405,0.0987812537567849,0.004267025266217925,0.011560279051393996,0.0008760516298767661,0.10751873814081896,0.004073948620608753,0.04353530477402406,0.7396129917524433,0.05265820915046471,0.6412061346882912,0.0997042734160632,0.01656159800585026,0.17280614436523725
2pl,20,1000,-0.4,transposed_em_diagonal,variance_b,derived,realized_item_pool,rule_converged,100,100,100,100,0.09840685706415236,0.004353530477402405,0.0987812537567849,0.004267025266217925,0.011560279051393996,0.0008760516298767661,0.10751873814081896,0.004073948620608753,0.04353530477402406,0.7396129917524433,0.05265820915046471,0.6412061346882912,0.0997042734160632,0.01656159800585026,0.17280614436523725
2pl,20,1000,-0.4,transposed_em_diagonal,variance_log_a,derived,generating_population,all_returned,100,100,100,100,5.03699004475551e-05,0.00231755874412417,0.01782266102157896,0.0014705597984157309,0.0005317393118410451,0.00010338458896336955,0.023059473364347355,0.002241694494272671,0.023175587441241704,0.12255036990044758,0.02317558744124171,0.12250000000000005,-0.0015561920620334457,-0.03596486395322329,0.050551651671480076
2pl,20,1000,-0.4,transposed_em_diagonal,variance_log_a,derived,generating_population,rule_converged,100,100,100,100,5.03699004475551e-05,0.00231755874412417,0.01782266102157896,0.0014705597984157309,0.0005317393118410451,0.00010338458896336955,0.023059473364347355,0.002241694494272671,0.023175587441241704,0.12255036990044758,0.02317558744124171,0.12250000000000005,-0.0015561920620334457,-0.03596486395322329,0.050551651671480076
2pl,20,1000,-0.4,transposed_em_diagonal,variance_log_a,derived,realized_item_pool,all_returned,100,100,100,100,0.00038342969950927745,0.002221991987488966,0.016786405409380704,0.001446525627185833,0.0004889346091885172,9.81030894281041e-05,0.022111865800707935,0.0022183358544298694,0.022219919874889662,0.12255036990044758,0.02317558744124171,0.12216694020093827,-0.0018661359138370456,-0.032561857884695164,0.0491831813868259
2pl,20,1000,-0.4,transposed_em_diagonal,variance_log_a,derived,realized_item_pool,rule_converged,100,100,100,100,0.00038342969950927745,0.002221991987488966,0.016786405409380704,0.001446525627185833,0.0004889346091885172,9.81030894281041e-05,0.022111865800707935,0.0022183358544298694,0.022219919874889662,0.12255036990044758,0.02317558744124171,0.12216694020093827,-0.0018661359138370456,-0.032561857884695164,0.0491831813868259
2pl,20,1000,0.0,transposed_em_correlated,corr_b_log_a,estimated,generating_population,all_returned,100,100,100,100,0.01309358618849997,0.007972904667097368,0.06511421499338851,0.004740471228443255,0.006464595673507352,0.0009181786028991525,0.08040270936670824,0.005709873523735608,0.07972904667097368,0.01309358618849997,0.07972904667097368,0.0,0.019467555722501348,-0.13786462702584704,0.1460765491283991
2pl,20,1000,0.0,transposed_em_correlated,corr_b_log_a,estimated,generating_population,rule_converged,100,99,99,99,0.012340441749937474,0.008017836130121072,0.06488653145184509,0.004783072583538376,0.0064522847311121335,0.0009274170778264018,0.08032611487624765,0.005772824188342751,0.07977646222250026,0.012340441749937474,0.07977646222250026,0.0,0.0183602836454025,-0.13793296942720853,0.1463442089965474
2pl,20,1000,0.0,transposed_em_correlated,corr_b_log_a,estimated,realized_item_pool,all_returned,100,100,100,100,0.013772324945150008,0.008310430314323408,0.06861265934044997,0.004840112134041502,0.007026938883308118,0.0009494778069195018,0.08382683868134429,0.005663328248180786,0.08310430314323408,0.01309358618849997,0.07972904667097368,-0.0006787387566500376,0.023140635334417202,-0.15283178425068958,0.15130144054970482
2pl,20,1000,0.0,transposed_em_correlated,corr_b_log_a,estimated,realized_item_pool,rule_converged,100,99,99,99,0.012714074848701618,0.008326461307218362,0.06810835201567127,0.004862639703913069,0.006955983573517627,0.0009564354794614506,0.0834025393709186,0.005733851071415623,0.08284724396236635,0.012340441749937474,0.07977646222250026,-0.0003736330987641464,0.0226791999124207,-0.1531992497800634,0.1514540810686827
2pl,20,1000,0.0,transposed_em_correlated,cov_b_log_a,derived,generating_population,all_returned,100,100,100,100,0.004474158434651958,0.002547560524892874,0.02030462548638233,0.0015899198751406969,0.0006625344918696202,0.0001145138067976327,0.02573974537305333,0.002224454926378487,0.02547560524892874,0.004474158434651958,0.02547560524892874,0.0,0.00529131904500545,-0.043681121923371695,0.050305162694906994
2pl,20,1000,0.0,transposed_em_correlated,cov_b_log_a,derived,generating_population,rule_converged,100,99,99,99,0.004011146789495321,0.0025305651632291106,0.02000151754881893,0.001576605365047125,0.0006436577830110585,0.0001140939543460611,0.025370411565661652,0.002248563332344301,0.02517880546192628,0.004011146789495321,0.02517880546192628,0.0,0.0052262772758906,-0.043694315647717495,0.04589086372292756
2pl,20,1000,0.0,transposed_em_correlated,cov_b_log_a,derived,realized_item_pool,all_returned,100,100,100,100,0.004658617464335817,0.002635020214901183,0.021214668999787592,0.0016175500793749846,0.0007090925384398646,0.00011611603277356084,0.02662879153172116,0.0021802722935293424,0.02635020214901183,0.004474158434651958,0.02547560524892874,-0.00018445902968385885,0.00681565902432115,-0.041980819363147695,0.05567657076073754
2pl,20,1000,0.0,transposed_em_correlated,cov_b_log_a,derived,realized_item_pool,rule_converged,100,99,99,99,0.004106920101310643,0.0026027774710577663,0.020830204480554865,0.0015871471302299307,0.000680762947975444,0.00011375038627962611,0.026091434379417397,0.002179841564581818,0.025897308852866167,0.004011146789495321,0.02517880546192628,-9.577331181532084e-05,0.006660091585832,-0.04199715393284849,0.05052904331488483
2pl,20,1000,0.0,transposed_em_correlated,mean_b,identification_constraint,generating_population,all_returned,100,100,100,100,0.0,0.0,0.0,0.0,0.0,0.0,0.0,0.0,0.0,0.0,0.0,0.0,0.0,0.0,0.0
2pl,20,1000,0.0,transposed_em_correlated,mean_b,identification_constraint,generating_population,rule_converged,100,99,99,99,0.0,0.0,0.0,0.0,0.0,0.0,0.0,0.0,0.0,0.0,0.0,0.0,0.0,0.0,0.0
2pl,20,1000,0.0,transposed_em_correlated,mean_log_a,identification_constraint,generating_population,all_returned,100,100,100,100,5.114658696570019e-18,4.567188460425918e-18,3.444231011506815e-17,3.0233917010028402e-18,2.0912215664541176e-33,4.1518547778954475e-34,4.572987608177085e-17,4.539543000806958e-18,4.5671884604259173e-17,5.114658696570019e-18,4.5671884604259173e-17,0.0,9.18709552877317e-18,-6.98663349396611e-17,1.2989539999175282e-16
2pl,20,1000,0.0,transposed_em_correlated,mean_log_a,identification_constraint,generating_population,rule_converged,100,99,99,99,5.684425993885698e-18,4.5775155524159e-18,3.427210815928417e-17,3.049243578322161e-18,2.085770264875688e-33,4.193645147154003e-34,4.567023390432425e-17,4.591223635879968e-18,4.554570467813989e-17,5.684425993885698e-18,4.554570467813989e-17,0.0,9.547918011776344e-18,-7.001066393286238e-17,1.3015838407071098e-16
2pl,20,1000,0.0,transposed_em_correlated,sd_b,estimated,generating_population,all_returned,100,100,100,100,0.06888878281729158,0.003233403663850483,0.06909656456707876,0.003188305951445495,0.005780699424134739,0.0006104457526246739,0.0760309109779354,0.004014457703931948,0.03233403663850483,0.8688887828172915,0.03233403663850483,0.7999999999999998,0.0687994161894454,0.011756745324258086,0.12210309024963605
2pl,20,1000,0.0,transposed_em_correlated,sd_b,estimated,generating_population,rule_converged,100,99,99,99,0.06724416006187053,0.0028121665781054533,0.06745404061721114,0.002760399615061311,0.005296788587001774,0.00037589935502056206,0.0727790394756744,0.002582469882322384,0.027980704162660384,0.8672441600618706,0.027980704162660384,0.7999999999999999,0.06869168480268728,0.011657422134365897,0.12051067700486341
2pl,20,1000,0.0,transposed_em_correlated,sd_b,estimated,realized_item_pool,all_returned,100,100,100,100,0.07043490145691327,0.0028986645634351284,0.07043813485482542,0.002897870814156829,0.0057928987121252246,0.0005389742328999812,0.076111094540318,0.0035407074103662554,0.028986645634351285,0.8688887828172915,0.03233403663850483,0.7984538813603785,0.07040992867479678,0.014153693524943856,0.11442858879053726
2pl,20,1000,0.0,transposed_em_correlated,sd_b,estimated,realized_item_pool,rule_converged,100,99,99,99,0.06894304372831432,0.002510511934323715,0.06894630978681145,0.002509596524605766,0.005370804955417678,0.0003385594999083582,0.07328577594197716,0.002309858192512059,0.024979278353583365,0.8672441600618706,0.027980704162660384,0.7983011163335564,0.07033333345905823,0.013947873022521363,0.11249150336545159
2pl,20,1000,0.0,transposed_em_correlated,sd_log_a,estimated,generating_population,all_returned,100,100,100,100,0.002138986748452379,0.003669736799681313,0.02728756186382891,0.0024478274877163505,0.001337805114024644,0.0004374488410476788,0.03657601829101473,0.005979995383411411,0.036697367996813134,0.35213898674845234,0.036697367996813134,0.3500000000000001,0.001363843842411533,-0.054870412535183884,0.07030506923193826
2pl,20,1000,0.0,transposed_em_correlated,sd_log_a,estimated,generating_population,rule_converged,100,99,99,99,7.632804887988815e-05,0.003066009716162894,0.025478929175522847,0.0016662028223829379,0.0009212465527723624,0.0001349242175104324,0.0303520436341997,0.002222654578659148,0.030506411496289132,0.3500763280488799,0.030506411496289135,0.35000000000000003,0.0009526884616416487,-0.05517969988665689,0.055909496168814236
2pl,20,1000,0.0,transposed_em_correlated,sd_log_a,estimated,realized_item_pool,all_returned,100,100,100,100,0.0027269134348624604,0.0037132555259247317,0.02783998809867957,0.0024565096225180596,0.001372474450361478,0.00041247202349332864,0.0370469222792053,0.0055668865065864334,0.037132555259247316,0.35213898674845234,0.036697367996813134,0.34941207331359,0.0016569646003125604,-0.0566950413705799,0.07171725544551638
2pl,20,1000,0.0,transposed_em_correlated,sd_log_a,estimated,realized_item_pool,rule_converged,100,99,99,99,0.00073853495181307,0.0031678579656878878,0.026105277036476818,0.001756973585399347,0.0009840071947707254,0.00014006689909799692,0.03136888896296337,0.00223257666638068,0.03151978878397582,0.3500763280488799,0.030506411496289135,0.3493377930970668,6.023902920410107e-05,-0.0568925335942325,0.062137360415727615
2pl,20,1000,0.0,transposed_em_correlated,variance_b,derived,generating_population,all_returned,100,100,100,100,0.11600275193180132,0.00573376633124829,0.11633304406868358,0.005665768976363733,0.016711370013545328,0.0019828457344367445,0.12927246425107447,0.0076692501605973825,0.0573376633124829,0.7560027519318012,0.0573376633124829,0.6399999999999999,0.11481243717717293,0.01895294975275653,0.21027589391979584
2pl,20,1000,0.0,transposed_em_correlated,variance_b,derived,generating_population,rule_converged,100,99,99,99,0.11288744468599471,0.004862490449660765,0.11322107310708791,0.004782682923490107,0.015060668878291644,0.0011097264641113979,0.12272191686203261,0.004521305128239576,0.0483811691046338,0.7528874446859948,0.048381169104633796,0.6399999999999999,0.11462524324533141,0.018791677483840214,0.20733994961659058
2pl,20,1000,0.0,transposed_em_correlated,variance_b,derived,realized_item_pool,all_returned,100,100,100,100,0.11819081211096251,0.005138973269263191,0.1181960498950836,0.005137756296642924,0.0165835636474068,0.001760879861435198,0.1287771860517491,0.006836924751281601,0.05138973269263192,0.7560027519318012,0.0573376633124829,0.6378119398208388,0.11634232024297658,0.022430225445925604,0.19417271865505104
2pl,20,1000,0.0,transposed_em_correlated,variance_b,derived,realized_item_pool,rule_converged,100,99,99,99,0.1153189048888177,0.004304861415389407,0.11532419557984913,0.0043034149415251705,0.01511456934171562,0.0009808126660960405,0.12294132479242129,0.00398894622191554,0.042832830267974825,0.7528874446859948,0.048381169104633796,0.637568539797177,0.11629547645908744,0.022095540537210807,0.19290097678701995
2pl,20,1000,0.0,transposed_em_correlated,variance_log_a,derived,generating_population,all_returned,100,100,100,100,0.0028350958379412716,0.00282161318445035,0.01951668013629207,0.002048220612751998,0.0007962263637140525,0.00035146333804236737,0.028217483298729043,0.006227758413490366,0.0282161318445035,0.12533509583794125,0.0282161318445035,0.12250000000000005,0.0009567198084616535,-0.035360358795200796,0.05420469269648115
2pl,20,1000,0.0,transposed_em_correlated,variance_log_a,derived,generating_population,rule_converged,100,99,99,99,0.0009746761869882472,0.0021429380187147113,0.01782476133683754,0.001166110950787023,0.00045098396217066905,6.650274019550468e-05,0.021236382982294067,0.0015657737066371343,0.021321964071192884,0.12347467618698825,0.021321964071192884,0.12250000000000005,0.0006677895384540056,-0.035543109809428985,0.04232388833616931
2pl,20,1000,0.0,transposed_em_correlated,variance_log_a,derived,realized_item_pool,all_returned,100,100,100,100,0.003198828466417164,0.0028396709450748616,0.019895475938156545,0.002041765717586718,0.0008085418801114944,0.0003342273711563261,0.028434870847455846,0.005877068563971171,0.028396709450748615,0.12533509583794125,0.0282161318445035,0.12213626737152411,0.0011620516812787668,-0.03693785359009742,0.05516061841015855
2pl,20,1000,0.0,transposed_em_correlated,variance_log_a,derived,realized_item_pool,rule_converged,100,99,99,99,0.001390384362961742,0.0022115792217465074,0.018255684839466164,0.0012288589356981177,0.00048125926877473554,6.846739091743993e-05,0.02193762222244552,0.001560501640131887,0.022004935418038107,0.12347467618698825,0.021321964071192884,0.12208429182402651,4.248176693663619e-05,-0.03702654986102544,0.04746884169293254
2pl,20,1000,0.0,transposed_em_diagonal,corr_b_log_a,fixed_restriction,generating_population,all_returned,100,100,100,100,0.0,0.0,0.0,0.0,0.0,0.0,0.0,0.0,0.0,0.0,0.0,0.0,0.0,0.0,0.0
2pl,20,1000,0.0,transposed_em_diagonal,corr_b_log_a,fixed_restriction,generating_population,rule_converged,100,100,100,100,0.0,0.0,0.0,0.0,0.0,0.0,0.0,0.0,0.0,0.0,0.0,0.0,0.0,0.0,0.0
2pl,20,1000,0.0,transposed_em_diagonal,corr_b_log_a,fixed_restriction,realized_item_pool,all_returned,100,100,100,100,0.0006787387566500376,0.0030132956477663024,0.02474192963456966,0.0017032729031611828,0.0008993758017236655,0.00011516502006593012,0.02998959489095619,0.0019200829568501417,0.030132956477663026,0.0,0.0,-0.0006787387566500376,-0.00031419585714895,-0.054167397425413315,0.054194201120180904
2pl,20,1000,0.0,transposed_em_diagonal,corr_b_log_a,fixed_restriction,realized_item_pool,rule_converged,100,100,100,100,0.0006787387566500376,0.0030132956477663024,0.02474192963456966,0.0017032729031611828,0.0008993758017236655,0.00011516502006593012,0.02998959489095619,0.0019200829568501417,0.030132956477663026,0.0,0.0,-0.0006787387566500376,-0.00031419585714895,-0.054167397425413315,0.054194201120180904
2pl,20,1000,0.0,transposed_em_diagonal,cov_b_log_a,fixed_restriction,generating_population,all_returned,100,100,100,100,0.0,0.0,0.0,0.0,0.0,0.0,0.0,0.0,0.0,0.0,0.0,0.0,0.0,0.0,0.0
2pl,20,1000,0.0,transposed_em_diagonal,cov_b_log_a,fixed_restriction,generating_population,rule_converged,100,100,100,100,0.0,0.0,0.0,0.0,0.0,0.0,0.0,0.0,0.0,0.0,0.0,0.0,0.0,0.0,0.0
2pl,20,1000,0.0,transposed_em_diagonal,cov_b_log_a,fixed_restriction,realized_item_pool,all_returned,100,100,100,100,0.0001844590296838519,0.0008415410119677332,0.006911505449835341,0.0004754163912098879,7.014496134117588e-05,8.900139891581396e-06,0.008375258882039162,0.0005313352110624214,0.008415410119677332,0.0,0.0,-0.0001844590296838519,-8.150105933200002e-05,-0.015281320806277367,0.014607671465333698
2pl,20,1000,0.0,transposed_em_diagonal,cov_b_log_a,fixed_restriction,realized_item_pool,rule_converged,100,100,100,100,0.0001844590296838519,0.0008415410119677332,0.006911505449835341,0.0004754163912098879,7.014496134117588e-05,8.900139891581396e-06,0.008375258882039162,0.0005313352110624214,0.008415410119677332,0.0,0.0,-0.0001844590296838519,-8.150105933200002e-05,-0.015281320806277367,0.014607671465333698
2pl,20,1000,0.0,transposed_em_diagonal,mean_b,identification_constraint,generating_population,all_returned,100,100,100,100,0.0,0.0,0.0,0.0,0.0,0.0,0.0,0.0,0.0,0.0,0.0,0.0,0.0,0.0,0.0
2pl,20,1000,0.0,transposed_em_diagonal,mean_b,identification_constraint,generating_population,rule_converged,100,100,100,100,0.0,0.0,0.0,0.0,0.0,0.0,0.0,0.0,0.0,0.0,0.0,0.0,0.0,0.0,0.0
2pl,20,1000,0.0,transposed_em_diagonal,mean_log_a,identification_constraint,generating_population,all_returned,100,100,100,100,-2.4373558726864535e-18,4.493134869105458e-18,3.4010710914245125e-17,2.9264555749836364e-18,2.0045785378952796e-33,3.899757967734271e-34,4.477251989664285e-17,4.35507983104016e-18,4.493134869105458e-17,-2.4373558726864535e-18,4.493134869105458e-17,0.0,0.0,-8.392175843141558e-17,9.848823145919266e-17
2pl,20,1000,0.0,transposed_em_diagonal,mean_log_a,identification_constraint,generating_population,rule_converged,100,100,100,100,-2.4373558726864535e-18,4.493134869105458e-18,3.4010710914245125e-17,2.9264555749836364e-18,2.0045785378952796e-33,3.899757967734271e-34,4.477251989664285e-17,4.35507983104016e-18,4.493134869105458e-17,-2.4373558726864535e-18,4.493134869105458e-17,0.0,0.0,-8.392175843141558e-17,9.848823145919266e-17
2pl,20,1000,0.0,transposed_em_diagonal,sd_b,estimated,generating_population,all_returned,100,100,100,100,0.06482442776199215,0.0027004234896784956,0.06503292630045539,0.002649302074677973,0.004924142850006872,0.0003446011164138717,0.0701722370315132,0.0024553949752173145,0.027004234896784957,0.8648244277619923,0.027004234896784957,0.7999999999999998,0.06676890371450822,0.008873834511687828,0.1146585564778618
2pl,20,1000,0.0,transposed_em_diagonal,sd_b,estimated,generating_population,rule_converged,100,100,100,100,0.06482442776199215,0.0027004234896784956,0.06503292630045539,0.002649302074677973,0.004924142850006872,0.0003446011164138717,0.0701722370315132,0.0024553949752173145,0.027004234896784957,0.8648244277619923,0.027004234896784957,0.7999999999999998,0.06676890371450822,0.008873834511687828,0.1146585564778618
2pl,20,1000,0.0,transposed_em_diagonal,sd_b,estimated,realized_item_pool,all_returned,100,100,100,100,0.06637054640161384,0.002398530724820768,0.06637054640161384,0.002398530724820768,0.004974591443801789,0.00031118249607103344,0.0705307836607661,0.0022060048103799378,0.02398530724820768,0.8648244277619923,0.027004234896784957,0.7984538813603785,0.06609812566538442,0.01397236051641168,0.10801070639169659
2pl,20,1000,0.0,transposed_em_diagonal,sd_b,estimated,realized_item_pool,rule_converged,100,100,100,100,0.06637054640161384,0.002398530724820768,0.06637054640161384,0.002398530724820768,0.004974591443801789,0.00031118249607103344,0.0705307836607661,0.0022060048103799378,0.02398530724820768,0.8648244277619923,0.027004234896784957,0.7984538813603785,0.06609812566538442,0.01397236051641168,0.10801070639169659
2pl,20,1000,0.0,transposed_em_diagonal,sd_log_a,estimated,generating_population,all_returned,100,100,100,100,-0.0017378963009787507,0.0029995020148672735,0.025118391924158212,0.0016292493533366127,0.0008937245049350463,0.0001291823511824897,0.029895225453825336,0.00216058499679185,0.029995020148672735,0.3482621036990212,0.029995020148672738,0.3500000000000001,-0.0021177196674500853,-0.05438514408442371,0.053754827036150823
2pl,20,1000,0.0,transposed_em_diagonal,sd_log_a,estimated,generating_population,rule_converged,100,100,100,100,-0.0017378963009787507,0.0029995020148672735,0.025118391924158212,0.0016292493533366127,0.0008937245049350463,0.0001291823511824897,0.029895225453825336,0.00216058499679185,0.029995020148672735,0.3482621036990212,0.029995020148672738,0.3500000000000001,-0.0021177196674500853,-0.05438514408442371,0.053754827036150823
2pl,20,1000,0.0,transposed_em_diagonal,sd_log_a,estimated,realized_item_pool,all_returned,100,100,100,100,-0.0011499696145686584,0.003108370093759592,0.025685812467702115,0.0017352436074039523,0.0009578569294525535,0.0001341935874573228,0.0309492637950009,0.0021679608979745506,0.03108370093759592,0.3482621036990212,0.029995020148672738,0.34941207331359,-0.0011443389294512885,-0.05678745947425427,0.06103941307843659
2pl,20,1000,0.0,transposed_em_diagonal,sd_log_a,estimated,realized_item_pool,rule_converged,100,100,100,100,-0.0011499696145686584,0.003108370093759592,0.025685812467702115,0.0017352436074039523,0.0009578569294525535,0.0001341935874573228,0.0309492637950009,0.0021679608979745506,0.03108370093759592,0.3482621036990212,0.029995020148672738,0.34941207331359,-0.0011443389294512885,-0.05678745947425427,0.06103941307843659
2pl,20,1000,0.0,transposed_em_diagonal,variance_b,derived,generating_population,all_returned,100,100,100,100,0.10864322726919438,0.00465342782433731,0.10897465134870847,0.004574479995847625,0.013947135492581171,0.0010109450920916586,0.11809799106073385,0.004280111299995625,0.0465342782433731,0.7486432272691945,0.04653427824337309,0.6399999999999999,0.11128834954818212,0.014279799849677388,0.1966003198522282
2pl,20,1000,0.0,transposed_em_diagonal,variance_b,derived,generating_population,rule_converged,100,100,100,100,0.10864322726919438,0.00465342782433731,0.10897465134870847,0.004574479995847625,0.013947135492581171,0.0010109450920916586,0.11809799106073385,0.004280111299995625,0.0465342782433731,0.7486432272691945,0.04653427824337309,0.6399999999999999,0.11128834954818212,0.014279799849677388,0.1966003198522282
2pl,20,1000,0.0,transposed_em_diagonal,variance_b,derived,realized_item_pool,all_returned,100,100,100,100,0.11083128744835553,0.00409731750987956,0.11083128744835553,0.00409731750987956,0.013945587344359809,0.0008950594671232645,0.11809143637182083,0.0037896882899497233,0.040973175098795604,0.7486432272691945,0.04653427824337309,0.6378119398208388,0.11193827349357105,0.022138442070714533,0.18454530057128227
2pl,20,1000,0.0,transposed_em_diagonal,variance_b,derived,realized_item_pool,rule_converged,100,100,100,100,0.11083128744835553,0.00409731750987956,0.11083128744835553,0.00409731750987956,0.013945587344359809,0.0008950594671232645,0.11809143637182083,0.0037896882899497233,0.040973175098795604,0.7486432272691945,0.04653427824337309,0.6378119398208388,0.11193827349357105,0.022138442070714533,0.18454530057128227
2pl,20,1000,0.0,transposed_em_diagonal,variance_log_a,derived,generating_population,all_returned,100,100,100,100,-0.0003228029057501168,0.002086887151405332,0.017485340076149204,0.0011260092416899054,0.00043125890200332594,6.192068438627388e-05,0.020766773991242018,0.0014908594953743832,0.020868871514053318,0.12217719709424987,0.020868871514053318,0.12250000000000005,-0.0014753750669413493,-0.035065663148042214,0.04055427826650479
2pl,20,1000,0.0,transposed_em_diagonal,variance_log_a,derived,generating_population,rule_converged,100,100,100,100,-0.0003228029057501168,0.002086887151405332,0.017485340076149204,0.0011260092416899054,0.00043125890200332594,6.192068438627388e-05,0.020766773991242018,0.0014908594953743832,0.020868871514053318,0.12217719709424987,0.020868871514053318,0.12250000000000005,-0.0014753750669413493,-0.035065663148042214,0.04055427826650479
2pl,20,1000,0.0,transposed_em_diagonal,variance_log_a,derived,realized_item_pool,all_returned,100,100,100,100,4.092972272577475e-05,0.002160268453372755,0.017876669671773752,0.0011994762154921286,0.0004620108945153162,6.363780703724653e-05,0.021494438688072694,0.0014803319119135517,0.02160268453372755,0.12217719709424987,0.020868871514053318,0.1221362673715241,-0.000793916992599196,-0.037004378146570614,0.04561052386599493
2pl,20,1000,0.0,transposed_em_diagonal,variance_log_a,derived,realized_item_pool,rule_converged,100,100,100,100,4.092972272577475e-05,0.002160268453372755,0.017876669671773752,0.0011994762154921286,0.0004620108945153162,6.363780703724653e-05,0.021494438688072694,0.0014803319119135517,0.02160268453372755,0.12217719709424987,0.020868871514053318,0.1221362673715241,-0.000793916992599196,-0.037004378146570614,0.04561052386599493
2pl,20,1000,0.4,transposed_em_correlated,corr_b_log_a,estimated,generating_population,all_returned,100,100,100,100,-0.1975223452064962,0.008565591981318338,0.1975223452064962,0.008565591981318338,0.04627864408892632,0.0036909012754416334,0.215124717522014,0.008578515100348565,0.08565591981318338,0.2024776547935038,0.08565591981318338,0.3999999999999999,-0.19921029746327631,-0.3626645416809683,-0.04996689094399441
2pl,20,1000,0.4,transposed_em_correlated,corr_b_log_a,estimated,generating_population,rule_converged,100,98,98,98,-0.19487054207647617,0.008530744252628184,0.19487054207647617,0.008530744252628184,0.0450335671270433,0.0036583008700159366,0.2122111380843223,0.008619483649727913,0.08445005953442178,0.20512945792352386,0.08445005953442179,0.39999999999999997,-0.19669840836122432,-0.36348172926957395,-0.049924002464877916
2pl,20,1000,0.4,transposed_em_correlated,corr_b_log_a,estimated,realized_item_pool,all_returned,100,100,100,100,-0.19783793183516502,0.008724964010650404,0.19783793183516502,0.008724964010650404,0.04667622197454273,0.003670934867715754,0.21604680505516097,0.00849569348359142,0.08724964010650405,0.2024776547935038,0.08565591981318338,0.40031558662866884,-0.2077806811051596,-0.35905428217063184,-0.02279231177122624
2pl,20,1000,0.4,transposed_em_correlated,corr_b_log_a,estimated,realized_item_pool,rule_converged,100,98,98,98,-0.19496843664674826,0.008662199968113437,0.19496843664674826,0.008662199968113437,0.045290960992372765,0.0036116708889232596,0.2128167309972897,0.008485401669310614,0.0857514047242567,0.20512945792352386,0.08445005953442179,0.400097894570272,-0.20207414769487958,-0.3592199498041538,-0.02268995314451583
2pl,20,1000,0.4,transposed_em_correlated,cov_b_log_a,derived,generating_population,all_returned,100,100,100,100,-0.05099799014657129,0.002469341345230598,0.05128323035962013,0.002408931831094519,0.0032044620202370416,0.000288098518500791,0.056607967815821135,0.0025446816907307482,0.024693413452305978,0.06100200985342873,0.024693413452305978,0.11200000000000003,-0.053732148719673516,-0.09978162086157624,-0.009710975698451425
2pl,20,1000,0.4,transposed_em_correlated,cov_b_log_a,derived,generating_population,rule_converged,100,98,98,98,-0.050875772883871136,0.0025102630154158357,0.05116683432575771,0.0024485154581813983,0.0031995820459680027,0.0002930745719988732,0.05656484814766148,0.0025906069016026307,0.024850336010672595,0.06112422711612889,0.024850336010672595,0.11200000000000003,-0.053732148719673516,-0.1000227771885464,-0.009656963538214507
2pl,20,1000,0.4,transposed_em_correlated,cov_b_log_a,derived,realized_item_pool,all_returned,100,100,100,100,-0.051393896902053114,0.0025525808677383183,0.05169974232526011,0.002489412980637737,0.003286383878326893,0.00028572572671152263,0.05732699083614012,0.0024920698133992693,0.02552580867738318,0.06100200985342873,0.024693413452305978,0.11239590675548186,-0.05240932317052249,-0.10104434195657429,-0.001784134655291088
2pl,20,1000,0.4,transposed_em_correlated,cov_b_log_a,derived,realized_item_pool,rule_converged,100,98,98,98,-0.05113194554088629,0.0025922463777431713,0.051444032707424064,0.0025277883614699343,0.0032662907592396545,0.00029036117248439547,0.05715147206537776,0.002540277284128746,0.025661929890918454,0.06112422711612889,0.024850336010672595,0.1122561726570152,-0.051732875157332395,-0.10111434404060426,-0.0015931030905279356
2pl,20,1000,0.4,transposed_em_correlated,mean_b,identification_constraint,generating_population,all_returned,100,100,100,100,0.0,0.0,0.0,0.0,0.0,0.0,0.0,0.0,0.0,0.0,0.0,0.0,0.0,0.0,0.0
2pl,20,1000,0.4,transposed_em_correlated,mean_b,identification_constraint,generating_population,rule_converged,100,98,98,98,0.0,0.0,0.0,0.0,0.0,0.0,0.0,0.0,0.0,0.0,0.0,0.0,0.0,0.0,0.0
2pl,20,1000,0.4,transposed_em_correlated,mean_log_a,identification_constraint,generating_population,all_returned,100,100,100,100,-2.1373874892205434e-18,4.317245596405542e-18,3.3578764768726896e-17,2.7010236112682003e-18,1.849790769707698e-33,2.8527626159066723e-34,4.300919401369547e-17,3.3164567266690277e-18,4.317245596405542e-17,-2.1373874892205434e-18,4.317245596405542e-17,0.0,-9.71445146547012e-19,-8.527657746615347e-17,9.643397191894109e-17
2pl,20,1000,0.4,transposed_em_correlated,mean_log_a,identification_constraint,generating_population,rule_converged,100,98,98,98,-3.0394479450308743e-18,4.356354743479224e-18,3.340560537940529e-17,2.7511065406304996e-18,1.8500874289608433e-33,2.909595526066479e-34,4.3012642664231214e-17,3.3822561761429073e-18,4.312571172515678e-17,-3.0394479450308743e-18,4.312571172515678e-17,0.0,-3.524958103184872e-18,-8.536886475507544e-17,9.64561763794336e-17
2pl,20,1000,0.4,transposed_em_correlated,sd_b,estimated,generating_population,all_returned,100,100,100,100,0.07044108952042072,0.0042369859607456145,0.07044331477802929,0.004236612246069899,0.006739200045947912,0.0012697631658536213,0.082092630886992,0.0077337219683065485,0.042369859607456144,0.870441089520421,0.042369859607456144,0.7999999999999998,0.06396288756712798,0.013621075258243645,0.12856732860107495
2pl,20,1000,0.4,transposed_em_correlated,sd_b,estimated,generating_population,rule_converged,100,98,98,98,0.0657851569035226,0.0027152584739894895,0.06578742757455176,0.0027146912532763226,0.005042831841136546,0.0003775056943024316,0.07101289911795283,0.002658007904137194,0.02687968751485087,0.8657851569035229,0.02687968751485087,0.7999999999999999,0.06378403372118074,0.013150959504389093,0.11789923249512775
2pl,20,1000,0.4,transposed_em_correlated,sd_b,estimated,realized_item_pool,all_returned,100,100,100,100,0.06810504531538808,0.003783964013946331,0.06810504531538808,0.003783964013946331,0.006055817179636306,0.0011438529351240775,0.07781913119301902,0.007349432701111228,0.03783964013946331,0.870441089520421,0.042369859607456144,0.8023360442050328,0.0626820542500775,0.028171743070778,0.119767723291597
2pl,20,1000,0.4,transposed_em_correlated,sd_b,estimated,realized_item_pool,rule_converged,100,98,98,98,0.06381471272283541,0.0022482701706085964,0.06381471272283541,0.0022482701706085964,0.004562625279622707,0.00031463420891206896,0.06754720778553845,0.0023289949298202577,0.022256739170074844,0.8657851569035229,0.02687968751485087,0.8019704441806872,0.0624271431849554,0.02811099440614195,0.10985026372979598
2pl,20,1000,0.4,transposed_em_correlated,sd_log_a,estimated,generating_population,all_returned,100,100,100,100,0.00440896365445651,0.00542961380226105,0.027459529483705118,0.004696875276749269,0.0029380288586349844,0.0018086799844262743,0.054203587138075875,0.01668413549659473,0.0542961380226105,0.35440896365445645,0.054296138022610504,0.3500000000000001,-0.0012540098288491286,-0.04434556720215586,0.05128793324374018
2pl,20,1000,0.4,transposed_em_correlated,sd_log_a,estimated,generating_population,rule_converged,100,98,98,98,-0.002179872999793667,0.002582961225156534,0.021341112540255936,0.0014231610120874073,0.0006519056492894574,6.83878779889562e-05,0.025532443073263817,0.0013392349058161273,0.025570011569901373,0.3478201270002063,0.025570011569901373,0.35000000000000003,-0.0016245049706950787,-0.04440733971288889,0.0453481891303092
2pl,20,1000,0.4,transposed_em_correlated,sd_log_a,estimated,realized_item_pool,all_returned,100,100,100,100,0.004850591561037564,0.005341124850344136,0.02704573330546891,0.00462349118221598,0.0028477620905214126,0.0017198362274172397,0.053364427201286556,0.016114069967716027,0.053411248503441366,0.35440896365445645,0.054296138022610504,0.34955837209341895,0.0014612403081337988,-0.04472936229476636,0.057097945677691206
2pl,20,1000,0.4,transposed_em_correlated,sd_log_a,estimated,realized_item_pool,rule_converged,100,98,98,98,-0.0016504451293976393,0.002564419597228252,0.020997658691450677,0.0014349048679102101,0.0006406200125780386,7.228375568404628e-05,0.02531047238946833,0.0014279416553703577,0.02538645881810881,0.3478201270002063,0.025570011569901373,0.34947057212960403,0.0009325518166937441,-0.04477265156987737,0.04314849119411869
2pl,20,1000,0.4,transposed_em_correlated,variance_b,derived,generating_population,all_returned,100,100,100,100,0.11944494327862111,0.007962146255851383,0.11944850344320626,0.007961606753073905,0.020543276001790272,0.004612524119161532,0.1433292573126306,0.016090657991412974,0.07962146255851384,0.7594449432786212,0.07962146255851384,0.6399999999999999,0.10643187423552836,0.02200129973437734,0.22223948305988694
2pl,20,1000,0.4,transposed_em_correlated,variance_b,derived,generating_population,rule_converged,100,98,98,98,0.11029908288677276,0.0047101155454285825,0.110302715707778,0.004709238423038562,0.014317850965438104,0.0011182233535203753,0.1196572227884222,0.004672611178255478,0.04662776499282614,0.7502990828867727,0.04662776499282614,0.6399999999999999,0.10612287199111298,0.02123608655526135,0.20254148752648907
2pl,20,1000,0.4,transposed_em_correlated,variance_b,derived,realized_item_pool,all_returned,100,100,100,100,0.11532029145078967,0.007210311275659066,0.11532029145078967,0.007210311275659066,0.018445639900792805,0.004233571157746871,0.1358147263767549,0.015585832518643058,0.07210311275659066,0.7594449432786212,0.07962146255851384,0.6441246518278315,0.10455436848627114,0.04662588393484622,0.20500004264742971
2pl,20,1000,0.4,transposed_em_correlated,variance_b,derived,realized_item_pool,rule_converged,100,98,98,98,0.10676459662573835,0.003865648109911128,0.10676459662573835,0.003865648109911128,0.012848172917693591,0.0009151570363344382,0.11334978128648326,0.004036871646101574,0.03826796389078767,0.7502990828867727,0.04662776499282614,0.6435344862610344,0.10425535658193563,0.046574543098025736,0.18493056408772757
2pl,20,1000,0.4,transposed_em_correlated,variance_log_a,derived,generating_population,all_returned,100,100,100,100,0.006024303416754496,0.005440336992940423,0.0214491399875548,0.005031573060177251,0.0029664216247359686,0.00220316967240941,0.054464865966382114,0.020225604463704125,0.05440336992940423,0.1285243034167545,0.05440336992940423,0.12250000000000005,-0.0008762320242834479,-0.02907498708068074,0.03853209124615318
2pl,20,1000,0.4,transposed_em_correlated,variance_log_a,derived,generating_population,rule_converged,100,98,98,98,-0.000874005450566151,0.001805990136781762,0.014865623703311702,0.0009956211019662025,0.00031713912182046114,3.4164715137716684e-05,0.017808400316155888,0.0009592303219599755,0.017878390214641663,0.12162599454943385,0.017878390214641663,0.12250000000000004,-0.0011344105355171955,-0.02911275297998503,0.03380029430389617
2pl,20,1000,0.4,transposed_em_correlated,variance_log_a,derived,realized_item_pool,all_returned,100,100,100,100,0.006283746366199668,0.00537010223703823,0.02115928882904913,0.004971364231835396,0.002894447273982785,0.0021273328420517252,0.05380006760202802,0.01977072647740999,0.0537010223703823,0.1285243034167545,0.05440336992940423,0.12224055705055482,0.0010088102385732503,-0.029399449556181515,0.042211285002185406
2pl,20,1000,0.4,transposed_em_correlated,variance_log_a,derived,realized_item_pool,rule_converged,100,98,98,98,-0.0005523082258822861,0.0017918767770908543,0.014626816736209004,0.001004171956239288,0.00031175481565129534,3.6305546485160176e-05,0.017656579953413836,0.0010281024575809945,0.01773867508184294,0.12162599454943385,0.017878390214641663,0.12217830277531612,0.0006471489516087989,-0.02942956023607565,0.03205900475584499
2pl,20,1000,0.4,transposed_em_diagonal,corr_b_log_a,fixed_restriction,generating_population,all_returned,100,100,100,100,-0.3999999999999999,1.1158161231197418e-17,0.3999999999999999,1.1158161231197418e-17,0.16000000000000006,2.7895403077993544e-18,0.4000000000000001,3.486925384749192e-18,1.1158161231197418e-16,0.0,0.0,0.3999999999999999,-0.4,-0.4,-0.4
2pl,20,1000,0.4,transposed_em_diagonal,corr_b_log_a,fixed_restriction,generating_population,rule_converged,100,100,100,100,-0.3999999999999999,1.1158161231197418e-17,0.3999999999999999,1.1158161231197418e-17,0.16000000000000006,2.7895403077993544e-18,0.4000000000000001,3.486925384749192e-18,1.1158161231197418e-16,0.0,0.0,0.3999999999999999,-0.4,-0.4,-0.4
2pl,20,1000,0.4,transposed_em_diagonal,corr_b_log_a,fixed_restriction,realized_item_pool,all_returned,100,100,100,100,-0.40031558662866884,0.0025891199935865403,0.40031558662866884,0.0025891199935865403,0.16091621958963304,0.002088084833507569,0.4011436395976297,0.0026026647656710185,0.025891199935865403,0.0,0.0,0.40031558662866884,-0.3985173996936394,-0.44716657485416356,-0.3578771131638826
2pl,20,1000,0.4,transposed_em_diagonal,corr_b_log_a,fixed_restriction,realized_item_pool,rule_converged,100,100,100,100,-0.40031558662866884,0.0025891199935865403,0.40031558662866884,0.0025891199935865403,0.16091621958963304,0.002088084833507569,0.4011436395976297,0.0026026647656710185,0.025891199935865403,0.0,0.0,0.40031558662866884,-0.3985173996936394,-0.44716657485416356,-0.3578771131638826
2pl,20,1000,0.4,transposed_em_diagonal,cov_b_log_a,fixed_restriction,generating_population,all_returned,100,100,100,100,-0.11200000000000003,1.3947701538996772e-18,0.11200000000000003,1.3947701538996772e-18,0.012544000000000007,3.486925384749193e-19,0.11200000000000003,1.5566631181916035e-18,1.3947701538996772e-17,0.0,0.0,0.11200000000000003,-0.11200000000000002,-0.11200000000000002,-0.11200000000000002
2pl,20,1000,0.4,transposed_em_diagonal,cov_b_log_a,fixed_restriction,generating_population,rule_converged,100,100,100,100,-0.11200000000000003,1.3947701538996772e-18,0.11200000000000003,1.3947701538996772e-18,0.012544000000000007,3.486925384749193e-19,0.11200000000000003,1.5566631181916035e-18,1.3947701538996772e-17,0.0,0.0,0.11200000000000003,-0.11200000000000002,-0.11200000000000002,-0.11200000000000002
2pl,20,1000,0.4,transposed_em_diagonal,cov_b_log_a,fixed_restriction,realized_item_pool,all_returned,100,100,100,100,-0.11239590675548188,0.0009638639576877514,0.11239590675548188,0.0009638639576877514,0.012724814194551,0.00021855738701103566,0.1128043181556052,0.0009687456587856502,0.009638639576877514,0.0,0.0,0.11239590675548188,-0.11273031689586395,-0.12874885872771757,-0.09595425484825955
2pl,20,1000,0.4,transposed_em_diagonal,cov_b_log_a,fixed_restriction,realized_item_pool,rule_converged,100,100,100,100,-0.11239590675548188,0.0009638639576877514,0.11239590675548188,0.0009638639576877514,0.012724814194551,0.00021855738701103566,0.1128043181556052,0.0009687456587856502,0.009638639576877514,0.0,0.0,0.11239590675548188,-0.11273031689586395,-0.12874885872771757,-0.09595425484825955
2pl,20,1000,0.4,transposed_em_diagonal,mean_b,identification_constraint,generating_population,all_returned,100,100,100,100,0.0,0.0,0.0,0.0,0.0,0.0,0.0,0.0,0.0,0.0,0.0,0.0,0.0,0.0,0.0
2pl,20,1000,0.4,transposed_em_diagonal,mean_b,identification_constraint,generating_population,rule_converged,100,100,100,100,0.0,0.0,0.0,0.0,0.0,0.0,0.0,0.0,0.0,0.0,0.0,0.0,0.0,0.0,0.0
2pl,20,1000,0.4,transposed_em_diagonal,mean_log_a,identification_constraint,generating_population,all_returned,100,100,100,100,3.0154351238209643e-18,4.092034749245329e-18,3.24624355174663e-17,2.4883835566475802e-18,1.66682293950007e-33,2.6984035360232873e-34,4.0826742945036284e-17,3.304700964825997e-18,4.092034749245329e-17,3.0154351238209643e-18,4.092034749245329e-17,0.0,6.841749389252527e-18,-6.437073096776657e-17,9.075240559042182e-17
2pl,20,1000,0.4,transposed_em_diagonal,mean_log_a,identification_constraint,generating_population,rule_converged,100,100,100,100,3.0154351238209643e-18,4.092034749245329e-18,3.24624355174663e-17,2.4883835566475802e-18,1.66682293950007e-33,2.6984035360232873e-34,4.0826742945036284e-17,3.304700964825997e-18,4.092034749245329e-17,3.0154351238209643e-18,4.092034749245329e-17,0.0,6.841749389252527e-18,-6.437073096776657e-17,9.075240559042182e-17
2pl,20,1000,0.4,transposed_em_diagonal,sd_b,estimated,generating_population,all_returned,100,100,100,100,0.06693459466293371,0.00302123027137141,0.06736276537927115,0.0029235256252380807,0.0053838953656036815,0.00041895937732578227,0.0733750323039362,0.0028549178390161146,0.030212302713714098,0.8669345946629337,0.0302123027137141,0.7999999999999998,0.06591246059495426,0.006364933460398548,0.12479845857499369
2pl,20,1000,0.4,transposed_em_diagonal,sd_b,estimated,generating_population,rule_converged,100,100,100,100,0.06693459466293371,0.00302123027137141,0.06736276537927115,0.0029235256252380807,0.0053838953656036815,0.00041895937732578227,0.0733750323039362,0.0028549178390161146,0.030212302713714098,0.8669345946629337,0.0302123027137141,0.7999999999999998,0.06591246059495426,0.006364933460398548,0.12479845857499369
2pl,20,1000,0.4,transposed_em_diagonal,sd_b,estimated,realized_item_pool,all_returned,100,100,100,100,0.06459855045790108,0.002525686438733183,0.06487052106893568,0.0024542651478929437,0.004804502827955262,0.0003395927177172377,0.06931452104685758,0.0024496506113608455,0.02525686438733183,0.8669345946629337,0.0302123027137141,0.8023360442050328,0.06595927779439598,0.017008678034396724,0.11162927385493303
2pl,20,1000,0.4,transposed_em_diagonal,sd_b,estimated,realized_item_pool,rule_converged,100,100,100,100,0.06459855045790108,0.002525686438733183,0.06487052106893568,0.0024542651478929437,0.004804502827955262,0.0003395927177172377,0.06931452104685758,0.0024496506113608455,0.02525686438733183,0.8669345946629337,0.0302123027137141,0.8023360442050328,0.06595927779439598,0.017008678034396724,0.11162927385493303
2pl,20,1000,0.4,transposed_em_diagonal,sd_log_a,estimated,generating_population,all_returned,100,100,100,100,7.187102906910215e-05,0.002677947533532789,0.021815451204669496,0.0015376098151620476,0.0007099740616879,8.442195202115155e-05,0.026645338460749565,0.001584178638704683,0.02677947533532789,0.35007187102906906,0.02677947533532789,0.3500000000000001,-0.0002135669183727651,-0.0486091935285538,0.04901523749169962
2pl,20,1000,0.4,transposed_em_diagonal,sd_log_a,estimated,generating_population,rule_converged,100,100,100,100,7.187102906910215e-05,0.002677947533532789,0.021815451204669496,0.0015376098151620476,0.0007099740616879,8.442195202115155e-05,0.026645338460749565,0.001584178638704683,0.02677947533532789,0.35007187102906906,0.02677947533532789,0.3500000000000001,-0.0002135669183727651,-0.0486091935285538,0.04901523749169962
2pl,20,1000,0.4,transposed_em_diagonal,sd_log_a,estimated,realized_item_pool,all_returned,100,100,100,100,0.0005134989356501446,0.0026068697702170828,0.021201918969763856,0.001502602264775629,0.0006730449110452087,8.088387260299665e-05,0.02594310912449024,0.0015588700686349588,0.026068697702170827,0.35007187102906906,0.02677947533532789,0.34955837209341895,0.0014304721385896835,-0.04616235491738683,0.04982364242318192
2pl,20,1000,0.4,transposed_em_diagonal,sd_log_a,estimated,realized_item_pool,rule_converged,100,100,100,100,0.0005134989356501446,0.0026068697702170828,0.021201918969763856,0.001502602264775629,0.0006730449110452087,8.088387260299665e-05,0.02594310912449024,0.0015588700686349588,0.026068697702170827,0.35007187102906906,0.02677947533532789,0.34955837209341895,0.0014304721385896835,-0.04616235491738683,0.04982364242318192
2pl,20,1000,0.4,transposed_em_diagonal,variance_b,derived,generating_population,all_returned,100,100,100,100,0.11247924682629769,0.005235225877765499,0.11315515346432115,0.0050859716156141585,0.01536493237574253,0.0012466477426593744,0.12395536444923443,0.005028615535110364,0.05235225877765499,0.7524792468262977,0.05235225877765499,0.6399999999999999,0.10980439907937206,0.010228486018718737,0.21525223322788867
2pl,20,1000,0.4,transposed_em_diagonal,variance_b,derived,generating_population,rule_converged,100,100,100,100,0.11247924682629769,0.005235225877765499,0.11315515346432115,0.0050859716156141585,0.01536493237574253,0.0012466477426593744,0.12395536444923443,0.005028615535110364,0.05235225877765499,0.7524792468262977,0.05235225877765499,0.6399999999999999,0.10980439907937206,0.010228486018718737,0.21525223322788867
2pl,20,1000,0.4,transposed_em_diagonal,variance_b,derived,realized_item_pool,all_returned,100,100,100,100,0.10835459499846621,0.004345675347925499,0.10878180139164996,0.004236496637262893,0.013610322786008815,0.000993473121529233,0.11666328808159324,0.004257865254210935,0.043456753479255,0.7524792468262977,0.05235225877765499,0.6441246518278315,0.1091269948307193,0.028190801741263954,0.1934809738772631
2pl,20,1000,0.4,transposed_em_diagonal,variance_b,derived,realized_item_pool,rule_converged,100,100,100,100,0.10835459499846621,0.004345675347925499,0.10878180139164996,0.004236496637262893,0.013610322786008815,0.000993473121529233,0.11666328808159324,0.004257865254210935,0.043456753479255,0.7524792468262977,0.05235225877765499,0.6441246518278315,0.1091269948307193,0.028190801741263954,0.1934809738772631
2pl,20,1000,0.4,transposed_em_diagonal,variance_log_a,derived,generating_population,all_returned,100,100,100,100,0.0007602837820362296,0.0018798640171373531,0.015286250088157143,0.0010860156687365768,0.00035043301499907824,4.236287734443968e-05,0.01871985616929463,0.0011314958021399137,0.018798640171373532,0.1232602837820362,0.018798640171373532,0.12250000000000005,-0.00014941797135074875,-0.03166336028840256,0.03671325987926221
2pl,20,1000,0.4,transposed_em_diagonal,variance_log_a,derived,generating_population,rule_converged,100,100,100,100,0.0007602837820362296,0.0018798640171373531,0.015286250088157143,0.0010860156687365768,0.00035043301499907824,4.236287734443968e-05,0.01871985616929463,0.0011314958021399137,0.018798640171373532,0.1232602837820362,0.018798640171373532,0.12250000000000005,-0.00014941797135074875,-0.03166336028840256,0.03671325987926221
2pl,20,1000,0.4,transposed_em_diagonal,variance_log_a,derived,realized_item_pool,all_returned,100,100,100,100,0.0010197267314814,0.0018271250036364245,0.014853298705105917,0.0010584892621768407,0.00033154003471932476,4.068404300336985e-05,0.01820824084636747,0.0011171876335183222,0.018271250036364244,0.1232602837820362,0.018798640171373532,0.12224055705055482,0.0009825029744970001,-0.029959189255993352,0.03781835258234178
2pl,20,1000,0.4,transposed_em_diagonal,variance_log_a,derived,realized_item_pool,rule_converged,100,100,100,100,0.0010197267314814,0.0018271250036364245,0.014853298705105917,0.0010584892621768407,0.00033154003471932476,4.068404300336985e-05,0.01820824084636747,0.0011171876335183222,0.018271250036364244,0.1232602837820362,0.018798640171373532,0.12224055705055482,0.0009825029744970001,-0.029959189255993352,0.03781835258234178
2pl,20,10000,-0.4,transposed_em_correlated,corr_b_log_a,estimated,generating_population,all_returned,100,100,100,100,0.19585304256305563,0.0064580345196933175,0.19585304256305563,0.0064580345196933175,0.042487329057103576,0.0026028747977361695,0.20612454743941483,0.006313839933356845,0.06458034519693318,-0.20414695743694442,0.06458034519693318,-0.3999999999999999,0.19822578430957433,0.08663328443449285,0.31081426881529384
2pl,20,10000,-0.4,transposed_em_correlated,corr_b_log_a,estimated,generating_population,rule_converged,100,99,99,99,0.19581402986107788,0.006523480968435933,0.19581402986107788,0.006523480968435933,0.0425136030770986,0.0026291666423465753,0.20618827094938888,0.006375645496808915,0.0649078160979788,-0.2041859701389221,0.06490781609797878,-0.39999999999999997,0.19673626856030002,0.08652099608728538,0.3110372882844611
2pl,20,10000,-0.4,transposed_em_correlated,corr_b_log_a,estimated,realized_item_pool,all_returned,100,100,100,100,0.19561074210548401,0.006345563649189594,0.19561074210548401,0.006345563649189594,0.04224991405162393,0.002528892645134988,0.2055478388395848,0.006151591423708924,0.06345563649189594,-0.20414695743694442,0.06458034519693318,-0.3997576995424285,0.20176613728796572,0.08734393550143718,0.3066326328010038
2pl,20,10000,-0.4,transposed_em_correlated,corr_b_log_a,estimated,realized_item_pool,rule_converged,100,99,99,99,0.19551306170501848,0.006409227767587729,0.19551306170501848,0.006409227767587729,0.04225102095379847,0.0025545670956762215,0.20555053138777937,0.006213963735410948,0.06377101110304698,-0.2041859701389221,0.06490781609797878,-0.39969903184394057,0.20131198015004723,0.08725955351868797,0.3069233588856477
2pl,20,10000,-0.4,transposed_em_correlated,cov_b_log_a,derived,generating_population,all_returned,100,100,100,100,0.05126759556360915,0.001879468964961071,0.0513242207850431,0.0018637928937184907,0.0029780743103087304,0.00019790328693383079,0.054571735452601564,0.0018132398144614648,0.01879468964961071,-0.06073240443639086,0.01879468964961071,-0.11200000000000003,0.05199205971040172,0.01876474207037232,0.08442347148996052
2pl,20,10000,-0.4,transposed_em_correlated,cov_b_log_a,derived,generating_population,rule_converged,100,99,99,99,0.05144393669033978,0.0018901752961778,0.051501133883707396,0.0018742143132623038,0.002996609361927209,0.00019903379581940367,0.05474129485066287,0.0018179492863877108,0.018807006736261955,-0.06055606330966025,0.018807006736261952,-0.11200000000000003,0.052145757725020614,0.01869225127378042,0.08442615057270561
2pl,20,10000,-0.4,transposed_em_correlated,cov_b_log_a,derived,realized_item_pool,all_returned,100,100,100,100,0.051188840651475616,0.0018436743948677461,0.05123122351055086,0.001831744592626285,0.0029568117993969655,0.0001920385516309622,0.05437657399466213,0.0017658206238757672,0.01843674394867746,-0.06073240443639086,0.01879468964961071,-0.11192124508786644,0.05188849546028005,0.016567651239668277,0.08283204878167327
2pl,20,10000,-0.4,transposed_em_correlated,cov_b_log_a,derived,realized_item_pool,rule_converged,100,99,99,99,0.0513639078856555,0.0018539771749160642,0.05140671885441837,0.001841829624091235,0.002975099707066858,0.00019310660518188566,0.05454447457870373,0.001770175683911363,0.018446839977239064,-0.06055606330966025,0.018807006736261952,-0.11191997119531572,0.0523583359825585,0.01645059998643051,0.0828565706720426
2pl,20,10000,-0.4,transposed_em_correlated,mean_b,identification_constraint,generating_population,all_returned,100,100,100,100,0.0,0.0,0.0,0.0,0.0,0.0,0.0,0.0,0.0,0.0,0.0,0.0,0.0,0.0,0.0
2pl,20,10000,-0.4,transposed_em_correlated,mean_b,identification_constraint,generating_population,rule_converged,100,99,99,99,0.0,0.0,0.0,0.0,0.0,0.0,0.0,0.0,0.0,0.0,0.0,0.0,0.0,0.0,0.0
2pl,20,10000,-0.4,transposed_em_correlated,mean_log_a,identification_constraint,generating_population,all_returned,100,100,100,100,-1.1848182157603309e-17,1.3562838953565423e-17,1.0437226777293418e-16,8.67943033782671e-18,1.8351488867994555e-32,3.390683385532752e-33,1.3546766724201962e-16,1.2514733052408476e-17,1.3562838953565423e-16,-1.1848182157603309e-17,1.3562838953565423e-16,0.0,-1.932204396482007e-17,-2.259376019608794e-16,2.3589449837935173e-16
2pl,20,10000,-0.4,transposed_em_correlated,mean_log_a,identification_constraint,generating_population,rule_converged,100,99,99,99,-1.3352008892459307e-17,1.3616058407745864e-17,1.0404238497677046e-16,8.761213708319109e-18,1.83471867046527e-32,3.425104692622835e-33,1.3545178738079724e-16,1.2643261336204434e-17,1.3547807058617102e-16,-1.3352008892459307e-17,1.3547807058617102e-16,0.0,-1.987021658322874e-17,-2.2593787951663555e-16,2.3692686701437526e-16
2pl,20,10000,-0.4,transposed_em_correlated,sd_b,estimated,generating_population,all_returned,100,100,100,100,0.05952779618526125,0.0011164299206146379,0.05952779618526125,0.0011164299206146379,0.0036669536796707213,0.0001572753083678311,0.06055537696745617,0.0012986072933899363,0.011164299206146379,0.8595277961852612,0.011164299206146379,0.7999999999999998,0.05822659609363362,0.04406343404679646,0.07821083563994706
2pl,20,10000,-0.4,transposed_em_correlated,sd_b,estimated,generating_population,rule_converged,100,99,99,99,0.058899805380174336,0.0009324333517627326,0.058899805380174336,0.0009324333517627326,0.0035543914054594035,0.00011095713939272561,0.0596187169055105,0.0009305562510560332,0.009277594709431368,0.8588998053801745,0.009277594709431368,0.7999999999999999,0.05810912259121703,0.0440584952994809,0.07560806143649029
2pl,20,10000,-0.4,transposed_em_correlated,sd_b,estimated,realized_item_pool,all_returned,100,100,100,100,0.05959268388068973,0.0010398969451299136,0.05959268388068973,0.0010398969451299136,0.00365834515209638,0.00015228364011426294,0.060484255406645954,0.0012588700901617626,0.010398969451299136,0.8595277961852612,0.011164299206146379,0.7999351123045715,0.057930955041587795,0.04393916459261063,0.07449793493874482
2pl,20,10000,-0.4,transposed_em_correlated,sd_b,estimated,realized_item_pool,rule_converged,100,99,99,99,0.05894270480149406,0.0008199756424322051,0.05894270480149406,0.0008199756424322051,0.003540133734625917,9.697657946835343e-05,0.05949902297202801,0.0008149426211077832,0.00815865462953474,0.8588998053801745,0.009277594709431368,0.7999571005786802,0.05790322633199496,0.04391003896604718,0.07344934694279633
2pl,20,10000,-0.4,transposed_em_correlated,sd_log_a,estimated,generating_population,all_returned,100,100,100,100,-0.002337297868611379,0.001621354737138345,0.012262071325775434,0.0010794447474112752,0.00026571328850706947,5.8656359136109356e-05,0.016300714355729,0.0017991959694543746,0.01621354737138345,0.34766270213138867,0.016213547371383447,0.3500000000000001,-0.0033922966721330328,-0.030595455146811,0.025023044813065484
2pl,20,10000,-0.4,transposed_em_correlated,sd_log_a,estimated,generating_population,rule_converged,100,99,99,99,-0.0031039413224369906,0.0014431573232111768,0.0116428962476507,0.0008931846172847479,0.00021373935156786071,2.746571789212855e-05,0.014619827343982579,0.0009393311304539192,0.014359234063635387,0.34689605867756307,0.014359234063635387,0.35000000000000003,-0.003564378658834688,-0.0306147386598018,0.02309071854124647
2pl,20,10000,-0.4,transposed_em_correlated,sd_log_a,estimated,realized_item_pool,all_returned,100,100,100,100,-0.0023019967086791173,0.0016943062849305388,0.012706816053997698,0.0011372158077444094,0.0002894958937751268,6.537386345223994e-05,0.017014578859763964,0.0019211131815561975,0.016943062849305388,0.34766270213138867,0.016213547371383447,0.34996469884006776,-0.004249680950314166,-0.03368592711062392,0.02765937212207579
2pl,20,10000,-0.4,transposed_em_correlated,sd_log_a,estimated,realized_item_pool,rule_converged,100,99,99,99,-0.0031055244648422508,0.001506793098289077,0.01205489246715453,0.0009412624123372227,0.00023214597542479007,3.169898098989596e-05,0.015236337336275739,0.0010402428185422492,0.014992402031165919,0.34689605867756307,0.014359234063635387,0.3500015831424053,-0.004385696545713413,-0.03372743357245078,0.025474790030116254
2pl,20,10000,-0.4,transposed_em_correlated,variance_b,derived,generating_population,all_returned,100,100,100,100,0.09891142757608878,0.001940252464886601,0.09891142757608878,0.001940252464886601,0.010156163888262215,0.0004636119574781677,0.10077779461896462,0.002300169195163773,0.01940252464886601,0.7389114275760887,0.01940252464886601,0.6399999999999999,0.09655290404248879,0.07244309042696954,0.13125519049032502
2pl,20,10000,-0.4,transposed_em_correlated,variance_b,derived,generating_population,rule_converged,100,99,99,99,0.09779408001373842,0.001602330589729804,0.09779408001373842,0.001602330589729804,0.00981529349097429,0.00031742493788827964,0.09907216304782232,0.0016019885310016803,0.015942988068727966,0.7377940800137383,0.015942988068727966,0.6399999999999999,0.09635126627426838,0.07243475314614897,0.12669258710671955
2pl,20,10000,-0.4,transposed_em_correlated,variance_b,derived,realized_item_pool,all_returned,100,100,100,100,0.09898674275728116,0.0018053374689926394,0.09898674275728116,0.0018053374689926394,0.010121040336014075,0.00044921085663809414,0.10060338133489388,0.0022325832923186604,0.018053374689926394,0.7389114275760887,0.01940252464886601,0.6399246848188078,0.09619383293332961,0.07211746453462399,0.12408702546816058
2pl,20,10000,-0.4,transposed_em_correlated,variance_b,derived,realized_item_pool,rule_converged,100,99,99,99,0.09783397678673754,0.0014034847280038952,0.09783397678673754,0.0014034847280038952,0.009764524413318435,0.0002760634180800567,0.09881560814627634,0.0013968614030660073,0.013964496725348772,0.7377940800137383,0.015942988068727966,0.639960103227001,0.09589823714286205,0.07208886504204745,0.12234190099409821
2pl,20,10000,-0.4,transposed_em_correlated,variance_log_a,derived,generating_population,all_returned,100,100,100,100,-0.0013703952195209328,0.0011528064234826642,0.008567349961680463,0.0007787960148640592,0.0001334452854099521,3.380985395962878e-05,0.011551852033762902,0.0014633953871990323,0.011528064234826642,0.12112960478047904,0.011528064234826642,0.12250000000000005,-0.0023630703815712972,-0.020480588357431842,0.01814341632248462
2pl,20,10000,-0.4,transposed_em_correlated,variance_log_a,derived,generating_population,rule_converged,100,99,99,99,-0.0019590195741380693,0.001001266554641329,0.008079106871519907,0.0006129070223446604,0.00010208615960930121,1.276600451255872e-05,0.010103769574238182,0.0006317446384124051,0.009962476430631513,0.12054098042586192,0.009962476430631513,0.12250000000000005,-0.002482360265960798,-0.02049290758451958,0.016697493474218197
2pl,20,10000,-0.4,transposed_em_correlated,variance_log_a,derived,realized_item_pool,all_returned,100,100,100,100,-0.0013525544666944634,0.0012041126241328463,0.00887885765650394,0.0008197937918161472,0.000145368237533388,3.7275335982088584e-05,0.012056875114779451,0.001545812477413657,0.012041126241328463,0.12112960478047904,0.011528064234826642,0.12248215924717351,-0.00297496370377065,-0.022516319403190824,0.020015055758731446
2pl,20,10000,-0.4,transposed_em_correlated,variance_log_a,derived,realized_item_pool,rule_converged,100,99,99,99,-0.001966929926055453,0.0010460957571823727,0.008367829794346974,0.0006475325105695216,0.00011111181398711874,1.484436670435164e-05,0.010540958874178323,0.0007041279110155324,0.010408521364069981,0.12054098042586192,0.009962476430631513,0.12250791035191737,-0.0030913035948400974,-0.022540201284087798,0.01833805395721206
2pl,20,10000,-0.4,transposed_em_diagonal,corr_b_log_a,fixed_restriction,generating_population,all_returned,100,100,100,100,0.3999999999999999,1.1158161231197418e-17,0.3999999999999999,1.1158161231197418e-17,0.16000000000000006,2.7895403077993544e-18,0.4000000000000001,3.486925384749192e-18,1.1158161231197418e-16,0.0,0.0,-0.3999999999999999,0.4,0.4,0.4
2pl,20,10000,-0.4,transposed_em_diagonal,corr_b_log_a,fixed_restriction,generating_population,rule_converged,100,100,100,100,0.3999999999999999,1.1158161231197418e-17,0.3999999999999999,1.1158161231197418e-17,0.16000000000000006,2.7895403077993544e-18,0.4000000000000001,3.486925384749192e-18,1.1158161231197418e-16,0.0,0.0,-0.3999999999999999,0.4,0.4,0.4
2pl,20,10000,-0.4,transposed_em_diagonal,corr_b_log_a,fixed_restriction,realized_item_pool,all_returned,100,100,100,100,0.3997576995424285,0.0008918161187936079,0.3997576995424285,0.0008918161187936079,0.15988495660643878,0.0007133789973139981,0.3998561698991761,0.0008920445037697892,0.008918161187936079,0.0,0.0,-0.3997576995424285,0.4000125230743856,0.3850908136108592,0.41648022086618425
2pl,20,10000,-0.4,transposed_em_diagonal,corr_b_log_a,fixed_restriction,realized_item_pool,rule_converged,100,100,100,100,0.3997576995424285,0.0008918161187936079,0.3997576995424285,0.0008918161187936079,0.15988495660643878,0.0007133789973139981,0.3998561698991761,0.0008920445037697892,0.008918161187936079,0.0,0.0,-0.3997576995424285,0.4000125230743856,0.3850908136108592,0.41648022086618425
2pl,20,10000,-0.4,transposed_em_diagonal,cov_b_log_a,fixed_restriction,generating_population,all_returned,100,100,100,100,0.11200000000000003,1.3947701538996772e-18,0.11200000000000003,1.3947701538996772e-18,0.012544000000000007,3.486925384749193e-19,0.11200000000000003,1.5566631181916035e-18,1.3947701538996772e-17,0.0,0.0,-0.11200000000000003,0.11200000000000002,0.11200000000000002,0.11200000000000002
2pl,20,10000,-0.4,transposed_em_diagonal,cov_b_log_a,fixed_restriction,generating_population,rule_converged,100,100,100,100,0.11200000000000003,1.3947701538996772e-18,0.11200000000000003,1.3947701538996772e-18,0.012544000000000007,3.486925384749193e-19,0.11200000000000003,1.5566631181916035e-18,1.3947701538996772e-17,0.0,0.0,-0.11200000000000003,0.11200000000000002,0.11200000000000002,0.11200000000000002
2pl,20,10000,-0.4,transposed_em_diagonal,cov_b_log_a,fixed_restriction,realized_item_pool,all_returned,100,100,100,100,0.1119212450878665,0.00030989579543574724,0.1119212450878665,0.00030989579543574724,0.012535872607017131,6.92177077399877e-05,0.11196371111666999,0.000309107777196937,0.0030989579543574722,0.0,0.0,-0.1119212450878665,0.1119513373241489,0.10611180473741202,0.11759464521087999
2pl,20,10000,-0.4,transposed_em_diagonal,cov_b_log_a,fixed_restriction,realized_item_pool,rule_converged,100,100,100,100,0.1119212450878665,0.00030989579543574724,0.1119212450878665,0.00030989579543574724,0.012535872607017131,6.92177077399877e-05,0.11196371111666999,0.000309107777196937,0.0030989579543574722,0.0,0.0,-0.1119212450878665,0.1119513373241489,0.10611180473741202,0.11759464521087999
2pl,20,10000,-0.4,transposed_em_diagonal,mean_b,identification_constraint,generating_population,all_returned,100,100,100,100,0.0,0.0,0.0,0.0,0.0,0.0,0.0,0.0,0.0,0.0,0.0,0.0,0.0,0.0,0.0
2pl,20,10000,-0.4,transposed_em_diagonal,mean_b,identification_constraint,generating_population,rule_converged,100,100,100,100,0.0,0.0,0.0,0.0,0.0,0.0,0.0,0.0,0.0,0.0,0.0,0.0,0.0,0.0,0.0
2pl,20,10000,-0.4,transposed_em_diagonal,mean_log_a,identification_constraint,generating_population,all_returned,100,100,100,100,4.4993037073837145e-18,1.3042391251571438e-17,9.74415964583031e-17,8.625585619033307e-18,1.6860536720198925e-32,3.656065127517024e-33,1.2984812944435867e-16,1.407823564021262e-17,1.3042391251571437e-16,4.4993037073837145e-18,1.3042391251571437e-16,0.0,3.2945868255751528e-18,-2.862828724081723e-16,1.9476434354182002e-16
2pl,20,10000,-0.4,transposed_em_diagonal,mean_log_a,identification_constraint,generating_population,rule_converged,100,100,100,100,4.4993037073837145e-18,1.3042391251571438e-17,9.74415964583031e-17,8.625585619033307e-18,1.6860536720198925e-32,3.656065127517024e-33,1.2984812944435867e-16,1.407823564021262e-17,1.3042391251571437e-16,4.4993037073837145e-18,1.3042391251571437e-16,0.0,3.2945868255751528e-18,-2.862828724081723e-16,1.9476434354182002e-16
2pl,20,10000,-0.4,transposed_em_diagonal,sd_b,estimated,generating_population,all_returned,100,100,100,100,0.060300749406336875,0.0012612474898819304,0.060300749406336875,0.0012612474898819304,0.003793664156808451,0.00015586502659103895,0.06159272811629999,0.0012652875701229947,0.012612474898819304,0.8603007494063369,0.012612474898819304,0.7999999999999998,0.05892723148289308,0.038798963277888204,0.08245753981456835
2pl,20,10000,-0.4,transposed_em_diagonal,sd_b,estimated,generating_population,rule_converged,100,100,100,100,0.060300749406336875,0.0012612474898819304,0.060300749406336875,0.0012612474898819304,0.003793664156808451,0.00015586502659103895,0.06159272811629999,0.0012652875701229947,0.012612474898819304,0.8603007494063369,0.012612474898819304,0.7999999999999998,0.05892723148289308,0.038798963277888204,0.08245753981456835
2pl,20,10000,-0.4,transposed_em_diagonal,sd_b,estimated,realized_item_pool,all_returned,100,100,100,100,0.06036563710176535,0.0011929950911996822,0.06036563710176535,0.0011929950911996822,0.0037849106341770575,0.00014327241519611242,0.061521627369381715,0.0011644069030870329,0.011929950911996822,0.8603007494063369,0.012612474898819304,0.7999351123045715,0.06028961064731886,0.03731245688150941,0.08087076174640066
2pl,20,10000,-0.4,transposed_em_diagonal,sd_b,estimated,realized_item_pool,rule_converged,100,100,100,100,0.06036563710176535,0.0011929950911996822,0.06036563710176535,0.0011929950911996822,0.0037849106341770575,0.00014327241519611242,0.061521627369381715,0.0011644069030870329,0.011929950911996822,0.8603007494063369,0.012612474898819304,0.7999351123045715,0.06028961064731886,0.03731245688150941,0.08087076174640066
2pl,20,10000,-0.4,transposed_em_diagonal,sd_log_a,estimated,generating_population,all_returned,100,100,100,100,-0.0005116450830626795,0.001653773727807856,0.012876392892625871,0.001030945792605062,0.000271023567426984,3.59863765734994e-05,0.016462793427209854,0.0010929608250450616,0.01653773727807856,0.34948835491693736,0.016537737278078557,0.3500000000000001,-0.0003093878802716832,-0.03373614785870267,0.030497141817753003
2pl,20,10000,-0.4,transposed_em_diagonal,sd_log_a,estimated,generating_population,rule_converged,100,100,100,100,-0.0005116450830626795,0.001653773727807856,0.012876392892625871,0.001030945792605062,0.000271023567426984,3.59863765734994e-05,0.016462793427209854,0.0010929608250450616,0.01653773727807856,0.34948835491693736,0.016537737278078557,0.3500000000000001,-0.0003093878802716832,-0.03373614785870267,0.030497141817753003
2pl,20,10000,-0.4,transposed_em_diagonal,sd_log_a,estimated,realized_item_pool,all_returned,100,100,100,100,-0.0004763439231304256,0.0017009875432708564,0.013184678980391001,0.0010675831637041839,0.0002866694071470031,3.964684325054768e-05,0.016931314395137877,0.0011708140999948879,0.017009875432708564,0.34948835491693736,0.016537737278078557,0.34996469884006776,-0.001267339556055458,-0.03390574078915102,0.03206478355121216
2pl,20,10000,-0.4,transposed_em_diagonal,sd_log_a,estimated,realized_item_pool,rule_converged,100,100,100,100,-0.0004763439231304256,0.0017009875432708564,0.013184678980391001,0.0010675831637041839,0.0002866694071470031,3.964684325054768e-05,0.016931314395137877,0.0011708140999948879,0.017009875432708564,0.34948835491693736,0.016537737278078557,0.34996469884006776,-0.001267339556055458,-0.03390574078915102,0.03206478355121216
2pl,20,10000,-0.4,transposed_em_diagonal,variance_b,derived,generating_population,all_returned,100,100,100,100,0.10027486320694753,0.002172892947223142,0.10027486320694753,0.002172892947223142,0.010522473103421155,0.0004483627913698874,0.10257910656376938,0.0021854489008010514,0.021728929472231418,0.7402748632069476,0.021728929472231418,0.6399999999999999,0.09775599371859911,0.06358377125039406,0.13873649969507942
2pl,20,10000,-0.4,transposed_em_diagonal,variance_b,derived,generating_population,rule_converged,100,100,100,100,0.10027486320694753,0.002172892947223142,0.10027486320694753,0.002172892947223142,0.010522473103421155,0.0004483627913698874,0.10257910656376938,0.0021854489008010514,0.021728929472231418,0.7402748632069476,0.021728929472231418,0.6399999999999999,0.09775599371859911,0.06358377125039406,0.13873649969507942
2pl,20,10000,-0.4,transposed_em_diagonal,variance_b,derived,realized_item_pool,all_returned,100,100,100,100,0.1003501783881399,0.002048355873706286,0.1003501783881399,0.002048355873706286,0.010485538719280853,0.0004107046302235655,0.10239891952203818,0.0020054148624838474,0.02048355873706286,0.7402748632069476,0.021728929472231418,0.6399246848188078,0.0998401907003097,0.06152386193528342,0.1353864279447608
2pl,20,10000,-0.4,transposed_em_diagonal,variance_b,derived,realized_item_pool,rule_converged,100,100,100,100,0.1003501783881399,0.002048355873706286,0.1003501783881399,0.002048355873706286,0.010485538719280853,0.0004107046302235655,0.10239891952203818,0.0020054148624838474,0.02048355873706286,0.7402748632069476,0.021728929472231418,0.6399246848188078,0.0998401907003097,0.06152386193528342,0.1353864279447608
2pl,20,10000,-0.4,transposed_em_diagonal,variance_log_a,derived,generating_population,all_returned,100,100,100,100,-8.71279907169266e-05,0.0011542840528667659,0.008995191878701127,0.0007177328935906999,0.00013191238708231654,1.7313062701956442e-05,0.01148531179734867,0.0007537045144021724,0.011542840528667659,0.12241287200928308,0.01154284052866766,0.12250000000000005,-0.00021647330468795023,-0.022476839742892978,0.022278437746590263
2pl,20,10000,-0.4,transposed_em_diagonal,variance_log_a,derived,generating_population,rule_converged,100,100,100,100,-8.71279907169266e-05,0.0011542840528667659,0.008995191878701127,0.0007177328935906999,0.00013191238708231654,1.7313062701956442e-05,0.01148531179734867,0.0007537045144021724,0.011542840528667659,0.12241287200928308,0.01154284052866766,0.12250000000000005,-0.00021647330468795023,-0.022476839742892978,0.022278437746590263
2pl,20,10000,-0.4,transposed_em_diagonal,variance_log_a,derived,realized_item_pool,all_returned,100,100,100,100,-6.928723789045605e-05,0.0011879549415221109,0.009210881243062723,0.0007445215724542364,0.0001397172580869279,1.9179022134435063e-05,0.011820205501044722,0.0008112812477219595,0.011879549415221109,0.12241287200928308,0.01154284052866766,0.12248215924717351,-0.0008914353429039512,-0.022457234541811963,0.023346813087677963
2pl,20,10000,-0.4,transposed_em_diagonal,variance_log_a,derived,realized_item_pool,rule_converged,100,100,100,100,-6.928723789045605e-05,0.0011879549415221109,0.009210881243062723,0.0007445215724542364,0.0001397172580869279,1.9179022134435063e-05,0.011820205501044722,0.0008112812477219595,0.011879549415221109,0.12241287200928308,0.01154284052866766,0.12248215924717351,-0.0008914353429039512,-0.022457234541811963,0.023346813087677963
2pl,20,10000,0.0,transposed_em_correlated,corr_b_log_a,estimated,generating_population,all_returned,100,100,100,100,-0.004343579381364527,0.007621837331813956,0.059639745182449196,0.004728075935747646,0.00577001470879287,0.0009935278283350845,0.07596061287794399,0.006539756531003229,0.07621837331813956,-0.004343579381364527,0.07621837331813956,0.0,-0.0030612097336258004,-0.1548844709331807,0.12548202209360965
2pl,20,10000,0.0,transposed_em_correlated,corr_b_log_a,estimated,generating_population,rule_converged,100,98,98,98,-0.005171786516361676,0.007754246703245463,0.06011732018140742,0.004810967236324587,0.005859196543445753,0.001011837229609913,0.07654538877976748,0.006609393758003633,0.07676312597601616,-0.005171786516361676,0.07676312597601616,0.0,-0.0045036384278298,-0.15610072054366625,0.1265725185380296
2pl,20,10000,0.0,transposed_em_correlated,corr_b_log_a,estimated,realized_item_pool,all_returned,100,100,100,100,-0.003418545019118743,0.007765558453035578,0.06022210233366747,0.004877355169219747,0.005981772360711462,0.001072677446937979,0.07734191852230886,0.006934644675439303,0.07765558453035579,-0.004343579381364527,0.07621837331813956,-0.000925034362245787,0.0035568441480237495,-0.15569351255854835,0.12332196430503614
2pl,20,10000,0.0,transposed_em_correlated,corr_b_log_a,estimated,realized_item_pool,rule_converged,100,98,98,98,-0.003907306093748101,0.00791333393432761,0.06103212998052354,0.0049373069422784304,0.006089489874659788,0.0010919005929258237,0.07803518356907856,0.006996206986296431,0.07833800921459344,-0.005171786516361676,0.07676312597601616,-0.0012644804226135755,0.0027601293453339993,-0.15639192517985512,0.12438690090384982
2pl,20,10000,0.0,transposed_em_correlated,cov_b_log_a,derived,generating_population,all_returned,100,100,100,100,-0.000986318337081632,0.0025103973271413224,0.01869601398540847,0.001667694423088311,0.0006248802031337745,0.00015567279170499126,0.024997603947854174,0.0031137542628031437,0.025103973271413223,-0.000986318337081632,0.025103973271413223,0.0,-0.000878663974581,-0.04916363926474985,0.03809644065491559
2pl,20,10000,0.0,transposed_em_correlated,cov_b_log_a,derived,generating_population,rule_converged,100,98,98,98,-0.0013011294212699179,0.00255139381634845,0.018782883152699575,0.0016999952930036,0.0006331251471627018,0.00015874899842493006,0.025161978204479508,0.0031545412911268733,0.025257510166243797,-0.0013011294212699179,0.025257510166243797,0.0,-0.00134819822589135,-0.04958321054988824,0.03836204099919181
2pl,20,10000,0.0,transposed_em_correlated,cov_b_log_a,derived,realized_item_pool,all_returned,100,100,100,100,-0.0007301640653950617,0.0025505984371778485,0.018841958453968088,0.001710228963249501,0.0006445828259480685,0.00016709068853591866,0.025388635763822925,0.003290659058845759,0.025505984371778485,-0.000986318337081632,0.025103973271413223,-0.00025615427168657024,0.00102156064030185,-0.04772499607093283,0.03735316264317875
2pl,20,10000,0.0,transposed_em_correlated,cov_b_log_a,derived,realized_item_pool,rule_converged,100,98,98,98,-0.0009497076037987181,0.002596869630938324,0.019021845987388174,0.0017386252186313345,0.0006550439369014185,0.00017034498369443923,0.02559382614814398,0.0033278530280786553,0.025707697762514543,-0.0013011294212699179,0.025257510166243797,-0.0003514218174711993,0.0007091910560178498,-0.04791252939064698,0.037598654970940185
2pl,20,10000,0.0,transposed_em_correlated,mean_b,identification_constraint,generating_population,all_returned,100,100,100,100,0.0,0.0,0.0,0.0,0.0,0.0,0.0,0.0,0.0,0.0,0.0,0.0,0.0,0.0,0.0
2pl,20,10000,0.0,transposed_em_correlated,mean_b,identification_constraint,generating_population,rule_converged,100,98,98,98,0.0,0.0,0.0,0.0,0.0,0.0,0.0,0.0,0.0,0.0,0.0,0.0,0.0,0.0,0.0
2pl,20,10000,0.0,transposed_em_correlated,mean_log_a,identification_constraint,generating_population,all_returned,100,100,100,100,-3.0883143264937014e-18,1.696895654867137e-17,1.247645667334929e-16,1.1437111188689424e-17,2.851614083409824e-32,5.401577066534301e-33,1.6886722841954338e-16,1.5993562271047388e-17,1.6968956548671373e-16,-3.0883143264937014e-18,1.6968956548671373e-16,0.0,-1.441000097024414e-17,-3.475786325424223e-16,3.233747297715083e-16
2pl,20,10000,0.0,transposed_em_correlated,mean_log_a,identification_constraint,generating_population,rule_converged,100,98,98,98,-3.59535955429359e-18,1.7191744523501468e-17,1.2443024926749175e-16,1.1664988329433612e-17,2.8681866347174895e-32,5.510377169956765e-33,1.6935721522029965e-16,1.6268504305496737e-17,1.7018958786192412e-16,-3.59535955429359e-18,1.7018958786192412e-16,0.0,-1.441000097024414e-17,-3.485134403291567e-16,3.239272045041375e-16
2pl,20,10000,0.0,transposed_em_correlated,sd_b,estimated,generating_population,all_returned,100,100,100,100,0.06639199175165063,0.0016288765437703727,0.06639199175165063,0.0016288765437703727,0.00467056720944093,0.0003033489343597238,0.06834154819318136,0.002219359543203836,0.016288765437703728,0.8663919917516506,0.016288765437703728,0.7999999999999998,0.06372257727432823,0.04661462765846755,0.11187781744608381
2pl,20,10000,0.0,transposed_em_correlated,sd_b,estimated,generating_population,rule_converged,100,98,98,98,0.06509696991211157,0.0013763996527824704,0.06509696991211157,0.0013763996527824704,0.004421379664143792,0.00025207141629306375,0.06649345579937767,0.001895460337131575,0.01362566139347412,0.8650969699121116,0.013625661393474122,0.7999999999999999,0.06334071204912584,0.04652536276952838,0.09229845033131012
2pl,20,10000,0.0,transposed_em_correlated,sd_b,estimated,realized_item_pool,all_returned,100,100,100,100,0.06707305653197744,0.0015579400440259193,0.06707305653197744,0.0015579400440259193,0.004739085453439011,0.0003021253835868079,0.06884101577866941,0.002194370464827034,0.015579400440259192,0.8663919917516506,0.016288765437703728,0.7993189352196732,0.06357213207133983,0.051664885128498886,0.11063921198293045
2pl,20,10000,0.0,transposed_em_correlated,sd_b,estimated,realized_item_pool,rule_converged,100,98,98,98,0.06592718120474067,0.0013599029379600003,0.06592718120474067,0.0013599029379600003,0.004525778813667919,0.00026741558739103193,0.06727390886270783,0.0019875133756295624,0.013462352248618352,0.8650969699121116,0.013625661393474122,0.7991697887073709,0.06343383579463724,0.05160560508548167,0.08947841180054582
2pl,20,10000,0.0,transposed_em_correlated,sd_log_a,estimated,generating_population,all_returned,100,100,100,100,0.005005117534960164,0.002085661388511484,0.013726219448494247,0.0016431383513184615,0.0004556995608640032,0.00014250104302082365,0.021347120669167614,0.003337711095310452,0.020856613885114842,0.35500511753496006,0.02085661388511484,0.3500000000000001,0.0015318405090217202,-0.019118428489378038,0.06850030263462159
2pl,20,10000,0.0,transposed_em_correlated,sd_log_a,estimated,generating_population,rule_converged,100,98,98,98,0.00347275929639603,0.0018210810676448225,0.012371842881634888,0.0013648087270975659,0.0003337446738593426,0.00011571552916227274,0.01826868013457301,0.0031670467792384205,0.018027782808309287,0.353472759296396,0.018027782808309287,0.35000000000000003,0.0010820818615252248,-0.01922426020331085,0.04186423924893118
2pl,20,10000,0.0,transposed_em_correlated,sd_log_a,estimated,realized_item_pool,all_returned,100,100,100,100,0.004532043241199785,0.0021004175040362804,0.013685641349438277,0.0016514647683517035,0.00045730303137504237,0.00014374082270453175,0.021384644756811892,0.0033608419578432407,0.021004175040362803,0.35500511753496006,0.02085661388511484,0.3504730742937603,0.0004492531013752521,-0.020597602853382423,0.0681314271637182
2pl,20,10000,0.0,transposed_em_correlated,sd_log_a,estimated,realized_item_pool,rule_converged,100,98,98,98,0.0029648532868960416,0.0018223485920331377,0.012305259519792461,0.0013603498605450383,0.0003309229309286787,0.00011438057951816699,0.018191287225720963,0.0031438286389223295,0.018040330659573445,0.353472759296396,0.018027782808309287,0.3505079060094999,6.946925730488829e-05,-0.020809249031201103,0.042458975871923946
2pl,20,10000,0.0,transposed_em_correlated,variance_b,derived,generating_population,all_returned,100,100,100,100,0.11089775401208199,0.002903775289252438,0.11089775401208199,0.002903775289252438,0.013133071027041084,0.0009344362793418654,0.1145996118101675,0.004076960927624016,0.029037752892524377,0.750897754012082,0.029037752892524377,0.6399999999999999,0.10601683521355088,0.07675712259527034,0.19172174169917422
2pl,20,10000,0.0,transposed_em_correlated,variance_b,derived,generating_population,rule_converged,100,98,98,98,0.10857653152352237,0.0024473065156822085,0.10857653152352237,0.0024473065156822085,0.012369826188303405,0.0007785305512153012,0.11121972032109866,0.0034999663232726727,0.02422709846033276,0.7485765315235223,0.02422709846033276,0.6399999999999999,0.10535718508357744,0.07660596870562553,0.15622321307077427
2pl,20,10000,0.0,transposed_em_correlated,variance_b,derived,realized_item_pool,all_returned,100,100,100,100,0.1119556581152196,0.0027819936110842565,0.1119556581152196,0.0027819936110842565,0.01330027874077119,0.000931632544078514,0.11532683443488419,0.004039097009137679,0.027819936110842564,0.750897754012082,0.029037752892524377,0.6389420958968623,0.10603044921640709,0.0844825207347728,0.18972358167198458
2pl,20,10000,0.0,transposed_em_correlated,variance_b,derived,realized_item_pool,rule_converged,100,98,98,98,0.1098733779015367,0.0024121994838014636,0.1098733779015367,0.0024121994838014636,0.012636573687410144,0.0008219767281468152,0.11241251570625997,0.003656073004783049,0.02387955657598986,0.7485765315235223,0.02422709846033276,0.6387031536219857,0.10591363508240198,0.08436544805099801,0.15115348618954177
2pl,20,10000,0.0,transposed_em_correlated,variance_log_a,derived,generating_population,all_returned,100,100,100,100,0.003959281835336077,0.0015771099945186557,0.00995134396862993,0.0012827014714293216,0.0002619162301978749,8.927907208515055e-05,0.016183826191536875,0.0027582807374636133,0.015771099945186558,0.12645928183533608,0.015771099945186554,0.12250000000000005,0.0010747359388782046,-0.013016268399581737,0.05270418606106424
2pl,20,10000,0.0,transposed_em_correlated,variance_log_a,derived,generating_population,rule_converged,100,98,98,98,0.0027646761813365215,0.0013609244664961623,0.00887902529694249,0.0010574309380298836,0.00018729862852791236,7.341558632534106e-05,0.01368570891579652,0.0026821988826827322,0.01347246486518969,0.12526467618133655,0.013472464865189692,0.12250000000000004,0.0007586455963979541,-0.013086315127576912,0.031058141680341628
2pl,20,10000,0.0,transposed_em_correlated,variance_log_a,derived,realized_item_pool,all_returned,100,100,100,100,0.003621774540787105,0.0015879575740128209,0.009924724340144759,0.0012880821779811574,0.0002627565672538973,8.991486996291783e-05,0.016209767649596255,0.0027734780629368673,0.01587957574012821,0.12645928183533608,0.015771099945186554,0.12283750729454895,0.0003140959597793466,-0.01409165237971363,0.05244573723847992
2pl,20,10000,0.0,transposed_em_correlated,variance_log_a,derived,realized_item_pool,rule_converged,100,98,98,98,0.002402761970949841,0.0013620410519790498,0.008834343398865815,0.0010536033264677044,0.00018572338033483377,7.266908749456761e-05,0.013628036554648428,0.002666161306625667,0.01348351849752383,0.12526467618133655,0.013472464865189692,0.12286191421038666,4.8013634109701775e-05,-0.014232212429957185,0.031473814168920665
2pl,20,10000,0.0,transposed_em_diagonal,corr_b_log_a,fixed_restriction,generating_population,all_returned,100,100,100,100,0.0,0.0,0.0,0.0,0.0,0.0,0.0,0.0,0.0,0.0,0.0,0.0,0.0,0.0,0.0
2pl,20,10000,0.0,transposed_em_diagonal,corr_b_log_a,fixed_restriction,generating_population,rule_converged,100,99,99,99,0.0,0.0,0.0,0.0,0.0,0.0,0.0,0.0,0.0,0.0,0.0,0.0,0.0,0.0,0.0
2pl,20,10000,0.0,transposed_em_diagonal,corr_b_log_a,fixed_restriction,realized_item_pool,all_returned,100,100,100,100,0.000925034362245787,0.0010244409407940166,0.00847262530475887,0.0005770768719061799,0.00010475413344765349,1.2525625396645772e-05,0.01023494667536932,0.0006119047706808787,0.010244409407940165,0.0,0.0,-0.000925034362245787,0.00187478662849785,-0.01949786357753192,0.019018497349212418
2pl,20,10000,0.0,transposed_em_diagonal,corr_b_log_a,fixed_restriction,realized_item_pool,rule_converged,100,99,99,99,0.0008684588268048394,0.0010332623439341755,0.008492288061666539,0.0005825971864968912,0.00010538206573030518,1.2636882875200354e-05,0.010265576736370206,0.0006154979500776016,0.010280830514498442,0.0,0.0,-0.0008684588268048394,0.0016305362997888,-0.01957075997134944,0.01902393129480734
2pl,20,10000,0.0,transposed_em_diagonal,cov_b_log_a,fixed_restriction,generating_population,all_returned,100,100,100,100,0.0,0.0,0.0,0.0,0.0,0.0,0.0,0.0,0.0,0.0,0.0,0.0,0.0,0.0,0.0
2pl,20,10000,0.0,transposed_em_diagonal,cov_b_log_a,fixed_restriction,generating_population,rule_converged,100,99,99,99,0.0,0.0,0.0,0.0,0.0,0.0,0.0,0.0,0.0,0.0,0.0,0.0,0.0,0.0,0.0
2pl,20,10000,0.0,transposed_em_diagonal,cov_b_log_a,fixed_restriction,realized_item_pool,all_returned,100,100,100,100,0.000256154271686576,0.0002864539470819227,0.0023711427939362723,0.00016102033806386244,8.189145526985765e-06,9.763032365489967e-07,0.0028616683118394006,0.0001705828786148623,0.002864539470819227,0.0,0.0,-0.000256154271686576,0.0005176139859676,-0.005451570991815605,0.00524238188310978
2pl,20,10000,0.0,transposed_em_diagonal,cov_b_log_a,fixed_restriction,realized_item_pool,rule_converged,100,99,99,99,0.00024018764307600209,0.00028891233500137,0.002376539685752463,0.00016256371695532652,8.237783160848903e-06,9.849906195908055e-07,0.002870153856651051,0.0001715919544362181,0.0028746414375150236,0.0,0.0,-0.00024018764307600209,0.0004466938658201,-0.0054725246388466105,0.005244241850389859
2pl,20,10000,0.0,transposed_em_diagonal,mean_b,identification_constraint,generating_population,all_returned,100,100,100,100,0.0,0.0,0.0,0.0,0.0,0.0,0.0,0.0,0.0,0.0,0.0,0.0,0.0,0.0,0.0
2pl,20,10000,0.0,transposed_em_diagonal,mean_b,identification_constraint,generating_population,rule_converged,100,99,99,99,0.0,0.0,0.0,0.0,0.0,0.0,0.0,0.0,0.0,0.0,0.0,0.0,0.0,0.0,0.0
2pl,20,10000,0.0,transposed_em_diagonal,mean_log_a,identification_constraint,generating_population,all_returned,100,100,100,100,1.105050079219794e-17,1.5903186244641813e-17,1.1688031792411734e-16,1.077751437309296e-17,2.5160335508203063e-32,5.1619811013418464e-33,1.586200980588622e-16,1.6271522854015294e-17,1.5903186244641813e-16,1.105050079219794e-17,1.5903186244641813e-16,0.0,3.307076834602185e-18,-3.0573099607522635e-16,3.4340762872231416e-16
2pl,20,10000,0.0,transposed_em_diagonal,mean_log_a,identification_constraint,generating_population,rule_converged,100,99,99,99,1.1855562827752426e-17,1.6044046764526704e-17,1.1736748638064686e-16,1.0875805527623307e-17,2.536687515503013e-32,5.2102127208815226e-33,1.5926981871977544e-16,1.6356560090171706e-17,1.5963624971055182e-16,1.1855562827752426e-17,1.5963624971055182e-16,0.0,3.7733705049447504e-18,-3.0741631462660733e-16,3.436362999709175e-16
2pl,20,10000,0.0,transposed_em_diagonal,sd_b,estimated,generating_population,all_returned,100,100,100,100,0.06137512685975345,0.0009210923078876255,0.06137512685975345,0.0009210923078876255,0.003850898889976155,0.00011678978028042397,0.06205561126905572,0.0009410090231329464,0.009210923078876256,0.8613751268597535,0.009210923078876256,0.7999999999999998,0.06133162302804013,0.044840945394160725,0.07881528002198121
2pl,20,10000,0.0,transposed_em_diagonal,sd_b,estimated,generating_population,rule_converged,100,99,99,99,0.06103355419301098,0.0008641021959733129,0.06103355419301098,0.0008641021959733129,0.0037982686527296265,0.00010531735764706085,0.061630095349022675,0.0008544312405378338,0.008597708293696889,0.861033554193011,0.00859770829369689,0.7999999999999999,0.06124538416638381,0.04483521383869715,0.07767926178191899
2pl,20,10000,0.0,transposed_em_diagonal,sd_b,estimated,realized_item_pool,all_returned,100,100,100,100,0.06205619164008027,0.0007635390571750536,0.06205619164008027,0.0007635390571750536,0.003908687118161713,9.984536269708481e-05,0.06251949390519498,0.0007985138431262019,0.0076353905717505355,0.8613751268597535,0.009210923078876256,0.7993189352196732,0.0609755309551932,0.05020935715268059,0.07848634548227564
2pl,20,10000,0.0,transposed_em_diagonal,sd_b,estimated,realized_item_pool,rule_converged,100,99,99,99,0.061762958672947545,0.0007121441602067908,0.061762958672947545,0.0007121441602067908,0.003864363695918056,9.037637114844816e-05,0.06216400643393294,0.0007269188098783413,0.007085744928146009,0.861033554193011,0.00859770829369689,0.7992705955200633,0.06095445571386571,0.050185903699418596,0.07738114098455959
2pl,20,10000,0.0,transposed_em_diagonal,sd_log_a,estimated,generating_population,all_returned,100,100,100,100,0.000123675656469463,0.0014785220434322375,0.011279464292170147,0.0009492458293444246,0.00021643201152659206,4.3185023427714515e-05,0.0147116284457769,0.0014677173090281229,0.014785220434322375,0.35012367565646957,0.014785220434322377,0.3500000000000001,-0.0020937904978012845,-0.027026801857438245,0.029153755941964142
2pl,20,10000,0.0,transposed_em_diagonal,sd_log_a,estimated,generating_population,rule_converged,100,99,99,99,-0.00047884392242793244,0.001363892086056853,0.010789629446966695,0.000821353704011969,0.00018252905049808067,2.7021070424564493e-05,0.013510331250494218,0.0010000150967274042,0.013570554911957099,0.34952115607757206,0.013570554911957099,0.35000000000000003,-0.00268632292947929,-0.0270512293169266,0.026798589604082705
2pl,20,10000,0.0,transposed_em_diagonal,sd_log_a,estimated,realized_item_pool,all_returned,100,100,100,100,-0.0003493986372909125,0.0014776402473851474,0.011337916414791937,0.0009413743453352611,0.0002162807287762923,4.287391822942118e-05,0.014706485942477636,0.0014576533917455374,0.014776402473851475,0.35012367565646957,0.014785220434322377,0.3504730742937603,-0.0022952453545198315,-0.026329363552717873,0.026764418935000235
2pl,20,10000,0.0,transposed_em_diagonal,sd_log_a,estimated,realized_item_pool,rule_converged,100,99,99,99,-0.0009563275816546513,0.0013609187912260602,0.010849041157822975,0.0008126466217337195,0.0001824203581620292,2.6566208515818743e-05,0.013506308087779917,0.0009834741049574833,0.013540971001922569,0.34952115607757206,0.013570554911957099,0.35047748365922665,-0.0025831868519505807,-0.026394103996717697,0.0254053666580279
2pl,20,10000,0.0,transposed_em_diagonal,variance_b,derived,generating_population,all_returned,100,100,100,100,0.10205110186558175,0.0015897030102176054,0.10205110186558175,0.0015897030102176054,0.010664615802388136,0.00033688592227854735,0.10326962671757914,0.0016310987702117875,0.015897030102176055,0.7420511018655819,0.015897030102176052,0.6399999999999999,0.10189217226525915,0.07375623612193981,0.1323164348027234
2pl,20,10000,0.0,transposed_em_diagonal,variance_b,derived,generating_population,rule_converged,100,99,99,99,0.10145195536154725,0.0014874231681060134,0.10145195536154725,0.0014874231681060134,0.010509317159421187,0.00030199076908803005,0.10251496066146241,0.001472910720247464,0.014799673659268113,0.7414519553615472,0.014799673659268112,0.6399999999999999,0.10174361174790214,0.0737465515507655,0.1303215647488999
2pl,20,10000,0.0,transposed_em_diagonal,variance_b,derived,realized_item_pool,all_returned,100,100,100,100,0.10310900596871936,0.0013167513476091141,0.10310900596871936,0.0013167513476091141,0.010803116688889012,0.00028732344556842984,0.10393804254886183,0.0013821861491828537,0.013167513476091141,0.7420511018655819,0.015897030102176052,0.6389420958968623,0.10131668950874462,0.08225289367545724,0.1310029110852751
2pl,20,10000,0.0,transposed_em_diagonal,variance_b,derived,realized_item_pool,rule_converged,100,99,99,99,0.10258705195287261,0.0012211562423107677,0.10258705195287261,0.0012211562423107677,0.010670243040058563,0.0002573399161987531,0.10329686849105622,0.0012456327087061424,0.012150351198435414,0.7414519553615472,0.014799673659268112,0.6388649034086746,0.10115864474298442,0.0821877912980188,0.12876273209155967
2pl,20,10000,0.0,transposed_em_diagonal,variance_log_a,derived,generating_population,all_returned,100,100,100,100,0.00030300497105518077,0.0010555529070787038,0.007944959031875753,0.0006910279271855689,0.00011039681403707214,2.411174890909166e-05,0.010506988818737371,0.001147414798143336,0.010555529070787039,0.12280300497105517,0.01055552907078704,0.12250000000000005,-0.0014609182951296484,-0.018188075197955508,0.021260939671992378
2pl,20,10000,0.0,transposed_em_diagonal,variance_log_a,derived,generating_population,rule_converged,100,99,99,99,-0.00015266169520150726,0.0009618009408931126,0.00756648382077887,0.0005840360195905177,9.067928848366372e-05,1.4018778277497675e-05,0.009522567326286736,0.0007360818672711978,0.009569798531859738,0.12234733830479848,0.009569798531859738,0.12250000000000005,-0.0018732097197541042,-0.018203855220783965,0.019477398397965164
2pl,20,10000,0.0,transposed_em_diagonal,variance_log_a,derived,realized_item_pool,all_returned,100,100,100,100,-3.4502323493785236e-05,0.0010551663573989437,0.007988737721027078,0.000684647577054068,0.0001102254185471955,2.3928586532887877e-05,0.010498829389374584,0.001139583550005345,0.010551663573989437,0.12280300497105517,0.01055552907078704,0.12283750729454894,-0.0015930246795032507,-0.017668639124610325,0.019559459317614755
2pl,20,10000,0.0,transposed_em_diagonal,variance_log_a,derived,realized_item_pool,rule_converged,100,99,99,99,-0.0004933197269226234,0.0009598376946647602,0.007610963146330772,0.0005767862012196373,9.052962756270845e-05,1.3726671154247103e-05,0.009514705857918491,0.0007213397533893945,0.009550264478528163,0.12234733830479848,0.009569798531859738,0.1228406580317211,-0.0017910060719056042,-0.017711037606599405,0.01849510807238773
2pl,20,10000,0.4,transposed_em_correlated,corr_b_log_a,estimated,generating_population,all_returned,100,100,100,100,-0.1976569237751211,0.007790274060464246,0.1976569237751211,0.007790274060464246,0.0450764081400211,0.0036239047452860823,0.21231205368518552,0.008534382957501738,0.07790274060464246,0.2023430762248789,0.07790274060464246,0.3999999999999999,-0.19157632992421503,-0.37004719127252333,-0.06981850287282167
2pl,20,10000,0.4,transposed_em_correlated,corr_b_log_a,estimated,generating_population,rule_converged,100,99,99,99,-0.19655436906260276,0.0077901522766184545,0.19655436906260276,0.0077901522766184545,0.04458089430190241,0.003626314207817104,0.21114188192280187,0.008587387245944328,0.07751103648382897,0.2034456309373973,0.07751103648382897,0.39999999999999997,-0.18862465149136412,-0.37047338796256274,-0.06961066812676975
2pl,20,10000,0.4,transposed_em_correlated,corr_b_log_a,estimated,realized_item_pool,all_returned,100,100,100,100,-0.19738380168995168,0.007877774020006487,0.19738380168995168,0.007877774020006487,0.04510423819709679,0.0036693836161248313,0.21237758402688545,0.008638820412563678,0.07877774020006487,0.2023430762248789,0.07790274060464246,0.3997268779148305,-0.19125225308309685,-0.37421469923659706,-0.06909496660034516
2pl,20,10000,0.4,transposed_em_correlated,corr_b_log_a,estimated,realized_item_pool,rule_converged,100,99,99,99,-0.1963854271441241,0.007893588962616925,0.1963854271441241,0.007893588962616925,0.044673493172233354,0.0036810095728410843,0.21136104932610775,0.008707871163058233,0.07854021851487317,0.2034456309373973,0.07751103648382897,0.39983105808152136,-0.1908958664026085,-0.3745411518324765,-0.0690471759126588
2pl,20,10000,0.4,transposed_em_correlated,cov_b_log_a,derived,generating_population,all_returned,100,100,100,100,-0.05214466729852189,0.0022812578658250177,0.052328105301182454,0.0022384277735675133,0.003234275935262002,0.0002839761094014861,0.05687069487233299,0.002496682254709337,0.022812578658250177,0.05985533270147814,0.022812578658250177,0.11200000000000003,-0.05027136316866457,-0.10209650269042717,-0.010772707743510749
2pl,20,10000,0.4,transposed_em_correlated,cov_b_log_a,derived,generating_population,rule_converged,100,99,99,99,-0.051947140310926274,0.0022957637428133236,0.05213243122270461,0.0022524976052650443,0.0032150174404390534,0.0002861987697458536,0.05670112380225857,0.0025237486539416124,0.022842560826641302,0.06005285968907375,0.022842560826641302,0.11200000000000003,-0.04930132676706532,-0.10222943452989253,-0.010556060500416855
2pl,20,10000,0.4,transposed_em_correlated,cov_b_log_a,derived,realized_item_pool,all_returned,100,100,100,100,-0.05226206214627574,0.0023120864939412235,0.05241028057082776,0.002277944940092878,0.0032605517913722637,0.00029068521767480884,0.057101241592212894,0.0025453493616717665,0.023120864939412233,0.05985533270147814,0.022812578658250177,0.11211739484775388,-0.05073931389971595,-0.1045439269798207,-0.01109555591382849
2pl,20,10000,0.4,transposed_em_correlated,cov_b_log_a,derived,realized_item_pool,rule_converged,100,99,99,99,-0.052092596250484687,0.002329277996576593,0.05224231183084024,0.0022948077267022616,0.0032453411106789245,0.00029323413186271803,0.05696789543838639,0.002573678820379325,0.02317602344122587,0.06005285968907375,0.022842560826641302,0.11214545593955842,-0.0506438577558872,-0.10459964357839435,-0.011047837114480801
2pl,20,10000,0.4,transposed_em_correlated,mean_b,identification_constraint,generating_population,all_returned,100,100,100,100,0.0,0.0,0.0,0.0,0.0,0.0,0.0,0.0,0.0,0.0,0.0,0.0,0.0,0.0,0.0
2pl,20,10000,0.4,transposed_em_correlated,mean_b,identification_constraint,generating_population,rule_converged,100,99,99,99,0.0,0.0,0.0,0.0,0.0,0.0,0.0,0.0,0.0,0.0,0.0,0.0,0.0,0.0,0.0
2pl,20,10000,0.4,transposed_em_correlated,mean_log_a,identification_constraint,generating_population,all_returned,100,100,100,100,8.540598783746148e-19,1.766413081702394e-17,1.3211482602359937e-16,1.1650002123207189e-17,3.08908596528484e-32,4.7734187642197624e-33,1.7575795758044187e-16,1.3579523880263111e-17,1.766413081702394e-16,8.540598783746148e-19,1.766413081702394e-16,0.0,-3.091971123581061e-18,-3.9738143331469186e-16,3.6131944658457363e-16
2pl,20,10000,0.4,transposed_em_correlated,mean_log_a,identification_constraint,generating_population,rule_converged,100,99,99,99,1.736847198050425e-18,1.7821169596433658e-17,1.3257515876353943e-16,1.1759088679429414e-17,3.112723704510482e-32,4.815965415649284e-33,1.7642912754164155e-16,1.3648441962942313e-17,1.7731839862997943e-16,1.736847198050425e-18,1.7731839862997943e-16,0.0,-2.8421709430404013e-18,-3.977665419263587e-16,3.6158048777323865e-16
2pl,20,10000,0.4,transposed_em_correlated,sd_b,estimated,generating_population,all_returned,100,100,100,100,0.06120309776921107,0.001614760721550122,0.06120309776921107,0.001614760721550122,0.0040039569431458534,0.00025892057605481707,0.0632768278530605,0.002045935177535088,0.01614760721550122,0.8612030977692109,0.016147607215501215,0.7999999999999998,0.05772362397310765,0.03968945113715088,0.09879978067239611
2pl,20,10000,0.4,transposed_em_correlated,sd_b,estimated,generating_population,rule_converged,100,99,99,99,0.06032950758063622,0.001371834898990624,0.06032950758063622,0.001371834898990624,0.003824078721950728,0.00018812634227397053,0.06183913584414588,0.0015210945278092843,0.013649584902800998,0.8603295075806361,0.013649584902800998,0.7999999999999999,0.05761797980278649,0.039663963629924345,0.09658210346292556
2pl,20,10000,0.4,transposed_em_correlated,sd_b,estimated,realized_item_pool,all_returned,100,100,100,100,0.060835443148304164,0.001525744898620702,0.060835443148304164,0.001525744898620702,0.0039314129951215915,0.0002475725352074306,0.06270098081466981,0.0019742317583452173,0.01525744898620702,0.8612030977692109,0.016147607215501215,0.8003676546209073,0.05850538645198272,0.04292506063630692,0.10041949486704886
2pl,20,10000,0.4,transposed_em_correlated,sd_b,estimated,realized_item_pool,rule_converged,100,99,99,99,0.05996952654781305,0.0012689727231517025,0.05996952654781305,0.0012689727231517025,0.0037541527080349525,0.00017458683241309298,0.061271140906914344,0.0014247068834439736,0.012626119175669208,0.8603295075806361,0.013649584902800998,0.8003599810328235,0.05837357000376031,0.04291663844560324,0.09268346655573599
2pl,20,10000,0.4,transposed_em_correlated,sd_log_a,estimated,generating_population,all_returned,100,100,100,100,-0.002845277360101747,0.0018842771942845099,0.014177153539939648,0.0012657232320144687,0.0003595951572010773,0.00011420958749794294,0.018962994415468178,0.0030113806130950974,0.0188427719428451,0.3471547226398982,0.0188427719428451,0.3500000000000001,-0.004339380002617188,-0.030369972612440174,0.025873148299469118
2pl,20,10000,0.4,transposed_em_correlated,sd_log_a,estimated,generating_population,rule_converged,100,99,99,99,-0.003947973888899068,0.0015434393446095707,0.013246400757607395,0.0008664698248581482,0.00024904258885533336,2.8960908004740783e-05,0.015781083259882173,0.0009175830178389483,0.01535702757822598,0.3460520261111009,0.01535702757822598,0.35000000000000003,-0.004450910313488876,-0.0304036582018447,0.024576835926122528
2pl,20,10000,0.4,transposed_em_correlated,sd_log_a,estimated,realized_item_pool,all_returned,100,100,100,100,-0.003257039280064852,0.0018400447427034932,0.013759546732235159,0.0012571969761822112,0.00034579900573181117,0.00011296894089340508,0.018595671693483168,0.0030375063282332233,0.018400447427034932,0.3471547226398982,0.0188427719428451,0.35041176191996315,-0.004878633643716795,-0.03086034851558999,0.02362152157531919
2pl,20,10000,0.4,transposed_em_correlated,sd_log_a,estimated,realized_item_pool,rule_converged,100,99,99,99,-0.004359036836674147,0.0014885159162866498,0.012829433882820816,0.0008544208709830611,0.00023613780618127314,2.741225183616513e-05,0.015366776050339028,0.0008919324309265361,0.014810546366384656,0.3460520261111009,0.01535702757822598,0.350411062947775,-0.005009569268930203,-0.030926977184646025,0.02277806698874309
2pl,20,10000,0.4,transposed_em_correlated,variance_b,derived,generating_population,all_returned,100,100,100,100,0.1019289133738836,0.002836560934185233,0.1019289133738836,0.002836560934185233,0.011186065096981907,0.0007803160777483413,0.10576419572323097,0.0036889425216748745,0.02836560934185233,0.7419289133738836,0.02836560934185233,0.6399999999999999,0.09568982628225176,0.06507863354660659,0.16784390188601003
2pl,20,10000,0.4,transposed_em_correlated,variance_b,derived,generating_population,rule_converged,100,99,99,99,0.10035129085096874,0.002381301545274784,0.10035129085096874,0.002381301545274784,0.010626100086309476,0.0005489622566253199,0.10308297670473761,0.002662720238462468,0.02369365121510991,0.7403512908509688,0.023693651215109905,0.6399999999999999,0.09550859928101274,0.06503582906547273,0.1638597058838913
2pl,20,10000,0.4,transposed_em_correlated,variance_b,derived,realized_item_pool,all_returned,100,100,100,100,0.10130963791492348,0.0026863448838844724,0.10130963791492348,0.0026863448838844724,0.010978071169134955,0.0007488941125342464,0.10477629106403297,0.0035737765907201628,0.026863448838844724,0.7419289133738836,0.02836560934185233,0.6406192754589601,0.09694276692533799,0.07047780099306493,0.17066035228855386
2pl,20,10000,0.4,transposed_em_correlated,variance_b,derived,realized_item_pool,rule_converged,100,99,99,99,0.09974399255546385,0.0022050969351581065,0.09974399255546385,0.0022050969351581065,0.01042538439526191,0.0005104816870671022,0.1021047716576552,0.0024997934904486385,0.02194043748084627,0.7403512908509688,0.023693651215109905,0.6406072982955049,0.09674163999550578,0.07047327581577081,0.15757233781905958
2pl,20,10000,0.4,transposed_em_correlated,variance_log_a,derived,generating_population,all_returned,100,100,100,100,-0.0016320989948701752,0.0013791793770962604,0.009946787659809657,0.0009641901508167458,0.00019097518679561155,7.349805350963807e-05,0.013819377221698941,0.002659238992124505,0.013791793770962605,0.1208679010051298,0.013791793770962606,0.12250000000000005,-0.003018723344014748,-0.020336192839373286,0.018780855833660317
2pl,20,10000,0.4,transposed_em_correlated,variance_log_a,derived,generating_population,rule_converged,100,99,99,99,-0.0025145391333740432,0.001070683148391671,0.009181305972363161,0.0005922117253731745,0.00011866642266975973,1.3302082861976465e-05,0.01089341189296355,0.0006105563157199978,0.010653162817714754,0.11998546086662594,0.010653162817714754,0.12250000000000005,-0.003095826616823602,-0.020357728960539025,0.01780856820430494
2pl,20,10000,0.4,transposed_em_correlated,variance_log_a,derived,realized_item_pool,all_returned,100,100,100,100,-0.0019252714989741824,0.0013495242122830234,0.00965413229669011,0.0009577158447911606,0.0001840070146990357,7.285466255056573e-05,0.013564918529023154,0.0026854073024724675,0.013495242122830233,0.1208679010051298,0.013791793770962606,0.12279317250410403,-0.0033827400403859467,-0.020576709613113357,0.017148205652259302
2pl,20,10000,0.4,transposed_em_correlated,variance_log_a,derived,realized_item_pool,rule_converged,100,99,99,99,-0.002807269910860049,0.0010317878286923517,0.008889097559507923,0.0005819929607792177,0.00011221020444931257,1.2495709195072615e-05,0.010592931815569879,0.0005898135385288691,0.010266159273084071,0.11998546086662594,0.010653162817714754,0.122792730777486,-0.0034779180043889996,-0.020616411274224967,0.01663306482469848
2pl,20,10000,0.4,transposed_em_diagonal,corr_b_log_a,fixed_restriction,generating_population,all_returned,100,100,100,100,-0.3999999999999999,1.1158161231197418e-17,0.3999999999999999,1.1158161231197418e-17,0.16000000000000006,2.7895403077993544e-18,0.4000000000000001,3.486925384749192e-18,1.1158161231197418e-16,0.0,0.0,0.3999999999999999,-0.4,-0.4,-0.4
2pl,20,10000,0.4,transposed_em_diagonal,corr_b_log_a,fixed_restriction,generating_population,rule_converged,100,99,99,99,-0.39999999999999997,5.607473066727768e-18,0.39999999999999997,5.607473066727768e-18,0.16000000000000006,2.803736533363884e-18,0.4000000000000001,3.504670666704854e-18,5.57936525530786e-17,0.0,0.0,0.39999999999999997,-0.4,-0.4,-0.4
2pl,20,10000,0.4,transposed_em_diagonal,corr_b_log_a,fixed_restriction,realized_item_pool,all_returned,100,100,100,100,-0.3997268779148305,0.0008741765068839832,0.3997268779148305,0.0008741765068839832,0.15985723119949147,0.0007017552468693497,0.399821499171182,0.0008775856830161302,0.008741765068839832,0.0,0.0,0.3997268779148305,-0.4001475722376875,-0.41480329688260237,-0.38433204128044934
2pl,20,10000,0.4,transposed_em_diagonal,corr_b_log_a,fixed_restriction,realized_item_pool,rule_converged,100,99,99,99,-0.3997119674946518,0.000882923162440224,0.3997119674946518,0.000882923162440224,0.15984605318290143,0.0007087899133589317,0.3998075201680196,0.0008864139337112292,0.008784974545584703,0.0,0.0,0.3997119674946518,-0.4001051655994134,-0.4148520389012981,-0.3842995100165946
2pl,20,10000,0.4,transposed_em_diagonal,cov_b_log_a,fixed_restriction,generating_population,all_returned,100,100,100,100,-0.11200000000000003,1.3947701538996772e-18,0.11200000000000003,1.3947701538996772e-18,0.012544000000000007,3.486925384749193e-19,0.11200000000000003,1.5566631181916035e-18,1.3947701538996772e-17,0.0,0.0,0.11200000000000003,-0.11200000000000002,-0.11200000000000002,-0.11200000000000002
2pl,20,10000,0.4,transposed_em_diagonal,cov_b_log_a,fixed_restriction,generating_population,rule_converged,100,99,99,99,-0.11200000000000003,1.401868266681942e-18,0.11200000000000003,1.401868266681942e-18,0.012544000000000003,1.7523353333524274e-19,0.11200000000000002,7.822925595323335e-19,1.394841313826965e-17,0.0,0.0,0.11200000000000003,-0.11200000000000002,-0.11200000000000002,-0.11200000000000002
2pl,20,10000,0.4,transposed_em_diagonal,cov_b_log_a,fixed_restriction,realized_item_pool,all_returned,100,100,100,100,-0.1121173948477539,0.0003092512556477034,0.1121173948477539,0.0003092512556477034,0.012579778225019997,6.971179382849222e-05,0.11215961048889211,0.0003107704882560921,0.003092512556477034,0.0,0.0,0.1121173948477539,-0.11197097297233564,-0.1180762788123717,-0.10612068839142558
2pl,20,10000,0.4,transposed_em_diagonal,cov_b_log_a,fixed_restriction,realized_item_pool,rule_converged,100,99,99,99,-0.11210748426031468,0.0003122304868435855,0.11210748426031468,0.0003122304868435855,0.012577641839114334,7.038646998672478e-05,0.11215008621982568,0.0003138047965864247,0.0031066541189105133,0.0,0.0,0.11210748426031468,-0.1119479482215679,-0.11811877354926921,-0.10611456816022784
2pl,20,10000,0.4,transposed_em_diagonal,mean_b,identification_constraint,generating_population,all_returned,100,100,100,100,0.0,0.0,0.0,0.0,0.0,0.0,0.0,0.0,0.0,0.0,0.0,0.0,0.0,0.0,0.0
2pl,20,10000,0.4,transposed_em_diagonal,mean_b,identification_constraint,generating_population,rule_converged,100,99,99,99,0.0,0.0,0.0,0.0,0.0,0.0,0.0,0.0,0.0,0.0,0.0,0.0,0.0,0.0,0.0
2pl,20,10000,0.4,transposed_em_diagonal,mean_log_a,identification_constraint,generating_population,all_returned,100,100,100,100,1.9435147935453204e-19,1.4559310674782297e-17,1.0979426395829606e-16,9.497812921830892e-18,2.098541697765568e-32,3.950981744432357e-33,1.44863442516239e-16,1.3636917899384649e-17,1.4559310674782297e-16,1.9435147935453204e-19,1.4559310674782297e-16,0.0,1.7478379854551917e-17,-3.470941589700516e-16,2.7770133415039277e-16
2pl,20,10000,0.4,transposed_em_diagonal,mean_log_a,identification_constraint,generating_population,rule_converged,100,99,99,99,1.9205246259754666e-18,1.4603391191030945e-17,1.0917908692720695e-16,9.574093846316727e-18,2.0903073774110434e-32,3.990227391309266e-33,1.4457895342722064e-16,1.3799475292639673e-17,1.453019077422927e-16,1.9205246259754666e-18,1.453019077422927e-16,0.0,1.7905121829642212e-17,-3.4876185273091663e-16,2.786768038554043e-16
2pl,20,10000,0.4,transposed_em_diagonal,sd_b,estimated,generating_population,all_returned,100,100,100,100,0.06085212690421441,0.001783388633078539,0.06085212690421441,0.001783388633078539,0.004017848375409394,0.0002512515221952833,0.06338649994604051,0.0019819008969509913,0.01783388633078539,0.8608521269042144,0.017833886330785385,0.7999999999999998,0.05854764945628016,0.02960483338677138,0.09850978802296036
2pl,20,10000,0.4,transposed_em_diagonal,sd_b,estimated,generating_population,rule_converged,100,99,99,99,0.06014491632221999,0.0016537922436052953,0.06014491632221999,0.0016537922436052953,0.003885443780337729,0.000215700923449329,0.06233332800627389,0.0017302214589570652,0.016455025059716397,0.86014491632222,0.016455025059716397,0.7999999999999999,0.05854698899200883,0.029578337870182804,0.09668419956999216
2pl,20,10000,0.4,transposed_em_diagonal,sd_b,estimated,realized_item_pool,all_returned,100,100,100,100,0.0604844722833075,0.001719119551366843,0.0604844722833075,0.001719119551366843,0.003950953218547475,0.0002491333459590787,0.06285660839201775,0.001981759375285642,0.01719119551366843,0.8608521269042144,0.017833886330785385,0.8003676546209073,0.058273570371194516,0.03571081746830143,0.09748195626791699
2pl,20,10000,0.4,transposed_em_diagonal,sd_b,estimated,realized_item_pool,rule_converged,100,99,99,99,0.059726186022862116,0.0015585098780276298,0.059726186022862116,0.0015585098780276298,0.0038052546947486814,0.0002041392187809791,0.06168674650805213,0.0016546440713511475,0.015506977492440621,0.86014491632222,0.016455025059716397,0.8004187302993581,0.058068149214510534,0.03569131077278675,0.09472570581915797
2pl,20,10000,0.4,transposed_em_diagonal,sd_log_a,estimated,generating_population,all_returned,100,100,100,100,-0.0013582568239749503,0.0022312326082483047,0.014723810850432215,0.0016754789814159964,0.0004947063578588172,0.0002173613687475103,0.02224199536594721,0.0048862830238759385,0.022312326082483045,0.34864174317602503,0.02231232608248305,0.3500000000000001,-0.003117189385558633,-0.036366945883679246,0.030312473911530847
2pl,20,10000,0.4,transposed_em_diagonal,sd_log_a,estimated,generating_population,rule_converged,100,99,99,99,-0.0028598807427867553,0.0016670652933856644,0.013384632059644725,0.001017113755337964,0.00028053137371924364,3.745801449084661e-05,0.01674907083151909,0.001118211716567482,0.016587090237551977,0.3471401192572132,0.016587090237551977,0.35000000000000003,-0.0032326374550724624,-0.03641328976095985,0.028973671559548702
2pl,20,10000,0.4,transposed_em_diagonal,sd_log_a,estimated,realized_item_pool,all_returned,100,100,100,100,-0.0017700187439380578,0.0021766402637225343,0.014557026225853116,0.0016213988060627485,0.0004721714872820443,0.00020443106844001243,0.021729507294967466,0.004703996866218832,0.021766402637225343,0.34864174317602503,0.02231232608248305,0.3504117619199631,-0.0025439488305791513,-0.03562689849618179,0.027903043135349994
2pl,20,10000,0.4,transposed_em_diagonal,sd_log_a,estimated,realized_item_pool,rule_converged,100,99,99,99,-0.003230846036219047,0.0016299951357712245,0.013261118579731631,0.0009843455616398054,0.0002708130120882619,3.566891705730353e-05,0.016456397299781683,0.001083740153070342,0.016218246826372677,0.3471401192572132,0.016587090237551977,0.35037096529343226,-0.002761712027267993,-0.03571378738229045,0.027018006731731384
2pl,20,10000,0.4,transposed_em_diagonal,variance_b,derived,generating_population,all_returned,100,100,100,100,0.10138125142215251,0.0030992576432450868,0.10138125142215251,0.0030992576432450868,0.011229092535903797,0.0007413644829406573,0.10596741261304721,0.003498077685674176,0.030992576432450868,0.7413812514221527,0.030992576432450864,0.6399999999999999,0.09710406638734004,0.04824445968164005,0.16732201111026102
2pl,20,10000,0.4,transposed_em_diagonal,variance_b,derived,generating_population,rule_converged,100,99,99,99,0.10011730989588978,0.0028585442558503133,0.10011730989588978,0.0028585442558503133,0.010824260716529803,0.0006273791408028318,0.10403970740313433,0.0030150947001987205,0.028442156229843533,0.7401173098958898,0.028442156229843533,0.6399999999999999,0.09710293230724465,0.048200496660365334,0.1640426470067013
2pl,20,10000,0.4,transposed_em_diagonal,variance_b,derived,realized_item_pool,all_returned,100,100,100,100,0.10076197596319238,0.0029905106903976826,0.10076197596319238,0.0029905106903976826,0.011038348064755857,0.0007355206085876954,0.1050635429859276,0.0035003607706538716,0.029905106903976828,0.7413812514221527,0.030992576432450864,0.64061927545896,0.09680913829344512,0.05830110374981797,0.16516486902098365
2pl,20,10000,0.4,transposed_em_diagonal,variance_b,derived,realized_item_pool,rule_converged,100,99,99,99,0.09941622200930733,0.0026977126526203086,0.09941622200930733,0.0026977126526203086,0.010596795247102435,0.0005942081636209765,0.1029407365774232,0.0028861662708915244,0.026841901982807823,0.7401173098958898,0.028442156229843533,0.6407010878865824,0.09624018702076642,0.05825510793267934,0.16051149595296482
2pl,20,10000,0.4,transposed_em_diagonal,variance_log_a,derived,generating_population,all_returned,100,100,100,100,-0.00045607341892368576,0.0017083447380415642,0.01045540349073541,0.001347718886346172,0.00028913373561888456,0.0001554032099938573,0.017003932945612452,0.00456962546520616,0.01708344738041564,0.1220439265810763,0.017083447380415645,0.12250000000000005,-0.002172302371968901,-0.024133450411439442,0.02213891217149854
2pl,20,10000,0.4,transposed_em_diagonal,variance_log_a,derived,generating_population,rule_converged,100,99,99,99,-0.0017213851462315234,0.0011594456701247277,0.009300308701908977,0.0007013850913496358,0.00013470596449482243,1.7561006841143175e-05,0.01160628986777525,0.0007565297369446691,0.011536338757817703,0.12077861485376847,0.011536338757817703,0.12250000000000005,-0.002252396273634799,-0.024162524650491582,0.021121062644077912
2pl,20,10000,0.4,transposed_em_diagonal,variance_log_a,derived,realized_item_pool,all_returned,100,100,100,100,-0.0007492459230276907,0.0016697587971745771,0.01033847383822514,0.0013092471342010597,0.00027658271908662075,0.00014767193065532135,0.016630776262298183,0.004439718517231582,0.01669758797174577,0.1220439265810763,0.017083447380415645,0.122793172504104,-0.0017864271809926516,-0.023776495300810403,0.020439198869508013
2pl,20,10000,0.4,transposed_em_diagonal,variance_log_a,derived,realized_item_pool,rule_converged,100,99,99,99,-0.0019858498205620537,0.001133400716889497,0.009213867109996358,0.0006771698044941335,0.0001298341236442977,1.665523265129704e-05,0.011394477769704836,0.0007308466867862641,0.011277194745126866,0.12077861485376847,0.011536338757817703,0.12276446467433051,-0.0019542105120065045,-0.023825473301723358,0.019746707346576395
2pl,100,1000,-0.4,transposed_em_correlated,corr_b_log_a,estimated,generating_population,all_returned,100,100,100,100,0.04579682641387245,0.004225324594234,0.05232827528953386,0.0033733721694110693,0.0038648327343195977,0.0004162759958093957,0.062167778907723556,0.0033480044093844785,0.04225324594233999,-0.3542031735861276,0.04225324594233999,-0.3999999999999999,0.04832721278251703,-0.0412749828775734,0.11511128673668532
2pl,100,1000,-0.4,transposed_em_correlated,corr_b_log_a,estimated,generating_population,rule_converged,100,99,99,99,0.047265087437076816,0.004002241399360194,0.051851176909798256,0.0033733676217755563,0.003803746239872276,0.0004159500373293984,0.06167451856214425,0.003372138502469868,0.03982179912631412,-0.3527349125629232,0.03982179912631412,-0.39999999999999997,0.048797743901888735,-0.03531391363201796,0.11513967932166659
2pl,100,1000,-0.4,transposed_em_correlated,corr_b_log_a,estimated,realized_item_pool,all_returned,100,100,100,100,0.0457262833075375,0.0032974639466157676,0.04873717413907446,0.002828488587911415,0.003167346564565036,0.00032033945413169893,0.05627918411424455,0.0028459852356905384,0.032974639466157675,-0.3542031735861276,0.04225324594233999,-0.3999294568936651,0.047484286324142005,-0.01624203191460362,0.10356394932364765
2pl,100,1000,-0.4,transposed_em_correlated,corr_b_log_a,estimated,realized_item_pool,rule_converged,100,99,99,99,0.04661093680454369,0.003208829761490965,0.04880669697991284,0.0028563417209935943,0.003181645096743722,0.00032326920267620313,0.05640607322570613,0.002865553159343829,0.03192745300497342,-0.3527349125629232,0.03982179912631412,-0.39934584936746687,0.04759912342044181,-0.013288720068507686,0.10357102772142114
2pl,100,1000,-0.4,transposed_em_correlated,cov_b_log_a,derived,generating_population,all_returned,100,100,100,100,0.01814925062947652,0.0015008243320539833,0.020461393246934856,0.0011622060992605575,0.0005523901923043973,6.538959787440723e-05,0.023502982625709386,0.0013910914822121132,0.015008243320539833,-0.09385074937052348,0.015008243320539835,-0.11200000000000003,0.019939093003632467,-0.008690887616769043,0.04035073301590798
2pl,100,1000,-0.4,transposed_em_correlated,cov_b_log_a,derived,generating_population,rule_converged,100,99,99,99,0.019073113000734287,0.0011947811663089623,0.01992753737947924,0.0010428184581580558,0.0005036788390047064,4.406631794736359e-05,0.022442790356921004,0.0009817477516509934,0.011887922505690126,-0.0929268869992657,0.011887922505690126,-0.11200000000000003,0.020166093262491414,-0.003178763257526978,0.04038322286700087
2pl,100,1000,-0.4,transposed_em_correlated,cov_b_log_a,derived,realized_item_pool,all_returned,100,100,100,100,0.018312332033902298,0.0012023211476064849,0.0196501814935461,0.0009656939193797658,0.0004784535425760798,4.5110728021817846e-05,0.02187358092713856,0.0010311692486950992,0.012023211476064848,-0.09385074937052348,0.015008243320539835,-0.11216308140442578,0.019144515930748993,-0.0034691111666298284,0.035397825452587094
2pl,100,1000,-0.4,transposed_em_correlated,cov_b_log_a,derived,realized_item_pool,rule_converged,100,99,99,99,0.01903166213373544,0.0009731813753050483,0.019314311126313443,0.0009145958415662406,0.0004550181985182407,3.8936924812132224e-05,0.021331155583283357,0.0009126773432435613,0.009683032424546656,-0.0929268869992657,0.011887922505690126,-0.11195854913300118,0.0192376593859412,-0.0005891030947654992,0.03543222123444199
2pl,100,1000,-0.4,transposed_em_correlated,mean_b,identification_constraint,generating_population,all_returned,100,100,100,100,0.0,0.0,0.0,0.0,0.0,0.0,0.0,0.0,0.0,0.0,0.0,0.0,0.0,0.0,0.0
2pl,100,1000,-0.4,transposed_em_correlated,mean_b,identification_constraint,generating_population,rule_converged,100,99,99,99,0.0,0.0,0.0,0.0,0.0,0.0,0.0,0.0,0.0,0.0,0.0,0.0,0.0,0.0,0.0
2pl,100,1000,-0.4,transposed_em_correlated,mean_log_a,identification_constraint,generating_population,all_returned,100,100,100,100,2.443878432956126e-18,5.36000234355737e-18,4.1861097921369606e-17,3.3300800939554622e-18,2.8502054289661782e-33,4.7830207162390075e-34,5.338731524403693e-17,4.4795478985743195e-18,5.3600023435573707e-17,2.443878432956126e-18,5.3600023435573707e-17,0.0,7.289308046054543e-18,-8.11156697366755e-17,1.1251555243063639e-16
2pl,100,1000,-0.4,transposed_em_correlated,mean_log_a,identification_constraint,generating_population,rule_converged,100,99,99,99,1.854016379254081e-18,5.3815337962846605e-18,4.1669389599873756e-17,3.358310032914038e-18,2.8416061647888334e-33,4.83079961665328e-34,5.330671782044767e-17,4.531135862580022e-18,5.3545585196679333e-17,1.854016379254081e-18,5.3545585196679333e-17,0.0,7.105427357601002e-18,-8.112954752448332e-17,1.1281531264728524e-16
2pl,100,1000,-0.4,transposed_em_correlated,sd_b,estimated,generating_population,all_returned,100,100,100,100,0.011410215134813585,0.0020033249518781214,0.017849544779258396,0.00145263444418526,0.0005275107848416592,8.42792257449239e-05,0.022967602940700174,0.0018347414391158624,0.020033249518781215,0.8114102151348136,0.020033249518781215,0.7999999999999998,0.009669169785718468,-0.023171214781803194,0.050617211385693646
2pl,100,1000,-0.4,transposed_em_correlated,sd_b,estimated,generating_population,rule_converged,100,99,99,99,0.01074170524929356,0.0019076658982554622,0.017246078627520648,0.0013347687379529755,0.0004720247712406492,6.408134329110316e-05,0.02172613106930567,0.0014747527547975684,0.018981036029609002,0.8107417052492938,0.018981036029609006,0.7999999999999999,0.009048358634072717,-0.023197617923583307,0.04808556743264883
2pl,100,1000,-0.4,transposed_em_correlated,sd_b,estimated,realized_item_pool,all_returned,100,100,100,100,0.013066829898612903,0.0011685583154240728,0.013946826037930838,0.001060852583486492,0.00030592936871741194,4.581121711145518e-05,0.01749083670718505,0.0013095776342316552,0.011685583154240727,0.8114102151348136,0.020033249518781215,0.7983433852362006,0.012138560327808079,-0.005024089080123425,0.040172957557608815
2pl,100,1000,-0.4,transposed_em_correlated,sd_b,estimated,realized_item_pool,rule_converged,100,99,99,99,0.012634263439687664,0.001096569230232863,0.013523148428897699,0.0009824508543007382,0.0002774660921793907,3.626024840286909e-05,0.016657313474248803,0.0010884182632128895,0.010910726079993755,0.8107417052492938,0.018981036029609006,0.798107441809606,0.011912932463199688,-0.005064365268887499,0.03924758782904004
2pl,100,1000,-0.4,transposed_em_correlated,sd_log_a,estimated,generating_population,all_returned,100,100,100,100,-0.024278860272595362,0.0015666515687394575,0.025961044776943408,0.0012652006143926533,0.0008324483727817562,7.96522638136116e-05,0.028852181421545168,0.0013803508069260202,0.015666515687394574,0.32572113972740463,0.015666515687394574,0.3500000000000001,-0.025079198116552015,-0.049937935311536216,-0.0020471379021017493
2pl,100,1000,-0.4,transposed_em_correlated,sd_log_a,estimated,generating_population,rule_converged,100,99,99,99,-0.025258369920769908,0.0012350981068885135,0.025489008917148056,0.0011857636572022425,0.0007874810497511335,6.641261705561956e-05,0.02806209275430351,0.0011833154718198047,0.012289070999482402,0.32474163007923007,0.012289070999482402,0.35000000000000003,-0.025287774850221656,-0.05005280185186117,-0.006455234001783535
2pl,100,1000,-0.4,transposed_em_correlated,sd_log_a,estimated,realized_item_pool,all_returned,100,100,100,100,-0.02520182034179386,0.0014117450495240364,0.02661433410315879,0.0011196967175331678,0.000832441132940762,7.248622649935899e-05,0.028852055956911666,0.0012561709052486868,0.014117450495240364,0.32572113972740463,0.015666515687394574,0.35092296006919843,-0.024774227777684982,-0.048307278079689604,-0.00635588040289015
2pl,100,1000,-0.4,transposed_em_correlated,sd_log_a,estimated,realized_item_pool,rule_converged,100,99,99,99,-0.026169774972198318,0.0010380947610859486,0.026169774972198318,0.0010380947610859486,0.0007904659139289187,5.969594746632462e-05,0.028115225660288033,0.0010616302388538796,0.01032891245806717,0.32474163007923007,0.012289070999482402,0.3509114050514284,-0.02492227440506578,-0.048477511364463384,-0.006473181422795186
2pl,100,1000,-0.4,transposed_em_correlated,variance_b,derived,generating_population,all_returned,100,100,100,100,0.01878385500054346,0.003266548735393767,0.028971225030905635,0.0023992108389412565,0.0014091969321110012,0.00023275677994820049,0.03753927186442221,0.003100177073077373,0.03266548735393767,0.6587838550005435,0.03266548735393767,0.6399999999999999,0.015564549907980674,-0.036536760303188136,0.08355226289034114
2pl,100,1000,-0.4,transposed_em_correlated,variance_b,derived,generating_population,rule_converged,100,99,99,99,0.017658753170110408,0.0030978080650710454,0.02794902592805201,0.0021925945966185484,0.0012522802147087672,0.00017365477837541623,0.03538757147232298,0.0024536125417822696,0.030822801073132566,0.6576587531701104,0.030822801073132566,0.6399999999999999,0.014559246608487175,-0.03657778313854991,0.07924996985714504
2pl,100,1000,-0.4,transposed_em_correlated,variance_b,derived,realized_item_pool,all_returned,100,100,100,100,0.021142730596559082,0.0019083291060100875,0.022542149711847724,0.0017390256797117653,0.000807545334786356,0.00012552777734501196,0.02841734214852536,0.002208647393710004,0.019083291060100874,0.6587838550005435,0.03266548735393767,0.6376411244039845,0.019528466075175333,-0.00803309646842664,0.06538475666392173
2pl,100,1000,-0.4,transposed_em_correlated,variance_b,derived,realized_item_pool,rule_converged,100,99,99,99,0.02039694894992091,0.0017744012247835005,0.02181050361182863,0.0015936430793342727,0.000724588497703972,9.516573119748903e-05,0.026918181545267355,0.0017676849945723893,0.017655069270461825,0.6576587531701104,0.030822801073132566,0.6372618042201896,0.019478305646391747,-0.008096323780215891,0.06444516040234813
2pl,100,1000,-0.4,transposed_em_correlated,variance_log_a,derived,generating_population,all_returned,100,100,100,100,-0.016162753818035034,0.0010788171746141605,0.017447924301733433,0.0008529529909447125,0.0003764554141104118,3.952387123596475e-05,0.019402458970718423,0.0010185273757211115,0.010788171746141606,0.10633724618196498,0.010788171746141606,0.12250000000000005,-0.016926428999163343,-0.03245749280038382,-0.0014135684979460252
2pl,100,1000,-0.4,transposed_em_correlated,variance_log_a,derived,generating_population,rule_converged,100,99,99,99,-0.01689337789478783,0.0008018059683802593,0.017056802024170217,0.0007656877452458577,0.0003483897121672664,2.8111526648799666e-05,0.01866520056595338,0.0007530464660550457,0.007977868655354657,0.10560662210521216,0.007977868655354657,0.12250000000000005,-0.01706197083827969,-0.03252645337153504,-0.004476880582887922
2pl,100,1000,-0.4,transposed_em_correlated,variance_log_a,derived,realized_item_pool,all_returned,100,100,100,100,-0.016865043311285667,0.0009851163709969678,0.017959401769220635,0.000765180022123753,0.0003805046580677587,3.66079726026624e-05,0.019506528601157067,0.0009383518039311958,0.009851163709969678,0.10633724618196498,0.010788171746141606,0.12320228949325063,-0.016761531312265855,-0.03147390193441358,-0.00437311919748019
2pl,100,1000,-0.4,transposed_em_correlated,variance_log_a,derived,realized_item_pool,rule_converged,100,99,99,99,-0.017588103576013286,0.0006758502717124094,0.017588103576013286,0.0006758502717124094,0.0003541051991983976,2.5619114146974384e-05,0.018817683151716568,0.0006807191390252892,0.006724625297189429,0.10560662210521216,0.007977868655354657,0.12319472568122544,-0.016827046943610105,-0.03156245162492847,-0.004560048640965676
2pl,100,1000,-0.4,transposed_em_diagonal,corr_b_log_a,fixed_restriction,generating_population,all_returned,100,100,100,100,0.3999999999999999,1.1158161231197418e-17,0.3999999999999999,1.1158161231197418e-17,0.16000000000000006,2.7895403077993544e-18,0.4000000000000001,3.486925384749192e-18,1.1158161231197418e-16,0.0,0.0,-0.3999999999999999,0.4,0.4,0.4
2pl,100,1000,-0.4,transposed_em_diagonal,corr_b_log_a,fixed_restriction,generating_population,rule_converged,100,100,100,100,0.3999999999999999,1.1158161231197418e-17,0.3999999999999999,1.1158161231197418e-17,0.16000000000000006,2.7895403077993544e-18,0.4000000000000001,3.486925384749192e-18,1.1158161231197418e-16,0.0,0.0,-0.3999999999999999,0.4,0.4,0.4
2pl,100,1000,-0.4,transposed_em_diagonal,corr_b_log_a,fixed_restriction,realized_item_pool,all_returned,100,100,100,100,0.3999294568936651,0.0031360253728638645,0.3999294568936651,0.0031360253728638645,0.16091720135004728,0.002491032478290301,0.40114486329759635,0.0031049038716498343,0.03136025372863865,0.0,0.0,-0.3999294568936651,0.400563138437489,0.3388676727131726,0.460573399576048
2pl,100,1000,-0.4,transposed_em_diagonal,corr_b_log_a,fixed_restriction,realized_item_pool,rule_converged,100,100,100,100,0.3999294568936651,0.0031360253728638645,0.3999294568936651,0.0031360253728638645,0.16091720135004728,0.002491032478290301,0.40114486329759635,0.0031049038716498343,0.03136025372863865,0.0,0.0,-0.3999294568936651,0.400563138437489,0.3388676727131726,0.460573399576048
2pl,100,1000,-0.4,transposed_em_diagonal,cov_b_log_a,fixed_restriction,generating_population,all_returned,100,100,100,100,0.11200000000000003,1.3947701538996772e-18,0.11200000000000003,1.3947701538996772e-18,0.012544000000000007,3.486925384749193e-19,0.11200000000000003,1.5566631181916035e-18,1.3947701538996772e-17,0.0,0.0,-0.11200000000000003,0.11200000000000002,0.11200000000000002,0.11200000000000002
2pl,100,1000,-0.4,transposed_em_diagonal,cov_b_log_a,fixed_restriction,generating_population,rule_converged,100,100,100,100,0.11200000000000003,1.3947701538996772e-18,0.11200000000000003,1.3947701538996772e-18,0.012544000000000007,3.486925384749193e-19,0.11200000000000003,1.5566631181916035e-18,1.3947701538996772e-17,0.0,0.0,-0.11200000000000003,0.11200000000000002,0.11200000000000002,0.11200000000000002
2pl,100,1000,-0.4,transposed_em_diagonal,cov_b_log_a,fixed_restriction,realized_item_pool,all_returned,100,100,100,100,0.11216308140442584,0.0010740526324096462,0.11216308140442584,0.0010740526324096462,0.01269476214679728,0.00024041996770765976,0.11267103508354434,0.001066911152140348,0.010740526324096462,0.0,0.0,-0.11216308140442584,0.11264963778993185,0.09138811154638565,0.13217087248427445
2pl,100,1000,-0.4,transposed_em_diagonal,cov_b_log_a,fixed_restriction,realized_item_pool,rule_converged,100,100,100,100,0.11216308140442584,0.0010740526324096462,0.11216308140442584,0.0010740526324096462,0.01269476214679728,0.00024041996770765976,0.11267103508354434,0.001066911152140348,0.010740526324096462,0.0,0.0,-0.11216308140442584,0.11264963778993185,0.09138811154638565,0.13217087248427445
2pl,100,1000,-0.4,transposed_em_diagonal,mean_b,identification_constraint,generating_population,all_returned,100,100,100,100,0.0,0.0,0.0,0.0,0.0,0.0,0.0,0.0,0.0,0.0,0.0,0.0,0.0,0.0,0.0
2pl,100,1000,-0.4,transposed_em_diagonal,mean_b,identification_constraint,generating_population,rule_converged,100,100,100,100,0.0,0.0,0.0,0.0,0.0,0.0,0.0,0.0,0.0,0.0,0.0,0.0,0.0,0.0,0.0
2pl,100,1000,-0.4,transposed_em_diagonal,mean_log_a,identification_constraint,generating_population,all_returned,100,100,100,100,-7.398109902467808e-18,5.6829283052638646e-18,4.480041337906471e-17,3.546127108291844e-18,3.252003768283145e-33,5.5472195742564905e-34,5.702634275738841e-17,4.863734290182747e-18,5.682928305263865e-17,-7.398109902467808e-18,5.682928305263865e-17,0.0,-7.598088824778415e-18,-1.0709766407046571e-16,9.824606406194638e-17
2pl,100,1000,-0.4,transposed_em_diagonal,mean_log_a,identification_constraint,generating_population,rule_converged,100,100,100,100,-7.398109902467808e-18,5.6829283052638646e-18,4.480041337906471e-17,3.546127108291844e-18,3.252003768283145e-33,5.5472195742564905e-34,5.702634275738841e-17,4.863734290182747e-18,5.682928305263865e-17,-7.398109902467808e-18,5.682928305263865e-17,0.0,-7.598088824778415e-18,-1.0709766407046571e-16,9.824606406194638e-17
2pl,100,1000,-0.4,transposed_em_diagonal,sd_b,estimated,generating_population,all_returned,100,100,100,100,0.012783618532093975,0.001996984428032645,0.018848122414724784,0.0014318735271880328,0.0005582276365487786,7.995094120012808e-05,0.023626841442494564,0.001691951533062955,0.01996984428032645,0.812783618532094,0.01996984428032645,0.7999999999999998,0.011384342059425179,-0.023198374810434262,0.0534455053599726
2pl,100,1000,-0.4,transposed_em_diagonal,sd_b,estimated,generating_population,rule_converged,100,100,100,100,0.012783618532093975,0.001996984428032645,0.018848122414724784,0.0014318735271880328,0.0005582276365487786,7.995094120012808e-05,0.023626841442494564,0.001691951533062955,0.01996984428032645,0.812783618532094,0.01996984428032645,0.7999999999999998,0.011384342059425179,-0.023198374810434262,0.0534455053599726
2pl,100,1000,-0.4,transposed_em_diagonal,sd_b,estimated,realized_item_pool,all_returned,100,100,100,100,0.014440233295893296,0.0011828091389347694,0.015271554977482081,0.001072166948900665,0.00034702504609543876,4.542527011153519e-05,0.018628608270491887,0.0012192341331126112,0.011828091389347694,0.812783618532094,0.01996984428032645,0.7983433852362006,0.014524117454537522,-0.0036365922630693824,0.04390850121891373
2pl,100,1000,-0.4,transposed_em_diagonal,sd_b,estimated,realized_item_pool,rule_converged,100,100,100,100,0.014440233295893296,0.0011828091389347694,0.015271554977482081,0.001072166948900665,0.00034702504609543876,4.542527011153519e-05,0.018628608270491887,0.0012192341331126112,0.011828091389347694,0.812783618532094,0.01996984428032645,0.7983433852362006,0.014524117454537522,-0.0036365922630693824,0.04390850121891373
2pl,100,1000,-0.4,transposed_em_diagonal,sd_log_a,estimated,generating_population,all_returned,100,100,100,100,-0.0262566740257514,0.001230342973718945,0.026393854608493524,0.0012003282769210602,0.0008392735703595466,6.88821494456631e-05,0.028970218679871,0.0011888441403710148,0.012303429737189451,0.32374332597424854,0.012303429737189451,0.3500000000000001,-0.025548465817178484,-0.05070692199347267,-0.0070640247236187035
2pl,100,1000,-0.4,transposed_em_diagonal,sd_log_a,estimated,generating_population,rule_converged,100,100,100,100,-0.0262566740257514,0.001230342973718945,0.026393854608493524,0.0012003282769210602,0.0008392735703595466,6.88821494456631e-05,0.028970218679871,0.0011888441403710148,0.012303429737189451,0.32374332597424854,0.012303429737189451,0.3500000000000001,-0.025548465817178484,-0.05070692199347267,-0.0070640247236187035
2pl,100,1000,-0.4,transposed_em_diagonal,sd_log_a,estimated,realized_item_pool,all_returned,100,100,100,100,-0.027179634094949893,0.0010377843449300877,0.027179634094949893,0.0010377843449300877,0.0008453551478469781,6.223841536280866e-05,0.029074991794443866,0.0010703083908471165,0.010377843449300877,0.32374332597424854,0.012303429737189451,0.35092296006919843,-0.0258598377416146,-0.05107767571588499,-0.008467451084610389
2pl,100,1000,-0.4,transposed_em_diagonal,sd_log_a,estimated,realized_item_pool,rule_converged,100,100,100,100,-0.027179634094949893,0.0010377843449300877,0.027179634094949893,0.0010377843449300877,0.0008453551478469781,6.223841536280866e-05,0.029074991794443866,0.0010703083908471165,0.010377843449300877,0.32374332597424854,0.012303429737189451,0.35092296006919843,-0.0258598377416146,-0.05107767571588499,-0.008467451084610389
2pl,100,1000,-0.4,transposed_em_diagonal,variance_b,derived,generating_population,all_returned,100,100,100,100,0.02101201728789919,0.003253641312548949,0.030599779343827172,0.002363848881447762,0.001489536867788774,0.00021900825189734657,0.03859451862361771,0.0028372973638195044,0.03253641312548949,0.6610120172878992,0.03253641312548949,0.6399999999999999,0.018344611962948787,-0.03657911849057565,0.08838099224756978
2pl,100,1000,-0.4,transposed_em_diagonal,variance_b,derived,generating_population,rule_converged,100,100,100,100,0.02101201728789919,0.003253641312548949,0.030599779343827172,0.002363848881447762,0.001489536867788774,0.00021900825189734657,0.03859451862361771,0.0028372973638195044,0.03253641312548949,0.6610120172878992,0.03253641312548949,0.6399999999999999,0.018344611962948787,-0.03657911849057565,0.08838099224756978
2pl,100,1000,-0.4,transposed_em_diagonal,variance_b,derived,realized_item_pool,all_returned,100,100,100,100,0.023370892883914817,0.001922596000339617,0.024689528831021507,0.001748208211038918,0.0009121397968630875,0.0001214814935676311,0.03020165222074924,0.002011172976228275,0.01922596000339617,0.6610120172878992,0.03253641312548949,0.6376411244039845,0.023652943864273634,-0.005924778841332257,0.06991728116635308
2pl,100,1000,-0.4,transposed_em_diagonal,variance_b,derived,realized_item_pool,rule_converged,100,100,100,100,0.023370892883914817,0.001922596000339617,0.024689528831021507,0.001748208211038918,0.0009121397968630875,0.0001214814935676311,0.03020165222074924,0.002011172976228275,0.01922596000339617,0.6610120172878992,0.03253641312548949,0.6376411244039845,0.023652943864273634,-0.005924778841332257,0.06991728116635308
2pl,100,1000,-0.4,transposed_em_diagonal,variance_log_a,derived,generating_population,all_returned,100,100,100,100,-0.017540398247666483,0.0007953796958022777,0.017637365581200038,0.0007734166832747219,0.00037029582787569923,2.9100692488725382e-05,0.019243072204710433,0.0007561342642990744,0.007953796958022777,0.10495960175233353,0.007953796958022777,0.12250000000000005,-0.017231118503120695,-0.03291609760227739,-0.0048948407541431265
2pl,100,1000,-0.4,transposed_em_diagonal,variance_log_a,derived,generating_population,rule_converged,100,100,100,100,-0.017540398247666483,0.0007953796958022777,0.017637365581200038,0.0007734166832747219,0.00037029582787569923,2.9100692488725382e-05,0.019243072204710433,0.0007561342642990744,0.007953796958022777,0.10495960175233353,0.007953796958022777,0.12250000000000005,-0.017231118503120695,-0.03291609760227739,-0.0048948407541431265
2pl,100,1000,-0.4,transposed_em_diagonal,variance_log_a,derived,realized_item_pool,all_returned,100,100,100,100,-0.018242687740917102,0.0006726984817129353,0.018242687740917102,0.0006726984817129353,0.00037759545749519715,2.6655403222660507e-05,0.019431815599557267,0.0006858701155868271,0.006726984817129353,0.10495960175233353,0.007953796958022777,0.12320228949325061,-0.01723706844445585,-0.03313796478343247,-0.005875789477391085
2pl,100,1000,-0.4,transposed_em_diagonal,variance_log_a,derived,realized_item_pool,rule_converged,100,100,100,100,-0.018242687740917102,0.0006726984817129353,0.018242687740917102,0.0006726984817129353,0.00037759545749519715,2.6655403222660507e-05,0.019431815599557267,0.0006858701155868271,0.006726984817129353,0.10495960175233353,0.007953796958022777,0.12320228949325061,-0.01723706844445585,-0.03313796478343247,-0.005875789477391085
2pl,100,1000,0.0,transposed_em_correlated,corr_b_log_a,estimated,generating_population,all_returned,100,100,100,100,0.001750723382187347,0.00412972224262545,0.03182364191285988,0.002618363321945636,0.0016914710066832403,0.0002634085177040598,0.04112749696593801,0.0032023407347426956,0.0412972224262545,0.001750723382187347,0.0412972224262545,0.0,0.0009183014470920999,-0.0806373396090746,0.07711086436494284
2pl,100,1000,0.0,transposed_em_correlated,corr_b_log_a,estimated,generating_population,rule_converged,100,100,100,100,0.001750723382187347,0.00412972224262545,0.03182364191285988,0.002618363321945636,0.0016914710066832403,0.0002634085177040598,0.04112749696593801,0.0032023407347426956,0.0412972224262545,0.001750723382187347,0.0412972224262545,0.0,0.0009183014470920999,-0.0806373396090746,0.07711086436494284
2pl,100,1000,0.0,transposed_em_correlated,corr_b_log_a,estimated,realized_item_pool,all_returned,100,100,100,100,-0.0021225098329479748,0.0033283159179790613,0.025130111960286423,0.0021781131649924687,0.001101196046128368,0.0001641473647824848,0.03318427407867118,0.0024732703869509787,0.03328315917979061,0.001750723382187347,0.0412972224262545,0.0038732332151353234,-0.0038176981976289024,-0.06874575804863928,0.06302783692390954
2pl,100,1000,0.0,transposed_em_correlated,corr_b_log_a,estimated,realized_item_pool,rule_converged,100,100,100,100,-0.0021225098329479748,0.0033283159179790613,0.025130111960286423,0.0021781131649924687,0.001101196046128368,0.0001641473647824848,0.03318427407867118,0.0024732703869509787,0.03328315917979061,0.001750723382187347,0.0412972224262545,0.0038732332151353234,-0.0038176981976289024,-0.06874575804863928,0.06302783692390954
2pl,100,1000,0.0,transposed_em_correlated,cov_b_log_a,derived,generating_population,all_returned,100,100,100,100,0.00037322872122985283,0.0011065441891579052,0.00849214657543602,0.0007052638336686176,0.00012135886389170437,1.9271890459944247e-05,0.011016299918380235,0.0008746988826888194,0.011065441891579052,0.00037322872122985283,0.011065441891579052,0.0,0.00024211064344765,-0.021893703287489838,0.02020703548613551
2pl,100,1000,0.0,transposed_em_correlated,cov_b_log_a,derived,generating_population,rule_converged,100,100,100,100,0.00037322872122985283,0.0011065441891579052,0.00849214657543602,0.0007052638336686176,0.00012135886389170437,1.9271890459944247e-05,0.011016299918380235,0.0008746988826888194,0.011065441891579052,0.00037322872122985283,0.011065441891579052,0.0,0.00024211064344765,-0.021893703287489838,0.02020703548613551
2pl,100,1000,0.0,transposed_em_correlated,cov_b_log_a,derived,realized_item_pool,all_returned,100,100,100,100,-0.0006826022408795915,0.0008987625734703219,0.006750822155416727,0.0005934149435602178,8.043558800288241e-05,1.2126738469721871e-05,0.008968588963871765,0.0006760672452808409,0.00898762573470322,0.00037322872122985283,0.011065441891579052,0.0010558309621094442,-0.0009874754016137004,-0.018600892832503352,0.017863118888271776
2pl,100,1000,0.0,transposed_em_correlated,cov_b_log_a,derived,realized_item_pool,rule_converged,100,100,100,100,-0.0006826022408795915,0.0008987625734703219,0.006750822155416727,0.0005934149435602178,8.043558800288241e-05,1.2126738469721871e-05,0.008968588963871765,0.0006760672452808409,0.00898762573470322,0.00037322872122985283,0.011065441891579052,0.0010558309621094442,-0.0009874754016137004,-0.018600892832503352,0.017863118888271776
2pl,100,1000,0.0,transposed_em_correlated,mean_b,identification_constraint,generating_population,all_returned,100,100,100,100,0.0,0.0,0.0,0.0,0.0,0.0,0.0,0.0,0.0,0.0,0.0,0.0,0.0,0.0,0.0
2pl,100,1000,0.0,transposed_em_correlated,mean_b,identification_constraint,generating_population,rule_converged,100,100,100,100,0.0,0.0,0.0,0.0,0.0,0.0,0.0,0.0,0.0,0.0,0.0,0.0,0.0,0.0,0.0
2pl,100,1000,0.0,transposed_em_correlated,mean_log_a,identification_constraint,generating_population,all_returned,100,100,100,100,4.408140519274186e-18,7.19380683139265e-18,5.433001271093473e-17,4.704410393266489e-18,5.142766518849432e-33,8.93332918299726e-34,7.171308471157431e-17,6.228521070406168e-18,7.19380683139265e-17,4.408140519274186e-18,7.19380683139265e-17,0.0,-2.2724877535296174e-18,-1.239886665560519e-16,1.7860574130779124e-16
2pl,100,1000,0.0,transposed_em_correlated,mean_log_a,identification_constraint,generating_population,rule_converged,100,100,100,100,4.408140519274186e-18,7.19380683139265e-18,5.433001271093473e-17,4.704410393266489e-18,5.142766518849432e-33,8.93332918299726e-34,7.171308471157431e-17,6.228521070406168e-18,7.19380683139265e-17,4.408140519274186e-18,7.19380683139265e-17,0.0,-2.2724877535296174e-18,-1.239886665560519e-16,1.7860574130779124e-16
2pl,100,1000,0.0,transposed_em_correlated,sd_b,estimated,generating_population,all_returned,100,100,100,100,0.01335059308440516,0.002209326728591386,0.02052401404336897,0.0015577584193940876,0.0006614696704785304,9.162094964223623e-05,0.025719052674593797,0.001781188265397168,0.022093267285913862,0.8133505930844049,0.022093267285913862,0.7999999999999998,0.013948310097080141,-0.034568090491163196,0.05857700504693193
2pl,100,1000,0.0,transposed_em_correlated,sd_b,estimated,generating_population,rule_converged,100,100,100,100,0.01335059308440516,0.002209326728591386,0.02052401404336897,0.0015577584193940876,0.0006614696704785304,9.162094964223623e-05,0.025719052674593797,0.001781188265397168,0.022093267285913862,0.8133505930844049,0.022093267285913862,0.7999999999999998,0.013948310097080141,-0.034568090491163196,0.05857700504693193
2pl,100,1000,0.0,transposed_em_correlated,sd_b,estimated,realized_item_pool,all_returned,100,100,100,100,0.013247010713515995,0.0010886708803263924,0.014666299096446154,0.0008860204294506294,0.00029281851712540107,3.232429625854407e-05,0.01711194077611891,0.0009444953287722694,0.010886708803263924,0.8133505930844049,0.022093267285913862,0.8001035823708892,0.012573832010794483,-0.010614810236504435,0.03445384853410665
2pl,100,1000,0.0,transposed_em_correlated,sd_b,estimated,realized_item_pool,rule_converged,100,100,100,100,0.013247010713515995,0.0010886708803263924,0.014666299096446154,0.0008860204294506294,0.00029281851712540107,3.232429625854407e-05,0.01711194077611891,0.0009444953287722694,0.010886708803263924,0.8133505930844049,0.022093267285913862,0.8001035823708892,0.012573832010794483,-0.010614810236504435,0.03445384853410665
2pl,100,1000,0.0,transposed_em_correlated,sd_log_a,estimated,generating_population,all_returned,100,100,100,100,-0.02261151926721364,0.0011124922972568817,0.02261151926721364,0.0011124922972568817,0.0006338070756057075,5.544347052792272e-05,0.025175525329289704,0.0011011383040221744,0.011124922972568818,0.3273884807327863,0.011124922972568818,0.3500000000000001,-0.02222975002201122,-0.044061167769209285,-0.002754475469187204
2pl,100,1000,0.0,transposed_em_correlated,sd_log_a,estimated,generating_population,rule_converged,100,100,100,100,-0.02261151926721364,0.0011124922972568817,0.02261151926721364,0.0011124922972568817,0.0006338070756057075,5.544347052792272e-05,0.025175525329289704,0.0011011383040221744,0.011124922972568818,0.3273884807327863,0.011124922972568818,0.3500000000000001,-0.02222975002201122,-0.044061167769209285,-0.002754475469187204
2pl,100,1000,0.0,transposed_em_correlated,sd_log_a,estimated,realized_item_pool,all_returned,100,100,100,100,-0.022434949275777934,0.0010422068385268321,0.022434949275777934,0.0010422068385268321,0.0006108602633396661,5.1813927030303325e-05,0.02471558745689987,0.0010482034287200078,0.01042206838526832,0.3273884807327863,0.011124922972568818,0.3498234300085643,-0.02196944328462838,-0.04411907500776707,-0.005104256021390092
2pl,100,1000,0.0,transposed_em_correlated,sd_log_a,estimated,realized_item_pool,rule_converged,100,100,100,100,-0.022434949275777934,0.0010422068385268321,0.022434949275777934,0.0010422068385268321,0.0006108602633396661,5.1813927030303325e-05,0.02471558745689987,0.0010482034287200078,0.01042206838526832,0.3273884807327863,0.011124922972568818,0.3498234300085643,-0.02196944328462838,-0.04411907500776707,-0.005104256021390092
2pl,100,1000,0.0,transposed_em_correlated,variance_b,derived,generating_population,all_returned,100,100,100,100,0.022022418605526835,0.0035840293064742547,0.03329989599989959,0.0025579845059392333,0.0017566682621340216,0.00024785359137078847,0.041912626523925,0.0029567890624714976,0.03584029306474255,0.6620224186055268,0.03584029306474255,0.6399999999999999,0.02251185983143761,-0.05411398445761946,0.0971746789571361
2pl,100,1000,0.0,transposed_em_correlated,variance_b,derived,generating_population,rule_converged,100,100,100,100,0.022022418605526835,0.0035840293064742547,0.03329989599989959,0.0025579845059392333,0.0017566682621340216,0.00024785359137078847,0.041912626523925,0.0029567890624714976,0.03584029306474255,0.6620224186055268,0.03584029306474255,0.6399999999999999,0.02251185983143761,-0.05411398445761946,0.0971746789571361
2pl,100,1000,0.0,transposed_em_correlated,variance_b,derived,realized_item_pool,all_returned,100,100,100,100,0.021530505216083896,0.0017750468480649925,0.023771034887270302,0.0014579246880887015,0.000775490994829537,8.715744172359197e-05,0.02784763894533138,0.0015648982287994617,0.017750468480649925,0.6620224186055268,0.03584029306474255,0.6404919133894428,0.020690017721170018,-0.01714676782739484,0.05603553500653141
2pl,100,1000,0.0,transposed_em_correlated,variance_b,derived,realized_item_pool,rule_converged,100,100,100,100,0.021530505216083896,0.0017750468480649925,0.023771034887270302,0.0014579246880887015,0.000775490994829537,8.715744172359197e-05,0.02784763894533138,0.0015648982287994617,0.017750468480649925,0.6620224186055268,0.03584029306474255,0.6404919133894428,0.020690017721170018,-0.01714676782739484,0.05603553500653141
2pl,100,1000,0.0,transposed_em_correlated,variance_log_a,derived,generating_population,all_returned,100,100,100,100,-0.015194256411443887,0.0007255793005947755,0.015194256411443887,0.0007255793005947755,0.00028298549472041234,2.380043893126376e-05,0.016822172711050506,0.0007074127504240051,0.007255793005947754,0.10730574358855613,0.007255793005947754,0.12250000000000005,-0.015066662818476996,-0.02890069281032018,-0.0019198662617693602
2pl,100,1000,0.0,transposed_em_correlated,variance_log_a,derived,generating_population,rule_converged,100,100,100,100,-0.015194256411443887,0.0007255793005947755,0.015194256411443887,0.0007255793005947755,0.00028298549472041234,2.380043893126376e-05,0.016822172711050506,0.0007074127504240051,0.007255793005947754,0.10730574358855613,0.007255793005947754,0.12250000000000005,-0.015066662818476996,-0.02890069281032018,-0.0019198662617693602
2pl,100,1000,0.0,transposed_em_correlated,variance_log_a,derived,realized_item_pool,all_returned,100,100,100,100,-0.015120876118765994,0.0006880701623576348,0.015120876118765994,0.0006880701623576348,0.0002755115088834272,2.287009190354816e-05,0.016598539359938488,0.0006889188080833913,0.006880701623576348,0.10730574358855613,0.007255793005947754,0.12242661970732209,-0.01485379115557095,-0.029785663674799158,-0.0034999886704553313
2pl,100,1000,0.0,transposed_em_correlated,variance_log_a,derived,realized_item_pool,rule_converged,100,100,100,100,-0.015120876118765994,0.0006880701623576348,0.015120876118765994,0.0006880701623576348,0.0002755115088834272,2.287009190354816e-05,0.016598539359938488,0.0006889188080833913,0.006880701623576348,0.10730574358855613,0.007255793005947754,0.12242661970732209,-0.01485379115557095,-0.029785663674799158,-0.0034999886704553313
2pl,100,1000,0.0,transposed_em_diagonal,corr_b_log_a,fixed_restriction,generating_population,all_returned,100,100,100,100,0.0,0.0,0.0,0.0,0.0,0.0,0.0,0.0,0.0,0.0,0.0,0.0,0.0,0.0,0.0
2pl,100,1000,0.0,transposed_em_diagonal,corr_b_log_a,fixed_restriction,generating_population,rule_converged,100,99,99,99,0.0,0.0,0.0,0.0,0.0,0.0,0.0,0.0,0.0,0.0,0.0,0.0,0.0,0.0,0.0
2pl,100,1000,0.0,transposed_em_diagonal,corr_b_log_a,fixed_restriction,realized_item_pool,all_returned,100,100,100,100,-0.0038732332151353234,0.0028226241016963017,0.021545638107641967,0.001851946530418989,0.0008037554106670358,0.00012497148460588096,0.02835058042910296,0.002204037496135228,0.028226241016963017,0.0,0.0,0.0038732332151353234,-0.0035116419476519,-0.05867953743453244,0.05218211589442797
2pl,100,1000,0.0,transposed_em_diagonal,corr_b_log_a,fixed_restriction,realized_item_pool,rule_converged,100,99,99,99,-0.0037252000047495815,0.0028473569893133484,0.021576114037584575,0.001870495178687976,0.0008084064138853609,0.00012615280713735127,0.028432488703688266,0.00221846227483046,0.0283308443332451,0.0,0.0,0.0037252000047495815,-0.0034119527691879,-0.05878387482314389,0.0522782524980348
2pl,100,1000,0.0,transposed_em_diagonal,cov_b_log_a,fixed_restriction,generating_population,all_returned,100,100,100,100,0.0,0.0,0.0,0.0,0.0,0.0,0.0,0.0,0.0,0.0,0.0,0.0,0.0,0.0,0.0
2pl,100,1000,0.0,transposed_em_diagonal,cov_b_log_a,fixed_restriction,generating_population,rule_converged,100,99,99,99,0.0,0.0,0.0,0.0,0.0,0.0,0.0,0.0,0.0,0.0,0.0,0.0,0.0,0.0,0.0
2pl,100,1000,0.0,transposed_em_diagonal,cov_b_log_a,fixed_restriction,realized_item_pool,all_returned,100,100,100,100,-0.0010558309621094403,0.0007896790318089215,0.006016894794619469,0.0005188123617681291,6.285048337513783e-05,1.0025014562185093e-05,0.007927829676218948,0.0006322672768978031,0.007896790318089215,0.0,0.0,0.0010558309621094403,-0.00100221473343545,-0.015867844445133845,0.014547941973774637
2pl,100,1000,0.0,transposed_em_diagonal,cov_b_log_a,fixed_restriction,realized_item_pool,rule_converged,100,99,99,99,-0.0010150863410593527,0.0007966337654527,0.0060262619294533205,0.0005239942002993698,6.322368519322131e-05,1.0119774407373164e-05,0.007951332290454305,0.0006363571561159698,0.007926405886003782,0.0,0.0,0.0010150863410593527,-0.000964477677135,-0.01589007258803049,0.014578465082131141
2pl,100,1000,0.0,transposed_em_diagonal,mean_b,identification_constraint,generating_population,all_returned,100,100,100,100,0.0,0.0,0.0,0.0,0.0,0.0,0.0,0.0,0.0,0.0,0.0,0.0,0.0,0.0,0.0
2pl,100,1000,0.0,transposed_em_diagonal,mean_b,identification_constraint,generating_population,rule_converged,100,99,99,99,0.0,0.0,0.0,0.0,0.0,0.0,0.0,0.0,0.0,0.0,0.0,0.0,0.0,0.0,0.0
2pl,100,1000,0.0,transposed_em_diagonal,mean_log_a,identification_constraint,generating_population,all_returned,100,100,100,100,6.383574224777534e-18,7.415282976073351e-18,5.3035145719526614e-17,5.194868367588805e-18,5.4844057597923246e-33,1.2099129686481135e-33,7.4056773895386e-17,8.168820386081491e-18,7.415282976073351e-17,6.383574224777534e-18,7.415282976073351e-17,0.0,3.1502578323738818e-18,-1.4540660342454715e-16,1.6075890618694183e-16
2pl,100,1000,0.0,transposed_em_diagonal,mean_log_a,identification_constraint,generating_population,rule_converged,100,99,99,99,5.244752443792667e-18,7.401703235204615e-18,5.23675519334382e-17,5.20409727643546e-18,5.396458084836438e-33,1.218963510098551e-33,7.346058865021732e-17,8.29671754947845e-18,7.364601732220017e-17,5.244752443792667e-18,7.364601732220017e-17,0.0,1.8596235662471373e-18,-1.4583195762085666e-16,1.608685407106236e-16
2pl,100,1000,0.0,transposed_em_diagonal,sd_b,estimated,generating_population,all_returned,100,100,100,100,0.013784511480564081,0.002251239270259799,0.020924210436862527,0.0016015457220937535,0.0006917525037018302,9.555344183557161e-05,0.026301188256461536,0.0018165232860172496,0.02251239270259799,0.813784511480564,0.02251239270259799,0.7999999999999998,0.014050435338667955,-0.03449747599467243,0.060953692978918894
2pl,100,1000,0.0,transposed_em_diagonal,sd_b,estimated,generating_population,rule_converged,100,99,99,99,0.013330339066960963,0.0022273361206996242,0.02054215619453515,0.0015710984250193948,0.0006638785067083242,9.232540355206151e-05,0.025765839918549603,0.001791624178445541,0.022161714583099203,0.813330339066961,0.022161714583099203,0.7999999999999999,0.014030496369883183,-0.03451014893218451,0.05883536097986782
2pl,100,1000,0.0,transposed_em_diagonal,sd_b,estimated,realized_item_pool,all_returned,100,100,100,100,0.013680929109674923,0.0011715311002815543,0.015076702430601606,0.0009833815699355737,0.0003230438480777148,4.4465853991468343e-05,0.0179734206003675,0.0012369891903202654,0.011715311002815542,0.813784511480564,0.02251239270259799,0.8001035823708892,0.012395587286042509,-0.010441267867658227,0.03471574891933151
2pl,100,1000,0.0,transposed_em_diagonal,sd_b,estimated,realized_item_pool,rule_converged,100,99,99,99,0.013233048197287796,0.0010935281820534323,0.014642920238627878,0.0008914974343911153,0.00029230234531636007,3.245361177919178e-05,0.01709685191245336,0.0009491107469777096,0.010880468032652059,0.813330339066961,0.022161714583099203,0.8000972908696733,0.012336456568272314,-0.010633533512818647,0.03442570834770451
2pl,100,1000,0.0,transposed_em_diagonal,sd_log_a,estimated,generating_population,all_returned,100,100,100,100,-0.021235296456833294,0.0016435896570873992,0.023234256451108867,0.0013429368235826269,0.0007183751247371795,0.00010833142013525717,0.02680252086534361,0.0020209184926954513,0.016435896570873992,0.32876470354316667,0.016435896570873992,0.3500000000000001,-0.02199856937075534,-0.043825928378288075,-0.0021191968835866824
2pl,100,1000,0.0,transposed_em_diagonal,sd_log_a,estimated,generating_population,rule_converged,100,99,99,99,-0.022459370155526345,0.0011079630791445806,0.022459370155526345,0.0011079630791445806,0.0006247263618882065,5.50102569784501e-05,0.02499452663861043,0.0011004460651291691,0.011024093445268253,0.32754062984447363,0.011024093445268252,0.35000000000000003,-0.02220353898357008,-0.043882858788549625,-0.002944845634020965
2pl,100,1000,0.0,transposed_em_diagonal,sd_log_a,estimated,realized_item_pool,all_returned,100,100,100,100,-0.021058726465397578,0.0016565606857993818,0.023196735366731894,0.0013373294885670958,0.0007151450976123123,0.00011988136728833126,0.026742196948125116,0.0022414270510549075,0.01656560685799382,0.32876470354316667,0.016435896570873992,0.3498234300085643,-0.021620441652692307,-0.044255828279505915,-0.00457921642873445
2pl,100,1000,0.0,transposed_em_diagonal,sd_log_a,estimated,realized_item_pool,rule_converged,100,99,99,99,-0.022351243349560342,0.0010466630209766195,0.022351243349560342,0.0010466630209766195,0.0006069374202602957,5.212466204071643e-05,0.024636099940134513,0.0010578919181075507,0.01041416556755799,0.32754062984447363,0.011024093445268252,0.34989187319403403,-0.0217611921970558,-0.04430069792947863,-0.0051789043808916505
2pl,100,1000,0.0,transposed_em_diagonal,variance_b,derived,generating_population,all_returned,100,100,100,100,0.022746970872604425,0.0036556494918458444,0.03397105705503842,0.0026331329305380067,0.0018404382313951591,0.00025907076921856517,0.04290032903597779,0.003019449676030444,0.03655649491845844,0.6627469708726044,0.03655649491845844,0.6399999999999999,0.02267811167263739,-0.05400582166073808,0.10124566486923953
2pl,100,1000,0.0,transposed_em_diagonal,variance_b,derived,generating_population,rule_converged,100,99,99,99,0.021992421013845926,0.0036132448695920085,0.03332988180418329,0.00257980447913912,0.0017631093538382826,0.00024977113638430443,0.041989395730806636,0.0029742168473390674,0.035951332524339956,0.6619924210138458,0.035951332524339956,0.6399999999999999,0.0226456490201985,-0.054025224313248896,0.09761886678082794
2pl,100,1000,0.0,transposed_em_diagonal,variance_b,derived,realized_item_pool,all_returned,100,100,100,100,0.022255057483161467,0.0019168469704280862,0.024458332250623487,0.0016231702848638254,0.0008590435120747155,0.00012133359858351367,0.02930944407652106,0.002069872056712097,0.019168469704280863,0.6627469708726044,0.03655649491845844,0.640491913389443,0.020413920477547698,-0.016865917434106856,0.057138736096993464
2pl,100,1000,0.0,transposed_em_diagonal,variance_b,derived,realized_item_pool,rule_converged,100,99,99,99,0.021507284593222237,0.001782894348601955,0.02373281466136569,0.0014667421908539618,0.0007740770918849798,8.749664474830294e-05,0.02782224095728056,0.0015724226686601014,0.017739574785473358,0.6619924210138458,0.035951332524339956,0.6404851364206237,0.020408825206469028,-0.01716461888792462,0.05621655307950378
2pl,100,1000,0.0,transposed_em_diagonal,variance_log_a,derived,generating_population,all_returned,100,100,100,100,-0.01414633239504616,0.0011897500414591647,0.015745396443974772,0.000965758308887062,0.0003402537311851888,6.545460703406504e-05,0.018445967884206802,0.0017742253332801914,0.011897500414591648,0.10835366760495385,0.01189750041459165,0.12250000000000005,-0.01491501949262665,-0.028756144679009426,-0.0014787999541680434
2pl,100,1000,0.0,transposed_em_diagonal,variance_log_a,derived,generating_population,rule_converged,100,99,99,99,-0.015096832746980269,0.0007228446089576955,0.015096832746980269,0.0007228446089576955,0.00027911978320281774,2.362431266838688e-05,0.016706878320105697,0.0007070235449059468,0.007192213048931543,0.10740316725301972,0.007192213048931543,0.12250000000000005,-0.015049480145104197,-0.028791012392170398,-0.002052501397217366
2pl,100,1000,0.0,transposed_em_diagonal,variance_log_a,derived,realized_item_pool,all_returned,100,100,100,100,-0.014072952102368268,0.0012106369611507195,0.015768383656310288,0.0009770322051580213,0.00034314652419427204,7.278657809010906e-05,0.01852421453649984,0.001964633316751203,0.012106369611507196,0.10835366760495385,0.01189750041459165,0.12242661970732209,-0.01486461409459365,-0.02978651041108254,-0.003173736482193879
2pl,100,1000,0.0,transposed_em_diagonal,variance_log_a,derived,realized_item_pool,rule_converged,100,99,99,99,-0.0150713816963023,0.0006916264457569405,0.0150713816963023,0.0006916264457569405,0.0002740245660017331,2.3035926814001588e-05,0.01655368738383485,0.0006957944257331098,0.006881596246988589,0.10740316725301972,0.007192213048931543,0.12247454894932203,-0.014891993684059107,-0.02979072391183954,-0.0035510766558832347
2pl,100,1000,0.4,transposed_em_correlated,corr_b_log_a,estimated,generating_population,all_returned,100,100,100,100,-0.04801216784372851,0.0035849969941213157,0.05042193177496904,0.003233606983847514,0.0035775364023923856,0.00040961668549343525,0.05981251041707233,0.003424172323124211,0.03584996994121316,0.3519878321562715,0.03584996994121316,0.3999999999999999,-0.048235762581569114,-0.12544939528786017,0.0142849863436001
2pl,100,1000,0.4,transposed_em_correlated,corr_b_log_a,estimated,generating_population,rule_converged,100,100,100,100,-0.04801216784372851,0.0035849969941213157,0.05042193177496904,0.003233606983847514,0.0035775364023923856,0.00040961668549343525,0.05981251041707233,0.003424172323124211,0.03584996994121316,0.3519878321562715,0.03584996994121316,0.3999999999999999,-0.048235762581569114,-0.12544939528786017,0.0142849863436001
2pl,100,1000,0.4,transposed_em_correlated,corr_b_log_a,estimated,realized_item_pool,all_returned,100,100,100,100,-0.04795639796952867,0.002793109866651433,0.048678903507614564,0.0026638721522305956,0.0030721609162031854,0.00028381325675368857,0.05542707746402642,0.0025602401365820756,0.02793109866651433,0.3519878321562715,0.03584996994121316,0.39994423012580016,-0.04647461396405586,-0.09993321083689805,0.0017100949908001968
2pl,100,1000,0.4,transposed_em_correlated,corr_b_log_a,estimated,realized_item_pool,rule_converged,100,100,100,100,-0.04795639796952867,0.002793109866651433,0.048678903507614564,0.0026638721522305956,0.0030721609162031854,0.00028381325675368857,0.05542707746402642,0.0025602401365820756,0.02793109866651433,0.3519878321562715,0.03584996994121316,0.39994423012580016,-0.04647461396405586,-0.09993321083689805,0.0017100949908001968
2pl,100,1000,0.4,transposed_em_correlated,cov_b_log_a,derived,generating_population,all_returned,100,100,100,100,-0.019614488988087233,0.0011335717167831707,0.0198860504615075,0.0010847271880554256,0.000511941677135779,4.7901190576355255e-05,0.022626128195866367,0.0010585370630293357,0.011335717167831707,0.09238551101191277,0.011335717167831707,0.11200000000000003,-0.01997158303628202,-0.042084026430883305,0.002231664588456922
2pl,100,1000,0.4,transposed_em_correlated,cov_b_log_a,derived,generating_population,rule_converged,100,100,100,100,-0.019614488988087233,0.0011335717167831707,0.0198860504615075,0.0010847271880554256,0.000511941677135779,4.7901190576355255e-05,0.022626128195866367,0.0010585370630293357,0.011335717167831707,0.09238551101191277,0.011335717167831707,0.11200000000000003,-0.01997158303628202,-0.042084026430883305,0.002231664588456922
2pl,100,1000,0.4,transposed_em_correlated,cov_b_log_a,derived,realized_item_pool,all_returned,100,100,100,100,-0.01956755532382594,0.0008058902217544985,0.019597915562482325,0.0007984035387567691,0.00044718566725342066,3.2920333505837865e-05,0.021146764935881343,0.0007783775344752474,0.008058902217544985,0.09238551101191277,0.011335717167831707,0.11195306633573869,-0.019754916405386,-0.034002916727413214,-0.005577183366611824
2pl,100,1000,0.4,transposed_em_correlated,cov_b_log_a,derived,realized_item_pool,rule_converged,100,100,100,100,-0.01956755532382594,0.0008058902217544985,0.019597915562482325,0.0007984035387567691,0.00044718566725342066,3.2920333505837865e-05,0.021146764935881343,0.0007783775344752474,0.008058902217544985,0.09238551101191277,0.011335717167831707,0.11195306633573869,-0.019754916405386,-0.034002916727413214,-0.005577183366611824
2pl,100,1000,0.4,transposed_em_correlated,mean_b,identification_constraint,generating_population,all_returned,100,100,100,100,0.0,0.0,0.0,0.0,0.0,0.0,0.0,0.0,0.0,0.0,0.0,0.0,0.0,0.0,0.0
2pl,100,1000,0.4,transposed_em_correlated,mean_b,identification_constraint,generating_population,rule_converged,100,100,100,100,0.0,0.0,0.0,0.0,0.0,0.0,0.0,0.0,0.0,0.0,0.0,0.0,0.0,0.0,0.0
2pl,100,1000,0.4,transposed_em_correlated,mean_log_a,identification_constraint,generating_population,all_returned,100,100,100,100,3.844216611703642e-18,5.698329102854058e-18,4.586449275922888e-17,3.3722737693591345e-18,3.2294025032366175e-33,4.462123816607638e-34,5.682783211804421e-17,3.926002145690514e-18,5.698329102854058e-17,3.844216611703642e-18,5.698329102854058e-17,0.0,-7.105427357601002e-18,-9.132139489054224e-17,1.1663430637964805e-16
2pl,100,1000,0.4,transposed_em_correlated,mean_log_a,identification_constraint,generating_population,rule_converged,100,100,100,100,3.844216611703642e-18,5.698329102854058e-18,4.586449275922888e-17,3.3722737693591345e-18,3.2294025032366175e-33,4.462123816607638e-34,5.682783211804421e-17,3.926002145690514e-18,5.698329102854058e-17,3.844216611703642e-18,5.698329102854058e-17,0.0,-7.105427357601002e-18,-9.132139489054224e-17,1.1663430637964805e-16
2pl,100,1000,0.4,transposed_em_correlated,sd_b,estimated,generating_population,all_returned,100,100,100,100,0.010705779689988764,0.002219924145047173,0.02031931668984672,0.0013839532958885281,0.0006024919765371547,7.414952504420795e-05,0.024545711978615627,0.0015104374464429361,0.022199241450471727,0.8107057796899888,0.022199241450471724,0.7999999999999998,0.010533637957583775,-0.029778528750741103,0.05041540247784094
2pl,100,1000,0.4,transposed_em_correlated,sd_b,estimated,generating_population,rule_converged,100,100,100,100,0.010705779689988764,0.002219924145047173,0.02031931668984672,0.0013839532958885281,0.0006024919765371547,7.414952504420795e-05,0.024545711978615627,0.0015104374464429361,0.022199241450471727,0.8107057796899888,0.022199241450471724,0.7999999999999998,0.010533637957583775,-0.029778528750741103,0.05041540247784094
2pl,100,1000,0.4,transposed_em_correlated,sd_b,estimated,realized_item_pool,all_returned,100,100,100,100,0.011305274091945984,0.0010340970073375783,0.012972285777709583,0.000812747736487114,0.00023367552773189405,2.5112794761142517e-05,0.01528644915380593,0.0008214070680662317,0.010340970073375783,0.8107057796899888,0.022199241450471724,0.7994005055980428,0.012375121558787838,-0.010235810382244484,0.03010601259900154
2pl,100,1000,0.4,transposed_em_correlated,sd_b,estimated,realized_item_pool,rule_converged,100,100,100,100,0.011305274091945984,0.0010340970073375783,0.012972285777709583,0.000812747736487114,0.00023367552773189405,2.5112794761142517e-05,0.01528644915380593,0.0008214070680662317,0.010340970073375783,0.8107057796899888,0.022199241450471724,0.7994005055980428,0.012375121558787838,-0.010235810382244484,0.03010601259900154
2pl,100,1000,0.4,transposed_em_correlated,sd_log_a,estimated,generating_population,all_returned,100,100,100,100,-0.026639280471473525,0.001268400457973795,0.026662841780472245,0.001263389959090582,0.0008689263964948559,7.757400210688974e-05,0.02947755750558136,0.0013158146174797839,0.01268400457973795,0.3233607195285264,0.01268400457973795,0.3500000000000001,-0.025760222502486885,-0.05395747536470063,-0.006255464757056222
2pl,100,1000,0.4,transposed_em_correlated,sd_log_a,estimated,generating_population,rule_converged,100,100,100,100,-0.026639280471473525,0.001268400457973795,0.026662841780472245,0.001263389959090582,0.0008689263964948559,7.757400210688974e-05,0.02947755750558136,0.0013158146174797839,0.01268400457973795,0.3233607195285264,0.01268400457973795,0.3500000000000001,-0.025760222502486885,-0.05395747536470063,-0.006255464757056222
2pl,100,1000,0.4,transposed_em_correlated,sd_log_a,estimated,realized_item_pool,all_returned,100,100,100,100,-0.02660463411926285,0.0011319072984363357,0.026623241105396378,0.001127479484267061,0.0008346467557129361,6.110605449584186e-05,0.028890253645700935,0.0010575548287879925,0.011319072984363356,0.3233607195285264,0.01268400457973795,0.34996535364778936,-0.027306200215708842,-0.04850972598359704,-0.0017798530765809665
2pl,100,1000,0.4,transposed_em_correlated,sd_log_a,estimated,realized_item_pool,rule_converged,100,100,100,100,-0.02660463411926285,0.0011319072984363357,0.026623241105396378,0.001127479484267061,0.0008346467557129361,6.110605449584186e-05,0.028890253645700935,0.0010575548287879925,0.011319072984363356,0.3233607195285264,0.01268400457973795,0.34996535364778936,-0.027306200215708842,-0.04850972598359704,-0.0017798530765809665
2pl,100,1000,0.4,transposed_em_correlated,variance_b,derived,generating_population,all_returned,100,100,100,100,0.017731739480519235,0.003601160308420206,0.0329204746101591,0.00227973979016223,0.0015982817861321746,0.0002016490965552552,0.03997851655742337,0.002521968220927049,0.03601160308420206,0.6577317394805192,0.03601160308420206,0.6399999999999999,0.016964818647820235,-0.046756314376036924,0.0832096158400008
2pl,100,1000,0.4,transposed_em_correlated,variance_b,derived,generating_population,rule_converged,100,100,100,100,0.017731739480519235,0.003601160308420206,0.0329204746101591,0.00227973979016223,0.0015982817861321746,0.0002016490965552552,0.03997851655742337,0.002521968220927049,0.03601160308420206,0.6577317394805192,0.03601160308420206,0.6399999999999999,0.016964818647820235,-0.046756314376036924,0.0832096158400008
2pl,100,1000,0.4,transposed_em_correlated,variance_b,derived,realized_item_pool,all_returned,100,100,100,100,0.018366200580271025,0.0016732504742827236,0.020990001349161583,0.0013254087036369871,0.0006144942715737962,6.603986433442502e-05,0.024788994969013895,0.0013320399721121101,0.016732504742827236,0.6577317394805192,0.03601160308420206,0.6393655389002482,0.02000834894709752,-0.016090248903973044,0.0492437790331709
2pl,100,1000,0.4,transposed_em_correlated,variance_b,derived,realized_item_pool,rule_converged,100,100,100,100,0.018366200580271025,0.0016732504742827236,0.020990001349161583,0.0013254087036369871,0.0006144942715737962,6.603986433442502e-05,0.024788994969013895,0.0013320399721121101,0.016732504742827236,0.6577317394805192,0.03601160308420206,0.6393655389002482,0.02000834894709752,-0.016090248903973044,0.0492437790331709
2pl,100,1000,0.4,transposed_em_correlated,variance_log_a,derived,generating_population,all_returned,100,100,100,100,-0.017778569933536655,0.0008136573714150405,0.01779509060659985,0.0008100012013477851,0.00038161934236939887,3.230036784750523e-05,0.019535079789174112,0.0008267273079018941,0.008136573714150405,0.10472143006646335,0.008136573714150405,0.12250000000000005,-0.017368537836652542,-0.03485858042857964,-0.004339239145806667
2pl,100,1000,0.4,transposed_em_correlated,variance_log_a,derived,generating_population,rule_converged,100,100,100,100,-0.017778569933536655,0.0008136573714150405,0.01779509060659985,0.0008100012013477851,0.00038161934236939887,3.230036784750523e-05,0.019535079789174112,0.0008267273079018941,0.008136573714150405,0.10472143006646335,0.008136573714150405,0.12250000000000005,-0.017368537836652542,-0.03485858042857964,-0.004339239145806667
2pl,100,1000,0.4,transposed_em_correlated,variance_log_a,derived,realized_item_pool,all_returned,100,100,100,100,-0.01780881678060483,0.000737339349576638,0.01782161545520682,0.000734209119048211,0.000370977217452128,2.6162151919613585e-05,0.019260768869703203,0.0006791564785548649,0.00737339349576638,0.10472143006646335,0.008136573714150405,0.12253024684706817,-0.018470796636103952,-0.03146849992390796,-0.0011973536158734455
2pl,100,1000,0.4,transposed_em_correlated,variance_log_a,derived,realized_item_pool,rule_converged,100,100,100,100,-0.01780881678060483,0.000737339349576638,0.01782161545520682,0.000734209119048211,0.000370977217452128,2.6162151919613585e-05,0.019260768869703203,0.0006791564785548649,0.00737339349576638,0.10472143006646335,0.008136573714150405,0.12253024684706817,-0.018470796636103952,-0.03146849992390796,-0.0011973536158734455
2pl,100,1000,0.4,transposed_em_diagonal,corr_b_log_a,fixed_restriction,generating_population,all_returned,100,100,100,100,-0.3999999999999999,1.1158161231197418e-17,0.3999999999999999,1.1158161231197418e-17,0.16000000000000006,2.7895403077993544e-18,0.4000000000000001,3.486925384749192e-18,1.1158161231197418e-16,0.0,0.0,0.3999999999999999,-0.4,-0.4,-0.4
2pl,100,1000,0.4,transposed_em_diagonal,corr_b_log_a,fixed_restriction,generating_population,rule_converged,100,100,100,100,-0.3999999999999999,1.1158161231197418e-17,0.3999999999999999,1.1158161231197418e-17,0.16000000000000006,2.7895403077993544e-18,0.4000000000000001,3.486925384749192e-18,1.1158161231197418e-16,0.0,0.0,0.3999999999999999,-0.4,-0.4,-0.4
2pl,100,1000,0.4,transposed_em_diagonal,corr_b_log_a,fixed_restriction,realized_item_pool,all_returned,100,100,100,100,-0.39994423012580016,0.0024876198898851464,0.39994423012580016,0.0024876198898851464,0.1605680242298577,0.0019874732833832084,0.4007094012247001,0.0024799434169860183,0.024876198898851464,0.0,0.0,0.39994423012580016,-0.4008552905755345,-0.4422870891109469,-0.3531268136196972
2pl,100,1000,0.4,transposed_em_diagonal,corr_b_log_a,fixed_restriction,realized_item_pool,rule_converged,100,100,100,100,-0.39994423012580016,0.0024876198898851464,0.39994423012580016,0.0024876198898851464,0.1605680242298577,0.0019874732833832084,0.4007094012247001,0.0024799434169860183,0.024876198898851464,0.0,0.0,0.39994423012580016,-0.4008552905755345,-0.4422870891109469,-0.3531268136196972
2pl,100,1000,0.4,transposed_em_diagonal,cov_b_log_a,fixed_restriction,generating_population,all_returned,100,100,100,100,-0.11200000000000003,1.3947701538996772e-18,0.11200000000000003,1.3947701538996772e-18,0.012544000000000007,3.486925384749193e-19,0.11200000000000003,1.5566631181916035e-18,1.3947701538996772e-17,0.0,0.0,0.11200000000000003,-0.11200000000000002,-0.11200000000000002,-0.11200000000000002
2pl,100,1000,0.4,transposed_em_diagonal,cov_b_log_a,fixed_restriction,generating_population,rule_converged,100,100,100,100,-0.11200000000000003,1.3947701538996772e-18,0.11200000000000003,1.3947701538996772e-18,0.012544000000000007,3.486925384749193e-19,0.11200000000000003,1.5566631181916035e-18,1.3947701538996772e-17,0.0,0.0,0.11200000000000003,-0.11200000000000002,-0.11200000000000002,-0.11200000000000002
2pl,100,1000,0.4,transposed_em_diagonal,cov_b_log_a,fixed_restriction,realized_item_pool,all_returned,100,100,100,100,-0.11195306633573875,0.0008635251271895273,0.11195306633573875,0.0008635251271895273,0.012607310950857811,0.00019321863115550893,0.11228228244410518,0.000860414603932256,0.008635251271895274,0.0,0.0,0.11195306633573875,-0.11140803419117586,-0.12689722240219384,-0.09529549503749855
2pl,100,1000,0.4,transposed_em_diagonal,cov_b_log_a,fixed_restriction,realized_item_pool,rule_converged,100,100,100,100,-0.11195306633573875,0.0008635251271895273,0.11195306633573875,0.0008635251271895273,0.012607310950857811,0.00019321863115550893,0.11228228244410518,0.000860414603932256,0.008635251271895274,0.0,0.0,0.11195306633573875,-0.11140803419117586,-0.12689722240219384,-0.09529549503749855
2pl,100,1000,0.4,transposed_em_diagonal,mean_b,identification_constraint,generating_population,all_returned,100,100,100,100,0.0,0.0,0.0,0.0,0.0,0.0,0.0,0.0,0.0,0.0,0.0,0.0,0.0,0.0,0.0
2pl,100,1000,0.4,transposed_em_diagonal,mean_b,identification_constraint,generating_population,rule_converged,100,100,100,100,0.0,0.0,0.0,0.0,0.0,0.0,0.0,0.0,0.0,0.0,0.0,0.0,0.0,0.0,0.0
2pl,100,1000,0.4,transposed_em_diagonal,mean_log_a,identification_constraint,generating_population,all_returned,100,100,100,100,-5.534322999878326e-18,6.114949565486718e-18,4.818298537934141e-17,3.77511370041806e-18,3.732496941723157e-33,5.994019794490219e-34,6.109416454722298e-17,4.905558361353086e-18,6.114949565486718e-17,-5.534322999878326e-18,6.114949565486718e-17,0.0,-5.398459457239825e-18,-1.1238371344646226e-16,1.160379084486073e-16
2pl,100,1000,0.4,transposed_em_diagonal,mean_log_a,identification_constraint,generating_population,rule_converged,100,100,100,100,-5.534322999878326e-18,6.114949565486718e-18,4.818298537934141e-17,3.77511370041806e-18,3.732496941723157e-33,5.994019794490219e-34,6.109416454722298e-17,4.905558361353086e-18,6.114949565486718e-17,-5.534322999878326e-18,6.114949565486718e-17,0.0,-5.398459457239825e-18,-1.1238371344646226e-16,1.160379084486073e-16
2pl,100,1000,0.4,transposed_em_diagonal,sd_b,estimated,generating_population,all_returned,100,100,100,100,0.01286447570670534,0.0022471839448419,0.021035361171632374,0.0015006464872872813,0.000665428467721977,8.119926995893688e-05,0.02579590021150603,0.001573879362479443,0.022471839448418997,0.8128644757067052,0.022471839448418997,0.7999999999999998,0.013579735506196733,-0.028173495418972412,0.05242800116060808
2pl,100,1000,0.4,transposed_em_diagonal,sd_b,estimated,generating_population,rule_converged,100,100,100,100,0.01286447570670534,0.0022471839448419,0.021035361171632374,0.0015006464872872813,0.000665428467721977,8.119926995893688e-05,0.02579590021150603,0.001573879362479443,0.022471839448418997,0.8128644757067052,0.022471839448418997,0.7999999999999998,0.013579735506196733,-0.028173495418972412,0.05242800116060808
2pl,100,1000,0.4,transposed_em_diagonal,sd_b,estimated,realized_item_pool,all_returned,100,100,100,100,0.01346397010866255,0.0010643010865885017,0.014669876633265987,0.0008888430463313529,0.00029341943457539184,3.0815701615683035e-05,0.017129490201853406,0.0008994926659390244,0.010643010865885018,0.8128644757067052,0.022471839448418997,0.7994005055980428,0.01439081012874871,-0.009603686887610962,0.03299168169852834
2pl,100,1000,0.4,transposed_em_diagonal,sd_b,estimated,realized_item_pool,rule_converged,100,100,100,100,0.01346397010866255,0.0010643010865885017,0.014669876633265987,0.0008888430463313529,0.00029341943457539184,3.0815701615683035e-05,0.017129490201853406,0.0008994926659390244,0.010643010865885018,0.8128644757067052,0.022471839448418997,0.7994005055980428,0.01439081012874871,-0.009603686887610962,0.03299168169852834
2pl,100,1000,0.4,transposed_em_diagonal,sd_log_a,estimated,generating_population,all_returned,100,100,100,100,-0.02747294433906146,0.001277596851099285,0.02747294433906146,0.001277596851099285,0.000916355788337111,7.945193948371315e-05,0.03027136911897298,0.001312328146960416,0.01277596851099285,0.32252705566093853,0.012775968510992853,0.3500000000000001,-0.02585390604670268,-0.05385973597499027,-0.006968900232432599
2pl,100,1000,0.4,transposed_em_diagonal,sd_log_a,estimated,generating_population,rule_converged,100,100,100,100,-0.02747294433906146,0.001277596851099285,0.02747294433906146,0.001277596851099285,0.000916355788337111,7.945193948371315e-05,0.03027136911897298,0.001312328146960416,0.01277596851099285,0.32252705566093853,0.012775968510992853,0.3500000000000001,-0.02585390604670268,-0.05385973597499027,-0.006968900232432599
2pl,100,1000,0.4,transposed_em_diagonal,sd_log_a,estimated,realized_item_pool,all_returned,100,100,100,100,-0.027438297986850792,0.0011488567168202247,0.027438297986850792,0.0011488567168202247,0.0008835275002377315,6.357552762036758e-05,0.029724190489191317,0.0010694240376955884,0.011488567168202247,0.32252705566093853,0.012775968510992853,0.3499653536477893,-0.028279944980927285,-0.04873710807280272,-0.0026788961058712433
2pl,100,1000,0.4,transposed_em_diagonal,sd_log_a,estimated,realized_item_pool,rule_converged,100,100,100,100,-0.027438297986850792,0.0011488567168202247,0.027438297986850792,0.0011488567168202247,0.0008835275002377315,6.357552762036758e-05,0.029724190489191317,0.0010694240376955884,0.011488567168202247,0.32252705566093853,0.012775968510992853,0.3499653536477893,-0.028279944980927285,-0.04873710807280272,-0.0026788961058712433
2pl,100,1000,0.4,transposed_em_diagonal,variance_b,derived,generating_population,all_returned,100,100,100,100,0.021248589598450565,0.0036530513115538383,0.03415625722185636,0.002474080294617902,0.001772636164523059,0.0002212410062063431,0.04210268595378517,0.0026273977680330487,0.036530513115538385,0.6612485895984506,0.036530513115538385,0.6399999999999999,0.021912000432960654,-0.044283565699740166,0.08663360283592099
2pl,100,1000,0.4,transposed_em_diagonal,variance_b,derived,generating_population,rule_converged,100,100,100,100,0.021248589598450565,0.0036530513115538383,0.03415625722185636,0.002474080294617902,0.001772636164523059,0.0002212410062063431,0.04210268595378517,0.0026273977680330487,0.036530513115538385,0.6612485895984506,0.036530513115538385,0.6399999999999999,0.021912000432960654,-0.044283565699740166,0.08663360283592099
2pl,100,1000,0.4,transposed_em_diagonal,variance_b,derived,realized_item_pool,all_returned,100,100,100,100,0.02188305069820234,0.0017291373722786846,0.023779190133207603,0.0014544245057084757,0.0007748695970289668,8.13388549526004e-05,0.027836479609120238,0.001461011882514606,0.017291373722786847,0.6612485895984506,0.036530513115538385,0.6393655389002482,0.023475336893585108,-0.015359833510515054,0.05418294836793234
2pl,100,1000,0.4,transposed_em_diagonal,variance_b,derived,realized_item_pool,rule_converged,100,100,100,100,0.02188305069820234,0.0017291373722786846,0.023779190133207603,0.0014544245057084757,0.0007748695970289668,8.13388549526004e-05,0.027836479609120238,0.001461011882514606,0.017291373722786847,0.6612485895984506,0.036530513115538385,0.6393655389002482,0.023475336893585108,-0.015359833510515054,0.05418294836793234
2pl,100,1000,0.4,transposed_em_diagonal,variance_log_a,derived,generating_population,all_returned,100,100,100,100,-0.018314705249005945,0.0008179269353895246,0.018314705249005945,0.0008179269353895246,0.0004016598710499002,3.305761485136787e-05,0.020041453815776444,0.000824730959022175,0.008179269353895246,0.10418529475099407,0.008179269353895244,0.12250000000000005,-0.01742927483725515,-0.034800405808318564,-0.00482964506885135
2pl,100,1000,0.4,transposed_em_diagonal,variance_log_a,derived,generating_population,rule_converged,100,100,100,100,-0.018314705249005945,0.0008179269353895246,0.018314705249005945,0.0008179269353895246,0.0004016598710499002,3.305761485136787e-05,0.020041453815776444,0.000824730959022175,0.008179269353895246,0.10418529475099407,0.008179269353895244,0.12250000000000005,-0.01742927483725515,-0.034800405808318564,-0.00482964506885135
2pl,100,1000,0.4,transposed_em_diagonal,variance_log_a,derived,realized_item_pool,all_returned,100,100,100,100,-0.018344952096074122,0.0007472153102295135,0.018344952096074122,0.0007472153102295135,0.0003918120086715518,2.7210167762383614e-05,0.019794241805928103,0.0006873253350435111,0.007472153102295135,0.10418529475099407,0.008179269353895244,0.12253024684706817,-0.019183706737822652,-0.03195777164994764,-0.0018081608676170653
2pl,100,1000,0.4,transposed_em_diagonal,variance_log_a,derived,realized_item_pool,rule_converged,100,100,100,100,-0.018344952096074122,0.0007472153102295135,0.018344952096074122,0.0007472153102295135,0.0003918120086715518,2.7210167762383614e-05,0.019794241805928103,0.0006873253350435111,0.007472153102295135,0.10418529475099407,0.008179269353895244,0.12253024684706817,-0.019183706737822652,-0.03195777164994764,-0.0018081608676170653
2pl,100,10000,-0.4,transposed_em_correlated,corr_b_log_a,estimated,generating_population,all_returned,100,100,100,100,0.046130627117925586,0.0015177160202983623,0.046130627117925586,0.0015177160202983623,0.0023560774882018507,0.000137895090212322,0.04853944260291676,0.0014204436929817136,0.015177160202983623,-0.3538693728820745,0.015177160202983623,-0.3999999999999999,0.04435471565326063,0.015355860796188755,0.07303854319934161
2pl,100,10000,-0.4,transposed_em_correlated,corr_b_log_a,estimated,generating_population,rule_converged,100,100,100,100,0.046130627117925586,0.0015177160202983623,0.046130627117925586,0.0015177160202983623,0.0023560774882018507,0.000137895090212322,0.04853944260291676,0.0014204436929817136,0.015177160202983623,-0.3538693728820745,0.015177160202983623,-0.3999999999999999,0.04435471565326063,0.015355860796188755,0.07303854319934161
2pl,100,10000,-0.4,transposed_em_correlated,corr_b_log_a,estimated,realized_item_pool,all_returned,100,100,100,100,0.046850811284341806,0.001269221395436912,0.046850811284341806,0.001269221395436912,0.0023544798901138577,0.00011670028727363114,0.048522983112272246,0.0012025258937976935,0.012692213954369121,-0.3538693728820745,0.015177160202983623,-0.40072018416641625,0.04655970648897731,0.0202768813814677,0.0697147645498298
2pl,100,10000,-0.4,transposed_em_correlated,corr_b_log_a,estimated,realized_item_pool,rule_converged,100,100,100,100,0.046850811284341806,0.001269221395436912,0.046850811284341806,0.001269221395436912,0.0023544798901138577,0.00011670028727363114,0.048522983112272246,0.0012025258937976935,0.012692213954369121,-0.3538693728820745,0.015177160202983623,-0.40072018416641625,0.04655970648897731,0.0202768813814677,0.0697147645498298
2pl,100,10000,-0.4,transposed_em_correlated,cov_b_log_a,derived,generating_population,all_returned,100,100,100,100,0.018967646531642922,0.000460034413762875,0.018967646531642922,0.000460034413762875,0.000380723149472115,1.7053403058171875e-05,0.01951212826608402,0.00043699495066906925,0.00460034413762875,-0.09303235346835709,0.00460034413762875,-0.11200000000000003,0.01915326263346307,0.010192247884834646,0.027111220786261127
2pl,100,10000,-0.4,transposed_em_correlated,cov_b_log_a,derived,generating_population,rule_converged,100,100,100,100,0.018967646531642922,0.000460034413762875,0.018967646531642922,0.000460034413762875,0.000380723149472115,1.7053403058171875e-05,0.01951212826608402,0.00043699495066906925,0.00460034413762875,-0.09303235346835709,0.00460034413762875,-0.11200000000000003,0.01915326263346307,0.010192247884834646,0.027111220786261127
2pl,100,10000,-0.4,transposed_em_correlated,cov_b_log_a,derived,realized_item_pool,all_returned,100,100,100,100,0.019276359460249443,0.0003607788952621279,0.019276359460249443,0.0003607788952621279,0.0003844640137561376,1.370012513688747e-05,0.019607753919205984,0.00034935478059697764,0.003607788952621279,-0.09303235346835709,0.00460034413762875,-0.11230871292860653,0.01938238882241805,0.012197617389053284,0.02573708050502935
2pl,100,10000,-0.4,transposed_em_correlated,cov_b_log_a,derived,realized_item_pool,rule_converged,100,100,100,100,0.019276359460249443,0.0003607788952621279,0.019276359460249443,0.0003607788952621279,0.0003844640137561376,1.370012513688747e-05,0.019607753919205984,0.00034935478059697764,0.003607788952621279,-0.09303235346835709,0.00460034413762875,-0.11230871292860653,0.01938238882241805,0.012197617389053284,0.02573708050502935
2pl,100,10000,-0.4,transposed_em_correlated,mean_b,identification_constraint,generating_population,all_returned,100,100,100,100,0.0,0.0,0.0,0.0,0.0,0.0,0.0,0.0,0.0,0.0,0.0,0.0,0.0,0.0,0.0
2pl,100,10000,-0.4,transposed_em_correlated,mean_b,identification_constraint,generating_population,rule_converged,100,100,100,100,0.0,0.0,0.0,0.0,0.0,0.0,0.0,0.0,0.0,0.0,0.0,0.0,0.0,0.0,0.0
2pl,100,10000,-0.4,transposed_em_correlated,mean_log_a,identification_constraint,generating_population,all_returned,100,100,100,100,-1.645415748097179e-17,2.2030325854833682e-17,1.6329590457608842e-16,1.4789218471518065e-17,4.831892976815382e-32,8.66037004987239e-33,2.1981567225326273e-16,1.969916421585778e-17,2.2030325854833684e-16,-1.645415748097179e-17,2.2030325854833684e-16,0.0,-3.659225700225477e-18,-4.816684898156787e-16,5.208089515207336e-16
2pl,100,10000,-0.4,transposed_em_correlated,mean_log_a,identification_constraint,generating_population,rule_converged,100,100,100,100,-1.645415748097179e-17,2.2030325854833682e-17,1.6329590457608842e-16,1.4789218471518065e-17,4.831892976815382e-32,8.66037004987239e-33,2.1981567225326273e-16,1.969916421585778e-17,2.2030325854833684e-16,-1.645415748097179e-17,2.2030325854833684e-16,0.0,-3.659225700225477e-18,-4.816684898156787e-16,5.208089515207336e-16
2pl,100,10000,-0.4,transposed_em_correlated,sd_b,estimated,generating_population,all_returned,100,100,100,100,0.01003687507891594,0.0007169995365821484,0.010586086870201829,0.000632202909320258,0.00015163360656020644,1.6791929016183727e-05,0.012313959824532742,0.0006818249066693257,0.0071699953658214835,0.810036875078916,0.0071699953658214835,0.7999999999999998,0.009777635324608513,-0.0036165289216163743,0.023764656073310287
2pl,100,10000,-0.4,transposed_em_correlated,sd_b,estimated,generating_population,rule_converged,100,100,100,100,0.01003687507891594,0.0007169995365821484,0.010586086870201829,0.000632202909320258,0.00015163360656020644,1.6791929016183727e-05,0.012313959824532742,0.0006818249066693257,0.0071699953658214835,0.810036875078916,0.0071699953658214835,0.7999999999999998,0.009777635324608513,-0.0036165289216163743,0.023764656073310287
2pl,100,10000,-0.4,transposed_em_correlated,sd_b,estimated,realized_item_pool,all_returned,100,100,100,100,0.009871904434925858,0.00038910133434249866,0.009871904434925858,0.00038910133434249866,0.00011244308216263299,8.444819678859475e-06,0.010603918245753925,0.0003981933603760569,0.003891013343424987,0.810036875078916,0.0071699953658214835,0.8001649706439902,0.009208930237524005,0.003449116643714062,0.017977997273446237
2pl,100,10000,-0.4,transposed_em_correlated,sd_b,estimated,realized_item_pool,rule_converged,100,100,100,100,0.009871904434925858,0.00038910133434249866,0.009871904434925858,0.00038910133434249866,0.00011244308216263299,8.444819678859475e-06,0.010603918245753925,0.0003981933603760569,0.003891013343424987,0.810036875078916,0.0071699953658214835,0.8001649706439902,0.009208930237524005,0.003449116643714062,0.017977997273446237
2pl,100,10000,-0.4,transposed_em_correlated,sd_log_a,estimated,generating_population,all_returned,100,100,100,100,-0.025490061155614415,0.0005153914192181812,0.025490061155614415,0.0005153914192181812,0.0006760404209023322,2.3087911439624648e-05,0.02600077731342531,0.00044398502324204315,0.005153914192181813,0.3245099388443856,0.005153914192181813,0.3500000000000001,-0.025562491956786365,-0.03395202635314216,-0.018819459256090902
2pl,100,10000,-0.4,transposed_em_correlated,sd_log_a,estimated,generating_population,rule_converged,100,100,100,100,-0.025490061155614415,0.0005153914192181812,0.025490061155614415,0.0005153914192181812,0.0006760404209023322,2.3087911439624648e-05,0.02600077731342531,0.00044398502324204315,0.005153914192181813,0.3245099388443856,0.005153914192181813,0.3500000000000001,-0.025562491956786365,-0.03395202635314216,-0.018819459256090902
2pl,100,10000,-0.4,transposed_em_correlated,sd_log_a,estimated,realized_item_pool,all_returned,100,100,100,100,-0.025727176775953358,0.0005031169338709162,0.025727176775953358,0.0005031169338709162,0.0006869471631267729,2.2119903824112215e-05,0.02620967689855739,0.00042197971210644185,0.0050311693387091625,0.3245099388443856,0.005153914192181813,0.35023711562033893,-0.025888969707988846,-0.03383117657289217,-0.017510342982085078
2pl,100,10000,-0.4,transposed_em_correlated,sd_log_a,estimated,realized_item_pool,rule_converged,100,100,100,100,-0.025727176775953358,0.0005031169338709162,0.025727176775953358,0.0005031169338709162,0.0006869471631267729,2.2119903824112215e-05,0.02620967689855739,0.00042197971210644185,0.0050311693387091625,0.3245099388443856,0.005153914192181813,0.35023711562033893,-0.025888969707988846,-0.03383117657289217,-0.017510342982085078
2pl,100,10000,-0.4,transposed_em_correlated,variance_b,derived,generating_population,all_returned,100,100,100,100,0.016210633732825764,0.0011622838468796355,0.017086762463322004,0.001027729992804353,0.00039652411635084377,4.434687570325627e-05,0.01991291330646633,0.001113520533654297,0.011622838468796354,0.6562106337328258,0.011622838468796354,0.6399999999999999,0.015739819000211486,-0.005773348184088834,0.03858899922694615
2pl,100,10000,-0.4,transposed_em_correlated,variance_b,derived,generating_population,rule_converged,100,100,100,100,0.016210633732825764,0.0011622838468796355,0.017086762463322004,0.001027729992804353,0.00039652411635084377,4.434687570325627e-05,0.01991291330646633,0.001113520533654297,0.011622838468796354,0.6562106337328258,0.011622838468796354,0.6399999999999999,0.015739819000211486,-0.005773348184088834,0.03858899922694615
2pl,100,10000,-0.4,transposed_em_correlated,variance_b,derived,realized_item_pool,all_returned,100,100,100,100,0.015912587866289706,0.0006318314449132857,0.015912587866289706,0.0006318314449132857,0.00029273233910573023,2.2149667361136436e-05,0.017109422524028396,0.0006472944171560888,0.006318314449132857,0.6562106337328258,0.011622838468796354,0.6402980458665362,0.014793404420388345,0.005521248613486293,0.029142525182553856
2pl,100,10000,-0.4,transposed_em_correlated,variance_b,derived,realized_item_pool,rule_converged,100,100,100,100,0.015912587866289706,0.0006318314449132857,0.015912587866289706,0.0006318314449132857,0.00029273233910573023,2.2149667361136436e-05,0.017109422524028396,0.0006472944171560888,0.006318314449132857,0.6562106337328258,0.011622838468796354,0.6402980458665362,0.014793404420388345,0.005521248613486293,0.029142525182553856
2pl,100,10000,-0.4,transposed_em_correlated,variance_log_a,derived,generating_population,all_returned,100,100,100,100,-0.0171670023880278,0.0003386195774304524,0.0171670023880278,0.0003386195774304524,0.00030605762959425074,1.0106761356883354e-05,0.017494502839299285,0.0002888553464400182,0.003386195774304524,0.10533299761197218,0.003386195774304524,0.12250000000000005,-0.017240303175513443,-0.022613638179603605,-0.012818935070493538
2pl,100,10000,-0.4,transposed_em_correlated,variance_log_a,derived,generating_population,rule_converged,100,100,100,100,-0.0171670023880278,0.0003386195774304524,0.0171670023880278,0.0003386195774304524,0.00030605762959425074,1.0106761356883354e-05,0.017494502839299285,0.0002888553464400182,0.003386195774304524,0.10533299761197218,0.003386195774304524,0.12250000000000005,-0.017240303175513443,-0.022613638179603605,-0.012818935070493538
2pl,100,10000,-0.4,transposed_em_correlated,variance_log_a,derived,realized_item_pool,all_returned,100,100,100,100,-0.017338892758339157,0.00033364986868925593,0.017338892758339157,0.00033364986868925593,0.0003116581033379456,9.791023694268075e-06,0.017653841036384847,0.0002773057623575691,0.003336498686892559,0.10533299761197218,0.003386195774304524,0.12267189037031137,-0.01745025962711435,-0.022701440765879512,-0.011860793358327178
2pl,100,10000,-0.4,transposed_em_correlated,variance_log_a,derived,realized_item_pool,rule_converged,100,100,100,100,-0.017338892758339157,0.00033364986868925593,0.017338892758339157,0.00033364986868925593,0.0003116581033379456,9.791023694268075e-06,0.017653841036384847,0.0002773057623575691,0.003336498686892559,0.10533299761197218,0.003386195774304524,0.12267189037031137,-0.01745025962711435,-0.022701440765879512,-0.011860793358327178
2pl,100,10000,-0.4,transposed_em_diagonal,corr_b_log_a,fixed_restriction,generating_population,all_returned,100,100,100,100,0.3999999999999999,1.1158161231197418e-17,0.3999999999999999,1.1158161231197418e-17,0.16000000000000006,2.7895403077993544e-18,0.4000000000000001,3.486925384749192e-18,1.1158161231197418e-16,0.0,0.0,-0.3999999999999999,0.4,0.4,0.4
2pl,100,10000,-0.4,transposed_em_diagonal,corr_b_log_a,fixed_restriction,generating_population,rule_converged,100,100,100,100,0.3999999999999999,1.1158161231197418e-17,0.3999999999999999,1.1158161231197418e-17,0.16000000000000006,2.7895403077993544e-18,0.4000000000000001,3.486925384749192e-18,1.1158161231197418e-16,0.0,0.0,-0.3999999999999999,0.4,0.4,0.4
2pl,100,10000,-0.4,transposed_em_diagonal,corr_b_log_a,fixed_restriction,realized_item_pool,all_returned,100,100,100,100,0.40072018416641625,0.0007945261278157819,0.40072018416641625,0.0007945261278157819,0.16063916190337693,0.0006367999658849209,0.40079815606284536,0.000794414789903712,0.007945261278157818,0.0,0.0,-0.40072018416641625,0.400450346311167,0.38631268724723716,0.41513489482208377
2pl,100,10000,-0.4,transposed_em_diagonal,corr_b_log_a,fixed_restriction,realized_item_pool,rule_converged,100,100,100,100,0.40072018416641625,0.0007945261278157819,0.40072018416641625,0.0007945261278157819,0.16063916190337693,0.0006367999658849209,0.40079815606284536,0.000794414789903712,0.007945261278157818,0.0,0.0,-0.40072018416641625,0.400450346311167,0.38631268724723716,0.41513489482208377
2pl,100,10000,-0.4,transposed_em_diagonal,cov_b_log_a,fixed_restriction,generating_population,all_returned,100,100,100,100,0.11200000000000003,1.3947701538996772e-18,0.11200000000000003,1.3947701538996772e-18,0.012544000000000007,3.486925384749193e-19,0.11200000000000003,1.5566631181916035e-18,1.3947701538996772e-17,0.0,0.0,-0.11200000000000003,0.11200000000000002,0.11200000000000002,0.11200000000000002
2pl,100,10000,-0.4,transposed_em_diagonal,cov_b_log_a,fixed_restriction,generating_population,rule_converged,100,100,100,100,0.11200000000000003,1.3947701538996772e-18,0.11200000000000003,1.3947701538996772e-18,0.012544000000000007,3.486925384749193e-19,0.11200000000000003,1.5566631181916035e-18,1.3947701538996772e-17,0.0,0.0,-0.11200000000000003,0.11200000000000002,0.11200000000000002,0.11200000000000002
2pl,100,10000,-0.4,transposed_em_diagonal,cov_b_log_a,fixed_restriction,realized_item_pool,all_returned,100,100,100,100,0.11230871292860657,0.00028319224090007315,0.11230871292860657,0.00028319224090007315,0.012621186586365457,6.354956073546389e-05,0.11234405452165885,0.00028283455233143713,0.0028319224090007315,0.0,0.0,-0.11230871292860657,0.11241091718496875,0.10779587949560887,0.11771827149083072
2pl,100,10000,-0.4,transposed_em_diagonal,cov_b_log_a,fixed_restriction,realized_item_pool,rule_converged,100,100,100,100,0.11230871292860657,0.00028319224090007315,0.11230871292860657,0.00028319224090007315,0.012621186586365457,6.354956073546389e-05,0.11234405452165885,0.00028283455233143713,0.0028319224090007315,0.0,0.0,-0.11230871292860657,0.11241091718496875,0.10779587949560887,0.11771827149083072
2pl,100,10000,-0.4,transposed_em_diagonal,mean_b,identification_constraint,generating_population,all_returned,100,100,100,100,0.0,0.0,0.0,0.0,0.0,0.0,0.0,0.0,0.0,0.0,0.0,0.0,0.0,0.0,0.0
2pl,100,10000,-0.4,transposed_em_diagonal,mean_b,identification_constraint,generating_population,rule_converged,100,100,100,100,0.0,0.0,0.0,0.0,0.0,0.0,0.0,0.0,0.0,0.0,0.0,0.0,0.0,0.0,0.0
2pl,100,10000,-0.4,transposed_em_diagonal,mean_log_a,identification_constraint,generating_population,all_returned,100,100,100,100,-4.8338867630892677e-17,2.4823627083368304e-17,1.8199870083224208e-16,1.747094347219437e-17,6.334167981967648e-32,1.1909290035015585e-32,2.516777300828909e-16,2.3659801030256476e-17,2.4823627083368304e-16,-4.8338867630892677e-17,2.4823627083368304e-16,0.0,-2.0705312464563975e-17,-6.186671314134529e-16,3.369354795168532e-16
2pl,100,10000,-0.4,transposed_em_diagonal,mean_log_a,identification_constraint,generating_population,rule_converged,100,100,100,100,-4.8338867630892677e-17,2.4823627083368304e-17,1.8199870083224208e-16,1.747094347219437e-17,6.334167981967648e-32,1.1909290035015585e-32,2.516777300828909e-16,2.3659801030256476e-17,2.4823627083368304e-16,-4.8338867630892677e-17,2.4823627083368304e-16,0.0,-2.0705312464563975e-17,-6.186671314134529e-16,3.369354795168532e-16
2pl,100,10000,-0.4,transposed_em_diagonal,sd_b,estimated,generating_population,all_returned,100,100,100,100,0.011211616727610476,0.0008533740361916498,0.012013149095302666,0.0007349917595897614,0.00019779682696579166,2.279458881079326e-05,0.014064025987098846,0.0008103863300488459,0.008533740361916498,0.8112116167276104,0.008533740361916498,0.7999999999999998,0.010843170844570371,-0.004430062562427603,0.02881159976785025
2pl,100,10000,-0.4,transposed_em_diagonal,sd_b,estimated,generating_population,rule_converged,100,100,100,100,0.011211616727610476,0.0008533740361916498,0.012013149095302666,0.0007349917595897614,0.00019779682696579166,2.279458881079326e-05,0.014064025987098846,0.0008103863300488459,0.008533740361916498,0.8112116167276104,0.008533740361916498,0.7999999999999998,0.010843170844570371,-0.004430062562427603,0.02881159976785025
2pl,100,10000,-0.4,transposed_em_diagonal,sd_b,estimated,realized_item_pool,all_returned,100,100,100,100,0.011046646083620389,0.0005687724936096588,0.011064275428653023,0.0005653005970267272,0.00015405510249597373,1.3852057698287858e-05,0.012411893590261468,0.0005580154872241396,0.005687724936096588,0.8112116167276104,0.008533740361916498,0.8001649706439901,0.010274403402090737,0.0013017509436040158,0.022449105186827127
2pl,100,10000,-0.4,transposed_em_diagonal,sd_b,estimated,realized_item_pool,rule_converged,100,100,100,100,0.011046646083620389,0.0005687724936096588,0.011064275428653023,0.0005653005970267272,0.00015405510249597373,1.3852057698287858e-05,0.012411893590261468,0.0005580154872241396,0.005687724936096588,0.8112116167276104,0.008533740361916498,0.8001649706439901,0.010274403402090737,0.0013017509436040158,0.022449105186827127
2pl,100,10000,-0.4,transposed_em_diagonal,sd_log_a,estimated,generating_population,all_returned,100,100,100,100,-0.02651055986094086,0.000513411618607851,0.02651055986094086,0.000513411618607851,0.0007289053416625599,2.544127338096678e-05,0.026998247010918318,0.00047116528289185063,0.00513411618607851,0.3234894401390591,0.005134116186078509,0.3500000000000001,-0.026651857015472624,-0.03573222306973704,-0.019163738354721814
2pl,100,10000,-0.4,transposed_em_diagonal,sd_log_a,estimated,generating_population,rule_converged,100,100,100,100,-0.02651055986094086,0.000513411618607851,0.02651055986094086,0.000513411618607851,0.0007289053416625599,2.544127338096678e-05,0.026998247010918318,0.00047116528289185063,0.00513411618607851,0.3234894401390591,0.005134116186078509,0.3500000000000001,-0.026651857015472624,-0.03573222306973704,-0.019163738354721814
2pl,100,10000,-0.4,transposed_em_diagonal,sd_log_a,estimated,realized_item_pool,all_returned,100,100,100,100,-0.026747675481279785,0.0004775701962032363,0.026747675481279785,0.0004775701962032363,0.0007380173995897141,2.407040292134756e-05,0.0271664756563989,0.0004430166655732158,0.004775701962032363,0.3234894401390591,0.005134116186078509,0.3502371156203389,-0.02679074553622779,-0.03628227097670074,-0.017982294590002047
2pl,100,10000,-0.4,transposed_em_diagonal,sd_log_a,estimated,realized_item_pool,rule_converged,100,100,100,100,-0.026747675481279785,0.0004775701962032363,0.026747675481279785,0.0004775701962032363,0.0007380173995897141,2.407040292134756e-05,0.0271664756563989,0.0004430166655732158,0.004775701962032363,0.3234894401390591,0.005134116186078509,0.3502371156203389,-0.02679074553622779,-0.03628227097670074,-0.017982294590002047
2pl,100,10000,-0.4,transposed_em_diagonal,variance_b,derived,generating_population,all_returned,100,100,100,100,0.01813638359114261,0.0013853015314940936,0.019413561101022266,0.0011977631851601352,0.0005189153827478949,6.0575250631397935e-05,0.02277971428152458,0.0013295875857522784,0.013853015314940936,0.6581363835911427,0.013853015314940938,0.6399999999999999,0.017466665164377504,-0.00706838500180407,0.04692890394409802
2pl,100,10000,-0.4,transposed_em_diagonal,variance_b,derived,generating_population,rule_converged,100,100,100,100,0.01813638359114261,0.0013853015314940936,0.019413561101022266,0.0011977631851601352,0.0005189153827478949,6.0575250631397935e-05,0.02277971428152458,0.0013295875857522784,0.013853015314940936,0.6581363835911427,0.013853015314940938,0.6399999999999999,0.017466665164377504,-0.00706838500180407,0.04692890394409802
2pl,100,10000,-0.4,transposed_em_diagonal,variance_b,derived,realized_item_pool,all_returned,100,100,100,100,0.01783833772460655,0.0009249265797500199,0.017866415116513264,0.000919436214365703,0.0004028997213920001,3.648258003380676e-05,0.020072362127861287,0.0009087764509580912,0.009249265797500199,0.6581363835911427,0.013853015314940938,0.6402980458665362,0.01657911963233405,0.002063582416026899,0.03622818964210893
2pl,100,10000,-0.4,transposed_em_diagonal,variance_b,derived,realized_item_pool,rule_converged,100,100,100,100,0.01783833772460655,0.0009249265797500199,0.017866415116513264,0.000919436214365703,0.0004028997213920001,3.648258003380676e-05,0.020072362127861287,0.0009087764509580912,0.009249265797500199,0.6581363835911427,0.013853015314940938,0.6402980458665362,0.01657911963233405,0.002063582416026899,0.03622818964210893
2pl,100,10000,-0.4,transposed_em_diagonal,variance_log_a,derived,generating_population,all_returned,100,100,100,100,-0.01782848656099608,0.0003347768274628828,0.01782848656099608,0.0003347768274628828,0.0003289504099520233,1.1045935659554242e-05,0.01813699010177883,0.0003045140234837225,0.003347768274628828,0.10467151343900392,0.003347768274628828,0.12250000000000005,-0.017945960144758952,-0.023735764377236835,-0.013047353459439045
2pl,100,10000,-0.4,transposed_em_diagonal,variance_log_a,derived,generating_population,rule_converged,100,100,100,100,-0.01782848656099608,0.0003347768274628828,0.01782848656099608,0.0003347768274628828,0.0003289504099520233,1.1045935659554242e-05,0.01813699010177883,0.0003045140234837225,0.003347768274628828,0.10467151343900392,0.003347768274628828,0.12250000000000005,-0.017945960144758952,-0.023735764377236835,-0.013047353459439045
2pl,100,10000,-0.4,transposed_em_diagonal,variance_log_a,derived,realized_item_pool,all_returned,100,100,100,100,-0.018000376931307432,0.0003131826335673642,0.018000376931307432,0.0003131826335673642,0.0003337238225039956,1.0541353170324111e-05,0.018268109439785924,0.0002885179006910865,0.0031318263356736424,0.10467151343900392,0.003347768274628828,0.12267189037031137,-0.01804572572835815,-0.024130173872873858,-0.012186803191913256
2pl,100,10000,-0.4,transposed_em_diagonal,variance_log_a,derived,realized_item_pool,rule_converged,100,100,100,100,-0.018000376931307432,0.0003131826335673642,0.018000376931307432,0.0003131826335673642,0.0003337238225039956,1.0541353170324111e-05,0.018268109439785924,0.0002885179006910865,0.0031318263356736424,0.10467151343900392,0.003347768274628828,0.12267189037031137,-0.01804572572835815,-0.024130173872873858,-0.012186803191913256
2pl,100,10000,0.0,transposed_em_correlated,corr_b_log_a,estimated,generating_population,all_returned,100,100,100,100,0.0012698435368326772,0.0014349825328312353,0.011900153967364402,0.0008031324421553613,0.0002054708146915797,2.5886819116366463e-05,0.014334253196158483,0.000902970624353978,0.014349825328312353,0.0012698435368326772,0.014349825328312353,0.0,0.0011864918971473998,-0.024736125435640785,0.026895355238462645
2pl,100,10000,0.0,transposed_em_correlated,corr_b_log_a,estimated,generating_population,rule_converged,100,100,100,100,0.0012698435368326772,0.0014349825328312353,0.011900153967364402,0.0008031324421553613,0.0002054708146915797,2.5886819116366463e-05,0.014334253196158483,0.000902970624353978,0.014349825328312353,0.0012698435368326772,0.014349825328312353,0.0,0.0011864918971473998,-0.024736125435640785,0.026895355238462645
2pl,100,10000,0.0,transposed_em_correlated,corr_b_log_a,estimated,realized_item_pool,all_returned,100,100,100,100,0.0007867211964336907,0.001001869762425557,0.008274365558368161,0.0005642941771019935,9.998948930631963e-05,1.1828647392208717e-05,0.00999947445150592,0.000591463453883185,0.010018697624255569,0.0012698435368326772,0.014349825328312353,0.0004831223403989863,0.0011702421331587498,-0.01784032317086172,0.0177030121782494
2pl,100,10000,0.0,transposed_em_correlated,corr_b_log_a,estimated,realized_item_pool,rule_converged,100,100,100,100,0.0007867211964336907,0.001001869762425557,0.008274365558368161,0.0005642941771019935,9.998948930631963e-05,1.1828647392208717e-05,0.00999947445150592,0.000591463453883185,0.010018697624255569,0.0012698435368326772,0.014349825328312353,0.0004831223403989863,0.0011702421331587498,-0.01784032317086172,0.0177030121782494
2pl,100,10000,0.0,transposed_em_correlated,cov_b_log_a,derived,generating_population,all_returned,100,100,100,100,0.000342377855641327,0.00038163572141194674,0.003166626949121525,0.00021340512340926277,1.453615915793764e-05,1.8346598035633233e-06,0.0038126315266410996,0.0002406028212723254,0.0038163572141194676,0.000342377855641327,0.0038163572141194676,0.0,0.00031830269702285004,-0.006549813353035848,0.007156197327909129
2pl,100,10000,0.0,transposed_em_correlated,cov_b_log_a,derived,generating_population,rule_converged,100,100,100,100,0.000342377855641327,0.00038163572141194674,0.003166626949121525,0.00021340512340926277,1.453615915793764e-05,1.8346598035633233e-06,0.0038126315266410996,0.0002406028212723254,0.0038163572141194676,0.000342377855641327,0.0038163572141194676,0.0,0.00031830269702285004,-0.006549813353035848,0.007156197327909129
2pl,100,10000,0.0,transposed_em_correlated,cov_b_log_a,derived,realized_item_pool,all_returned,100,100,100,100,0.0002021993788578625,0.000267721059658692,0.0021954797335898037,0.00015296845059610306,7.136666601503025e-06,8.513164088301706e-07,0.0026714540238422643,0.00015933577767618666,0.0026772105965869202,0.000342377855641327,0.0038163572141194676,0.00014017847678346451,0.00036868816620090015,-0.004876651056561608,0.004941485329603473
2pl,100,10000,0.0,transposed_em_correlated,cov_b_log_a,derived,realized_item_pool,rule_converged,100,100,100,100,0.0002021993788578625,0.000267721059658692,0.0021954797335898037,0.00015296845059610306,7.136666601503025e-06,8.513164088301706e-07,0.0026714540238422643,0.00015933577767618666,0.0026772105965869202,0.000342377855641327,0.0038163572141194676,0.00014017847678346451,0.00036868816620090015,-0.004876651056561608,0.004941485329603473
2pl,100,10000,0.0,transposed_em_correlated,mean_b,identification_constraint,generating_population,all_returned,100,100,100,100,0.0,0.0,0.0,0.0,0.0,0.0,0.0,0.0,0.0,0.0,0.0,0.0,0.0,0.0,0.0
2pl,100,10000,0.0,transposed_em_correlated,mean_b,identification_constraint,generating_population,rule_converged,100,100,100,100,0.0,0.0,0.0,0.0,0.0,0.0,0.0,0.0,0.0,0.0,0.0,0.0,0.0,0.0,0.0
2pl,100,10000,0.0,transposed_em_correlated,mean_log_a,identification_constraint,generating_population,all_returned,100,100,100,100,-1.5451473434069383e-17,2.194866196937077e-17,1.6928428103746288e-16,1.395310062469286e-17,4.793138049360832e-32,7.759665260739758e-33,2.1893236511216957e-16,1.7721603785635142e-17,2.194866196937077e-16,-1.5451473434069383e-17,2.194866196937077e-16,0.0,-1.0533240946131173e-17,-4.986937598983054e-16,4.180000789943961e-16
2pl,100,10000,0.0,transposed_em_correlated,mean_log_a,identification_constraint,generating_population,rule_converged,100,100,100,100,-1.5451473434069383e-17,2.194866196937077e-17,1.6928428103746288e-16,1.395310062469286e-17,4.793138049360832e-32,7.759665260739758e-33,2.1893236511216957e-16,1.7721603785635142e-17,2.194866196937077e-16,-1.5451473434069383e-17,2.194866196937077e-16,0.0,-1.0533240946131173e-17,-4.986937598983054e-16,4.180000789943961e-16
2pl,100,10000,0.0,transposed_em_correlated,sd_b,estimated,generating_population,all_returned,100,100,100,100,0.013921059332953067,0.0007240974068432663,0.014040210371447022,0.000700474399724196,0.00024570328135671674,2.2236983914799965e-05,0.015674925242460225,0.0007093170643826881,0.007240974068432662,0.8139210593329532,0.007240974068432661,0.7999999999999998,0.013616564511717277,0.0016520441527630467,0.02930661741706702
2pl,100,10000,0.0,transposed_em_correlated,sd_b,estimated,generating_population,rule_converged,100,100,100,100,0.013921059332953067,0.0007240974068432663,0.014040210371447022,0.000700474399724196,0.00024570328135671674,2.2236983914799965e-05,0.015674925242460225,0.0007093170643826881,0.007240974068432662,0.8139210593329532,0.007240974068432661,0.7999999999999998,0.013616564511717277,0.0016520441527630467,0.02930661741706702
2pl,100,10000,0.0,transposed_em_correlated,sd_b,estimated,realized_item_pool,all_returned,100,100,100,100,0.013738681341440056,0.0003414175259363073,0.013738681341440056,0.0003414175259363073,0.00020029139177626357,1.0192224535941428e-05,0.014152434129020477,0.000360087333494159,0.0034141752593630733,0.8139210593329532,0.007240974068432661,0.8001823779915128,0.013471524363188159,0.008250833708878158,0.020131377515279103
2pl,100,10000,0.0,transposed_em_correlated,sd_b,estimated,realized_item_pool,rule_converged,100,100,100,100,0.013738681341440056,0.0003414175259363073,0.013738681341440056,0.0003414175259363073,0.00020029139177626357,1.0192224535941428e-05,0.014152434129020477,0.000360087333494159,0.0034141752593630733,0.8139210593329532,0.007240974068432661,0.8001823779915128,0.013471524363188159,0.008250833708878158,0.020131377515279103
2pl,100,10000,0.0,transposed_em_correlated,sd_log_a,estimated,generating_population,all_returned,100,100,100,100,-0.022490329937373685,0.0005778167897788185,0.022902154134634322,0.00038085004204256893,0.0005388682927044066,1.734967863328901e-05,0.023213536841774168,0.0003736974410996951,0.005778167897788185,0.3275096700626263,0.005778167897788186,0.3500000000000001,-0.023042813035508064,-0.029637728575652465,-0.015145131384948897
2pl,100,10000,0.0,transposed_em_correlated,sd_log_a,estimated,generating_population,rule_converged,100,100,100,100,-0.022490329937373685,0.0005778167897788185,0.022902154134634322,0.00038085004204256893,0.0005388682927044066,1.734967863328901e-05,0.023213536841774168,0.0003736974410996951,0.005778167897788185,0.3275096700626263,0.005778167897788186,0.3500000000000001,-0.023042813035508064,-0.029637728575652465,-0.015145131384948897
2pl,100,10000,0.0,transposed_em_correlated,sd_log_a,estimated,realized_item_pool,all_returned,100,100,100,100,-0.022211253442616048,0.0005327019833491043,0.022584248213103324,0.0003391147275308707,0.0005214331483954658,1.5528602941286343e-05,0.022834910737628597,0.0003400189105118216,0.005327019833491043,0.3275096700626263,0.005778167897788186,0.3497209235052422,-0.022748822225310994,-0.030115521221737364,-0.015455169425429623
2pl,100,10000,0.0,transposed_em_correlated,sd_log_a,estimated,realized_item_pool,rule_converged,100,100,100,100,-0.022211253442616048,0.0005327019833491043,0.022584248213103324,0.0003391147275308707,0.0005214331483954658,1.5528602941286343e-05,0.022834910737628597,0.0003400189105118216,0.005327019833491043,0.3275096700626263,0.005778167897788186,0.3497209235052422,-0.022748822225310994,-0.030115521221737364,-0.015455169425429623
2pl,100,10000,0.0,transposed_em_correlated,variance_b,derived,generating_population,all_returned,100,100,100,100,0.02251939821408168,0.0011795779181385346,0.022709330027173295,0.001142205150921435,0.0006448722983554288,5.899162282332607e-05,0.02539433595027499,0.0011615114279585495,0.011795779181385345,0.6625193982140816,0.011795779181385345,0.6399999999999999,0.0219720197877995,0.0026465665766684165,0.04774970347615919
2pl,100,10000,0.0,transposed_em_correlated,variance_b,derived,generating_population,rule_converged,100,100,100,100,0.02251939821408168,0.0011795779181385346,0.022709330027173295,0.001142205150921435,0.0006448722983554288,5.899162282332607e-05,0.02539433595027499,0.0011615114279585495,0.011795779181385345,0.6625193982140816,0.011795779181385345,0.6399999999999999,0.0219720197877995,0.0026465665766684165,0.04774970347615919
2pl,100,10000,0.0,transposed_em_correlated,variance_b,derived,realized_item_pool,all_returned,100,100,100,100,0.022191028608176556,0.0005591232875817391,0.022191028608176556,0.0005591232875817391,0.0005233910169098153,2.7118405634711703e-05,0.022877740642594395,0.0005926810269066064,0.0055912328758173915,0.6625193982140816,0.011795779181385345,0.6403283696059051,0.02164332829668686,0.013221997227551168,0.0327276485477113
2pl,100,10000,0.0,transposed_em_correlated,variance_b,derived,realized_item_pool,rule_converged,100,100,100,100,0.022191028608176556,0.0005591232875817391,0.022191028608176556,0.0005591232875817391,0.0005233910169098153,2.7118405634711703e-05,0.022877740642594395,0.0005926810269066064,0.0055912328758173915,0.6625193982140816,0.011795779181385345,0.6403283696059051,0.02164332829668686,0.013221997227551168,0.0327276485477113
2pl,100,10000,0.0,transposed_em_correlated,variance_log_a,derived,generating_population,all_returned,100,100,100,100,-0.01520436266345721,0.0003924687120777135,0.01550111956001212,0.00024897920269674543,0.0002464217813079657,7.654405488219131e-06,0.015697827279848815,0.000243804615497491,0.003924687120777135,0.10729563733654278,0.003924687120777136,0.12250000000000005,-0.015598997891788598,-0.01986801231036252,-0.010371840484400147
2pl,100,10000,0.0,transposed_em_correlated,variance_log_a,derived,generating_population,rule_converged,100,100,100,100,-0.01520436266345721,0.0003924687120777135,0.01550111956001212,0.00024897920269674543,0.0002464217813079657,7.654405488219131e-06,0.015697827279848815,0.000243804615497491,0.003924687120777135,0.10729563733654278,0.003924687120777136,0.12250000000000005,-0.015598997891788598,-0.01986801231036252,-0.010371840484400147
2pl,100,10000,0.0,transposed_em_correlated,variance_log_a,derived,realized_item_pool,all_returned,100,100,100,100,-0.01501531133947232,0.00036384065880963487,0.015284812251066704,0.00022337429624850823,0.00023856519709658598,6.918041902360676e-06,0.01544555590118355,0.0002239492688583182,0.003638406588096349,0.10729563733654278,0.003924687120777136,0.1223109486760151,-0.015445936330914949,-0.020203942308587464,-0.01049707543896368
2pl,100,10000,0.0,transposed_em_correlated,variance_log_a,derived,realized_item_pool,rule_converged,100,100,100,100,-0.01501531133947232,0.00036384065880963487,0.015284812251066704,0.00022337429624850823,0.00023856519709658598,6.918041902360676e-06,0.01544555590118355,0.0002239492688583182,0.003638406588096349,0.10729563733654278,0.003924687120777136,0.1223109486760151,-0.015445936330914949,-0.020203942308587464,-0.01049707543896368
2pl,100,10000,0.0,transposed_em_diagonal,corr_b_log_a,fixed_restriction,generating_population,all_returned,100,100,100,100,0.0,0.0,0.0,0.0,0.0,0.0,0.0,0.0,0.0,0.0,0.0,0.0,0.0,0.0,0.0
2pl,100,10000,0.0,transposed_em_diagonal,corr_b_log_a,fixed_restriction,generating_population,rule_converged,100,100,100,100,0.0,0.0,0.0,0.0,0.0,0.0,0.0,0.0,0.0,0.0,0.0,0.0,0.0,0.0,0.0
2pl,100,10000,0.0,transposed_em_diagonal,corr_b_log_a,fixed_restriction,realized_item_pool,all_returned,100,100,100,100,-0.0004831223403989863,0.001054436042006243,0.00841149624406682,0.0006320708264345809,0.00011030510849728992,1.5148780457098387e-05,0.010502623886310026,0.0007211902768814057,0.01054436042006243,0.0,0.0,0.0004831223403989863,-0.00066596625767425,-0.01823932342295027,0.021158857920311105
2pl,100,10000,0.0,transposed_em_diagonal,corr_b_log_a,fixed_restriction,realized_item_pool,rule_converged,100,100,100,100,-0.0004831223403989863,0.001054436042006243,0.00841149624406682,0.0006320708264345809,0.00011030510849728992,1.5148780457098387e-05,0.010502623886310026,0.0007211902768814057,0.01054436042006243,0.0,0.0,0.0004831223403989863,-0.00066596625767425,-0.01823932342295027,0.021158857920311105
2pl,100,10000,0.0,transposed_em_diagonal,cov_b_log_a,fixed_restriction,generating_population,all_returned,100,100,100,100,0.0,0.0,0.0,0.0,0.0,0.0,0.0,0.0,0.0,0.0,0.0,0.0,0.0,0.0,0.0
2pl,100,10000,0.0,transposed_em_diagonal,cov_b_log_a,fixed_restriction,generating_population,rule_converged,100,100,100,100,0.0,0.0,0.0,0.0,0.0,0.0,0.0,0.0,0.0,0.0,0.0,0.0,0.0,0.0,0.0
2pl,100,10000,0.0,transposed_em_diagonal,cov_b_log_a,fixed_restriction,realized_item_pool,all_returned,100,100,100,100,-0.000140178476783457,0.0002948636051657533,0.0023533273189990573,0.00017664123757781596,8.62716002483651e-06,1.1799832573281836e-06,0.0029372027551458737,0.00020086853984814214,0.002948636051657533,0.0,0.0,0.000140178476783457,-0.00018361090576075,-0.005075598741160027,0.005930484036884458
2pl,100,10000,0.0,transposed_em_diagonal,cov_b_log_a,fixed_restriction,realized_item_pool,rule_converged,100,100,100,100,-0.000140178476783457,0.0002948636051657533,0.0023533273189990573,0.00017664123757781596,8.62716002483651e-06,1.1799832573281836e-06,0.0029372027551458737,0.00020086853984814214,0.002948636051657533,0.0,0.0,0.000140178476783457,-0.00018361090576075,-0.005075598741160027,0.005930484036884458
2pl,100,10000,0.0,transposed_em_diagonal,mean_b,identification_constraint,generating_population,all_returned,100,100,100,100,0.0,0.0,0.0,0.0,0.0,0.0,0.0,0.0,0.0,0.0,0.0,0.0,0.0,0.0,0.0
2pl,100,10000,0.0,transposed_em_diagonal,mean_b,identification_constraint,generating_population,rule_converged,100,100,100,100,0.0,0.0,0.0,0.0,0.0,0.0,0.0,0.0,0.0,0.0,0.0,0.0,0.0,0.0,0.0
2pl,100,10000,0.0,transposed_em_diagonal,mean_log_a,identification_constraint,generating_population,all_returned,100,100,100,100,-1.1448939019054196e-17,2.198055625800313e-17,1.7173756861055266e-16,1.3658395952714097e-17,4.796241869237485e-32,7.639142059197871e-33,2.1900323899973455e-16,1.7440705658255426e-17,2.198055625800313e-16,-1.1448939019054196e-17,2.198055625800313e-16,0.0,-1.1701750679549151e-17,-4.829837224606949e-16,4.351456001083772e-16
2pl,100,10000,0.0,transposed_em_diagonal,mean_log_a,identification_constraint,generating_population,rule_converged,100,100,100,100,-1.1448939019054196e-17,2.198055625800313e-17,1.7173756861055266e-16,1.3658395952714097e-17,4.796241869237485e-32,7.639142059197871e-33,2.1900323899973455e-16,1.7440705658255426e-17,2.198055625800313e-16,-1.1448939019054196e-17,2.198055625800313e-16,0.0,-1.1701750679549151e-17,-4.829837224606949e-16,4.351456001083772e-16
2pl,100,10000,0.0,transposed_em_diagonal,sd_b,estimated,generating_population,all_returned,100,100,100,100,0.013903490674400972,0.0007244527337499022,0.01402326205441462,0.0007007464913349258,0.0002452653975134877,2.2200628900372518e-05,0.01566095136042149,0.0007087892807226949,0.0072445273374990215,0.8139034906744009,0.007244527337499022,0.7999999999999998,0.013561642184109435,0.0016392911730162359,0.029245596279713078
2pl,100,10000,0.0,transposed_em_diagonal,sd_b,estimated,generating_population,rule_converged,100,100,100,100,0.013903490674400972,0.0007244527337499022,0.01402326205441462,0.0007007464913349258,0.0002452653975134877,2.2200628900372518e-05,0.01566095136042149,0.0007087892807226949,0.0072445273374990215,0.8139034906744009,0.007244527337499022,0.7999999999999998,0.013561642184109435,0.0016392911730162359,0.029245596279713078
2pl,100,10000,0.0,transposed_em_diagonal,sd_b,estimated,realized_item_pool,all_returned,100,100,100,100,0.013721112682887957,0.0003406293916155962,0.013721112682887957,0.0003406293916155962,0.0001997557431173175,1.0163342014530298e-05,0.014133497200527458,0.00035954802517493707,0.0034062939161559618,0.8139034906744009,0.007244527337499022,0.8001823779915128,0.013432156990290156,0.008301278459511582,0.020134750103099217
2pl,100,10000,0.0,transposed_em_diagonal,sd_b,estimated,realized_item_pool,rule_converged,100,100,100,100,0.013721112682887957,0.0003406293916155962,0.013721112682887957,0.0003406293916155962,0.0001997557431173175,1.0163342014530298e-05,0.014133497200527458,0.00035954802517493707,0.0034062939161559618,0.8139034906744009,0.007244527337499022,0.8001823779915128,0.013432156990290156,0.008301278459511582,0.020134750103099217
2pl,100,10000,0.0,transposed_em_diagonal,sd_log_a,estimated,generating_population,all_returned,100,100,100,100,-0.022506494498581983,0.000577527165638606,0.022917360874078564,0.00038081637797889815,0.0005395625196927066,1.7357069859602186e-05,0.02322848509250456,0.0003736160535325444,0.00577527165638606,0.327493505501418,0.00577527165638606,0.3500000000000001,-0.023068683151613895,-0.029609628031670852,-0.015179917023212605
2pl,100,10000,0.0,transposed_em_diagonal,sd_log_a,estimated,generating_population,rule_converged,100,100,100,100,-0.022506494498581983,0.000577527165638606,0.022917360874078564,0.00038081637797889815,0.0005395625196927066,1.7357069859602186e-05,0.02322848509250456,0.0003736160535325444,0.00577527165638606,0.327493505501418,0.00577527165638606,0.3500000000000001,-0.023068683151613895,-0.029609628031670852,-0.015179917023212605
2pl,100,10000,0.0,transposed_em_diagonal,sd_log_a,estimated,realized_item_pool,all_returned,100,100,100,100,-0.022227418003824342,0.0005318960132072064,0.02259945495254757,0.0003383138594517113,0.000522066534634441,1.549931049162028e-05,0.022848775342114967,0.0003391715805234402,0.0053189601320720635,0.327493505501418,0.00577527165638606,0.34972092350524236,-0.02275811581351636,-0.03011080221751974,-0.015512549033146014
2pl,100,10000,0.0,transposed_em_diagonal,sd_log_a,estimated,realized_item_pool,rule_converged,100,100,100,100,-0.022227418003824342,0.0005318960132072064,0.02259945495254757,0.0003383138594517113,0.000522066534634441,1.549931049162028e-05,0.022848775342114967,0.0003391715805234402,0.0053189601320720635,0.327493505501418,0.00577527165638606,0.34972092350524236,-0.02275811581351636,-0.03011080221751974,-0.015512549033146014
2pl,100,10000,0.0,transposed_em_diagonal,variance_b,derived,generating_population,all_returned,100,100,100,100,0.0224908504765551,0.0011801117493385144,0.022681767425403426,0.0011426068544970515,0.0006437120655105128,5.889080209884341e-05,0.02537148134245442,0.0011605708256439227,0.011801117493385143,0.6624908504765551,0.011801117493385143,0.6399999999999999,0.021882652841983596,0.0026261286144074,0.04764845838102354
2pl,100,10000,0.0,transposed_em_diagonal,variance_b,derived,generating_population,rule_converged,100,100,100,100,0.0224908504765551,0.0011801117493385144,0.022681767425403426,0.0011426068544970515,0.0006437120655105128,5.889080209884341e-05,0.02537148134245442,0.0011605708256439227,0.011801117493385143,0.6624908504765551,0.011801117493385143,0.6399999999999999,0.021882652841983596,0.0026261286144074,0.04764845838102354
2pl,100,10000,0.0,transposed_em_diagonal,variance_b,derived,realized_item_pool,all_returned,100,100,100,100,0.02216248087064998,0.0005578697971862254,0.02216248087064998,0.0005578697971862254,0.0005219862106925737,2.7042927810985545e-05,0.022847017544803824,0.0005918262144709565,0.0055786979718622535,0.6624908504765551,0.011801117493385143,0.6403283696059051,0.02166178992061124,0.013337319432489591,0.03273319673903615
2pl,100,10000,0.0,transposed_em_diagonal,variance_b,derived,realized_item_pool,rule_converged,100,100,100,100,0.02216248087064998,0.0005578697971862254,0.02216248087064998,0.0005578697971862254,0.0005219862106925737,2.7042927810985545e-05,0.022847017544803824,0.0005918262144709565,0.0055786979718622535,0.6624908504765551,0.011801117493385143,0.6403283696059051,0.02166178992061124,0.013337319432489591,0.03273319673903615
2pl,100,10000,0.0,transposed_em_diagonal,variance_log_a,derived,generating_population,all_returned,100,100,100,100,-0.015214983629314718,0.0003922383729520363,0.015511030651088008,0.00024893506844181937,0.0002467269700207048,7.656948921237513e-06,0.015707545002982,0.00024373474402855058,0.003922383729520363,0.10728501637068527,0.003922383729520363,0.12250000000000005,-0.015615913518242493,-0.019849996978468204,-0.010395174298887226
2pl,100,10000,0.0,transposed_em_diagonal,variance_log_a,derived,generating_population,rule_converged,100,100,100,100,-0.015214983629314718,0.0003922383729520363,0.015511030651088008,0.00024893506844181937,0.0002467269700207048,7.656948921237513e-06,0.015707545002982,0.00024373474402855058,0.003922383729520363,0.10728501637068527,0.003922383729520363,0.12250000000000005,-0.015615913518242493,-0.019849996978468204,-0.010395174298887226
2pl,100,10000,0.0,transposed_em_diagonal,variance_log_a,derived,realized_item_pool,all_returned,100,100,100,100,-0.015025932305329826,0.00036326929410868635,0.015294723342142592,0.00022280518636069542,0.00023884313506853465,6.9039745074743506e-06,0.015454550626547983,0.00022336380637346496,0.0036326929410868633,0.10728501637068527,0.003922383729520363,0.1223109486760151,-0.015444019885237248,-0.020208544483967552,-0.010493608772879148
2pl,100,10000,0.0,transposed_em_diagonal,variance_log_a,derived,realized_item_pool,rule_converged,100,100,100,100,-0.015025932305329826,0.00036326929410868635,0.015294723342142592,0.00022280518636069542,0.00023884313506853465,6.9039745074743506e-06,0.015454550626547983,0.00022336380637346496,0.0036326929410868633,0.10728501637068527,0.003922383729520363,0.1223109486760151,-0.015444019885237248,-0.020208544483967552,-0.010493608772879148
2pl,100,10000,0.4,transposed_em_correlated,corr_b_log_a,estimated,generating_population,all_returned,100,100,100,100,-0.04671440051429111,0.0011917802377638784,0.04671440051429111,0.0011917802377638784,0.0023228488887869297,0.00011579826989493974,0.04819594265897213,0.0012013279905563046,0.011917802377638785,0.3532855994857089,0.011917802377638781,0.3999999999999999,-0.04505386737871647,-0.07166740291577828,-0.025420867475530403
2pl,100,10000,0.4,transposed_em_correlated,corr_b_log_a,estimated,generating_population,rule_converged,100,100,100,100,-0.04671440051429111,0.0011917802377638784,0.04671440051429111,0.0011917802377638784,0.0023228488887869297,0.00011579826989493974,0.04819594265897213,0.0012013279905563046,0.011917802377638785,0.3532855994857089,0.011917802377638781,0.3999999999999999,-0.04505386737871647,-0.07166740291577828,-0.025420867475530403
2pl,100,10000,0.4,transposed_em_correlated,corr_b_log_a,estimated,realized_item_pool,all_returned,100,100,100,100,-0.04696532468670798,0.0010914093817226435,0.04696532468670798,0.0010914093817226435,0.002323667992340609,0.00010570450584413472,0.04820443955011415,0.0010964187824883073,0.010914093817226436,0.3532855994857089,0.011917802377638781,0.40025092417241687,-0.045896357414170336,-0.06838816017689632,-0.026063899745176526
2pl,100,10000,0.4,transposed_em_correlated,corr_b_log_a,estimated,realized_item_pool,rule_converged,100,100,100,100,-0.04696532468670798,0.0010914093817226435,0.04696532468670798,0.0010914093817226435,0.002323667992340609,0.00010570450584413472,0.04820443955011415,0.0010964187824883073,0.010914093817226436,0.3532855994857089,0.011917802377638781,0.40025092417241687,-0.045896357414170336,-0.06838816017689632,-0.026063899745176526
2pl,100,10000,0.4,transposed_em_correlated,cov_b_log_a,derived,generating_population,all_returned,100,100,100,100,-0.019344061782535397,0.00036359189190267603,0.019344061782535397,0.00036359189190267603,0.0003872804335684257,1.4230973725831104e-05,0.01967944190185346,0.00036156954543743427,0.00363591891902676,0.09265593821746462,0.00363591891902676,0.11200000000000003,-0.019079956651643165,-0.026283958002613943,-0.012286664284925254
2pl,100,10000,0.4,transposed_em_correlated,cov_b_log_a,derived,generating_population,rule_converged,100,100,100,100,-0.019344061782535397,0.00036359189190267603,0.019344061782535397,0.00036359189190267603,0.0003872804335684257,1.4230973725831104e-05,0.01967944190185346,0.00036156954543743427,0.00363591891902676,0.09265593821746462,0.00363591891902676,0.11200000000000003,-0.019079956651643165,-0.026283958002613943,-0.012286664284925254
2pl,100,10000,0.4,transposed_em_correlated,cov_b_log_a,derived,realized_item_pool,all_returned,100,100,100,100,-0.019607990761167676,0.0003106011060242535,0.019607990761167676,0.0003106011060242535,0.00039402413334932245,1.2412680671662713e-05,0.019850041142257677,0.0003126613336140153,0.003106011060242535,0.09265593821746462,0.00363591891902676,0.11226392897863229,-0.019599590590266752,-0.025827500330080536,-0.013565818715405081
2pl,100,10000,0.4,transposed_em_correlated,cov_b_log_a,derived,realized_item_pool,rule_converged,100,100,100,100,-0.019607990761167676,0.0003106011060242535,0.019607990761167676,0.0003106011060242535,0.00039402413334932245,1.2412680671662713e-05,0.019850041142257677,0.0003126613336140153,0.003106011060242535,0.09265593821746462,0.00363591891902676,0.11226392897863229,-0.019599590590266752,-0.025827500330080536,-0.013565818715405081
2pl,100,10000,0.4,transposed_em_correlated,mean_b,identification_constraint,generating_population,all_returned,100,100,100,100,0.0,0.0,0.0,0.0,0.0,0.0,0.0,0.0,0.0,0.0,0.0,0.0,0.0,0.0,0.0
2pl,100,10000,0.4,transposed_em_correlated,mean_b,identification_constraint,generating_population,rule_converged,100,100,100,100,0.0,0.0,0.0,0.0,0.0,0.0,0.0,0.0,0.0,0.0,0.0,0.0,0.0,0.0,0.0
2pl,100,10000,0.4,transposed_em_correlated,mean_log_a,identification_constraint,generating_population,all_returned,100,100,100,100,7.412884542312706e-18,2.0396568204503822e-17,1.5874603888355044e-16,1.2728963812239355e-17,4.1240930314814305e-32,7.011730289027043e-33,2.030786308669977e-16,1.7263584698921955e-17,2.0396568204503823e-16,7.412884542312706e-18,2.0396568204503823e-16,0.0,3.901740042167036e-18,-4.1153665544801934e-16,3.769886486315591e-16
2pl,100,10000,0.4,transposed_em_correlated,mean_log_a,identification_constraint,generating_population,rule_converged,100,100,100,100,7.412884542312706e-18,2.0396568204503822e-17,1.5874603888355044e-16,1.2728963812239355e-17,4.1240930314814305e-32,7.011730289027043e-33,2.030786308669977e-16,1.7263584698921955e-17,2.0396568204503823e-16,7.412884542312706e-18,2.0396568204503823e-16,0.0,3.901740042167036e-18,-4.1153665544801934e-16,3.769886486315591e-16
2pl,100,10000,0.4,transposed_em_correlated,sd_b,estimated,generating_population,all_returned,100,100,100,100,0.01049294164911872,0.000716441787223293,0.011039735338663622,0.0006279810741338717,0.00016091741906530116,1.5762035261359265e-05,0.012685322978359722,0.0006212705537040011,0.00716441787223293,0.8104929416491189,0.007164417872232929,0.7999999999999998,0.010434425494158739,-0.002724990326809626,0.02147387462797678
2pl,100,10000,0.4,transposed_em_correlated,sd_b,estimated,generating_population,rule_converged,100,100,100,100,0.01049294164911872,0.000716441787223293,0.011039735338663622,0.0006279810741338717,0.00016091741906530116,1.5762035261359265e-05,0.012685322978359722,0.0006212705537040011,0.00716441787223293,0.8104929416491189,0.007164417872232929,0.7999999999999998,0.010434425494158739,-0.002724990326809626,0.02147387462797678
2pl,100,10000,0.4,transposed_em_correlated,sd_b,estimated,realized_item_pool,all_returned,100,100,100,100,0.009738092138908291,0.0003558135842750353,0.009738092138908291,0.0003558135842750353,0.00010736416587457757,7.237776553132917e-06,0.01036166810289625,0.0003492573049656862,0.0035581358427503535,0.8104929416491189,0.007164417872232929,0.8007548495102106,0.009819780235277409,0.0034424403693390144,0.016369976789154642
2pl,100,10000,0.4,transposed_em_correlated,sd_b,estimated,realized_item_pool,rule_converged,100,100,100,100,0.009738092138908291,0.0003558135842750353,0.009738092138908291,0.0003558135842750353,0.00010736416587457757,7.237776553132917e-06,0.01036166810289625,0.0003492573049656862,0.0035581358427503535,0.8104929416491189,0.007164417872232929,0.8007548495102106,0.009819780235277409,0.0034424403693390144,0.016369976789154642
2pl,100,10000,0.4,transposed_em_correlated,sd_log_a,estimated,generating_population,all_returned,100,100,100,100,-0.026440149730222403,0.0003536791241783619,0.026440149730222403,0.0003536791241783619,0.0007114653211216576,1.8455169883075833e-05,0.0266733072775323,0.00034594828625959627,0.003536791241783619,0.3235598502697776,0.003536791241783619,0.3500000000000001,-0.02670472200293994,-0.032366692277220714,-0.019694539534887385
2pl,100,10000,0.4,transposed_em_correlated,sd_log_a,estimated,generating_population,rule_converged,100,100,100,100,-0.026440149730222403,0.0003536791241783619,0.026440149730222403,0.0003536791241783619,0.0007114653211216576,1.8455169883075833e-05,0.0266733072775323,0.00034594828625959627,0.003536791241783619,0.3235598502697776,0.003536791241783619,0.3500000000000001,-0.02670472200293994,-0.032366692277220714,-0.019694539534887385
2pl,100,10000,0.4,transposed_em_correlated,sd_log_a,estimated,realized_item_pool,all_returned,100,100,100,100,-0.026671381861795514,0.000282029800811899,0.026671381861795514,0.000282029800811899,0.0007192371504637688,1.4975843998499505e-05,0.026818597100962772,0.0002792063272758194,0.00282029800811899,0.3235598502697776,0.003536791241783619,0.35023123213157314,-0.026790945611301742,-0.031243925524806954,-0.021388413447099665
2pl,100,10000,0.4,transposed_em_correlated,sd_log_a,estimated,realized_item_pool,rule_converged,100,100,100,100,-0.026671381861795514,0.000282029800811899,0.026671381861795514,0.000282029800811899,0.0007192371504637688,1.4975843998499505e-05,0.026818597100962772,0.0002792063272758194,0.00282029800811899,0.3235598502697776,0.003536791241783619,0.35023123213157314,-0.026790945611301742,-0.031243925524806954,-0.021388413447099665
2pl,100,10000,0.4,transposed_em_correlated,variance_b,derived,generating_population,all_returned,100,100,100,100,0.016949624057655304,0.001160111112715385,0.017820322034068015,0.0010198326258431757,0.0004205296772865747,4.155871507109622e-05,0.020506820262697352,0.0010132900795617988,0.011601111127153849,0.6569496240576552,0.011601111127153849,0.6399999999999999,0.016803958263162888,-0.004352106816987114,0.03481933839372538
2pl,100,10000,0.4,transposed_em_correlated,variance_b,derived,generating_population,rule_converged,100,100,100,100,0.016949624057655304,0.001160111112715385,0.017820322034068015,0.0010198326258431757,0.0004205296772865747,4.155871507109622e-05,0.020506820262697352,0.0010132900795617988,0.011601111127153849,0.6569496240576552,0.011601111127153849,0.6399999999999999,0.016803958263162888,-0.004352106816987114,0.03481933839372538
2pl,100,10000,0.4,transposed_em_correlated,variance_b,derived,realized_item_pool,all_returned,100,100,100,100,0.01570052325459023,0.0005763127021352408,0.01570052325459023,0.0005763127021352408,0.0002793879272015283,1.89248504998526e-05,0.016714901351833587,0.0005661071549721287,0.005763127021352408,0.6569496240576552,0.011601111127153849,0.6412491008030651,0.015816070495254186,0.005514305164954061,0.026458064104204013
2pl,100,10000,0.4,transposed_em_correlated,variance_b,derived,realized_item_pool,rule_converged,100,100,100,100,0.01570052325459023,0.0005763127021352408,0.01570052325459023,0.0005763127021352408,0.0002793879272015283,1.89248504998526e-05,0.016714901351833587,0.0005661071549721287,0.005763127021352408,0.6569496240576552,0.011601111127153849,0.6412491008030651,0.015816070495254186,0.005514305164954061,0.026458064104204013
2pl,100,10000,0.4,transposed_em_correlated,variance_log_a,derived,generating_population,all_returned,100,100,100,100,-0.01779663949003407,0.00022921833703161968,0.01779663949003407,0.00022921833703161968,0.00032192194069536256,8.035384526754352e-06,0.017942183275603964,0.00022392437986295925,0.0022921833703161967,0.10470336050996593,0.0022921833703161967,0.12250000000000005,-0.017980162325191146,-0.02160893733762286,-0.013398290061765445
2pl,100,10000,0.4,transposed_em_correlated,variance_log_a,derived,generating_population,rule_converged,100,100,100,100,-0.01779663949003407,0.00022921833703161968,0.01779663949003407,0.00022921833703161968,0.00032192194069536256,8.035384526754352e-06,0.017942183275603964,0.00022392437986295925,0.0022921833703161967,0.10470336050996593,0.0022921833703161967,0.12250000000000005,-0.017980162325191146,-0.02160893733762286,-0.013398290061765445
2pl,100,10000,0.4,transposed_em_correlated,variance_log_a,derived,realized_item_pool,all_returned,100,100,100,100,-0.017964347588247408,0.00018449891726459377,0.017964347588247408,0.00018449891726459377,0.0003260877294680794,6.608885145849645e-06,0.018057899364767746,0.0001829915266540928,0.0018449891726459377,0.10470336050996593,0.0022921833703161967,0.12266770809821333,-0.0180157800533002,-0.021041283090118785,-0.014631911213710602
2pl,100,10000,0.4,transposed_em_correlated,variance_log_a,derived,realized_item_pool,rule_converged,100,100,100,100,-0.017964347588247408,0.00018449891726459377,0.017964347588247408,0.00018449891726459377,0.0003260877294680794,6.608885145849645e-06,0.018057899364767746,0.0001829915266540928,0.0018449891726459377,0.10470336050996593,0.0022921833703161967,0.12266770809821333,-0.0180157800533002,-0.021041283090118785,-0.014631911213710602
2pl,100,10000,0.4,transposed_em_diagonal,corr_b_log_a,fixed_restriction,generating_population,all_returned,100,100,100,100,-0.3999999999999999,1.1158161231197418e-17,0.3999999999999999,1.1158161231197418e-17,0.16000000000000006,2.7895403077993544e-18,0.4000000000000001,3.486925384749192e-18,1.1158161231197418e-16,0.0,0.0,0.3999999999999999,-0.4,-0.4,-0.4
2pl,100,10000,0.4,transposed_em_diagonal,corr_b_log_a,fixed_restriction,generating_population,rule_converged,100,100,100,100,-0.3999999999999999,1.1158161231197418e-17,0.3999999999999999,1.1158161231197418e-17,0.16000000000000006,2.7895403077993544e-18,0.4000000000000001,3.486925384749192e-18,1.1158161231197418e-16,0.0,0.0,0.3999999999999999,-0.4,-0.4,-0.4
2pl,100,10000,0.4,transposed_em_diagonal,corr_b_log_a,fixed_restriction,realized_item_pool,all_returned,100,100,100,100,-0.40025092417241687,0.000833430592030663,0.40025092417241687,0.000833430592030663,0.16026956834949535,0.0006667289090158846,0.40033681862838366,0.000832709955707049,0.00833430592030663,0.0,0.0,0.40025092417241687,-0.40029503407091577,-0.4155756380756485,-0.38586118589151236
2pl,100,10000,0.4,transposed_em_diagonal,corr_b_log_a,fixed_restriction,realized_item_pool,rule_converged,100,100,100,100,-0.40025092417241687,0.000833430592030663,0.40025092417241687,0.000833430592030663,0.16026956834949535,0.0006667289090158846,0.40033681862838366,0.000832709955707049,0.00833430592030663,0.0,0.0,0.40025092417241687,-0.40029503407091577,-0.4155756380756485,-0.38586118589151236
2pl,100,10000,0.4,transposed_em_diagonal,cov_b_log_a,fixed_restriction,generating_population,all_returned,100,100,100,100,-0.11200000000000003,1.3947701538996772e-18,0.11200000000000003,1.3947701538996772e-18,0.012544000000000007,3.486925384749193e-19,0.11200000000000003,1.5566631181916035e-18,1.3947701538996772e-17,0.0,0.0,0.11200000000000003,-0.11200000000000002,-0.11200000000000002,-0.11200000000000002
2pl,100,10000,0.4,transposed_em_diagonal,cov_b_log_a,fixed_restriction,generating_population,rule_converged,100,100,100,100,-0.11200000000000003,1.3947701538996772e-18,0.11200000000000003,1.3947701538996772e-18,0.012544000000000007,3.486925384749193e-19,0.11200000000000003,1.5566631181916035e-18,1.3947701538996772e-17,0.0,0.0,0.11200000000000003,-0.11200000000000002,-0.11200000000000002,-0.11200000000000002
2pl,100,10000,0.4,transposed_em_diagonal,cov_b_log_a,fixed_restriction,realized_item_pool,all_returned,100,100,100,100,-0.11226392897863235,0.00031651312526171396,0.11226392897863235,0.00031651312526171396,0.012613107625007242,7.112452132844537e-05,0.11230809242885056,0.00031664913805523045,0.0031651312526171397,0.0,0.0,0.11226392897863235,-0.1124297672674425,-0.11812122997672396,-0.10643204145858959
2pl,100,10000,0.4,transposed_em_diagonal,cov_b_log_a,fixed_restriction,realized_item_pool,rule_converged,100,100,100,100,-0.11226392897863235,0.00031651312526171396,0.11226392897863235,0.00031651312526171396,0.012613107625007242,7.112452132844537e-05,0.11230809242885056,0.00031664913805523045,0.0031651312526171397,0.0,0.0,0.11226392897863235,-0.1124297672674425,-0.11812122997672396,-0.10643204145858959
2pl,100,10000,0.4,transposed_em_diagonal,mean_b,identification_constraint,generating_population,all_returned,100,100,100,100,0.0,0.0,0.0,0.0,0.0,0.0,0.0,0.0,0.0,0.0,0.0,0.0,0.0,0.0,0.0
2pl,100,10000,0.4,transposed_em_diagonal,mean_b,identification_constraint,generating_population,rule_converged,100,100,100,100,0.0,0.0,0.0,0.0,0.0,0.0,0.0,0.0,0.0,0.0,0.0,0.0,0.0,0.0,0.0
2pl,100,10000,0.4,transposed_em_diagonal,mean_log_a,identification_constraint,generating_population,all_returned,100,100,100,100,1.2331656529251951e-17,2.2288502152007896e-17,1.6357493831664627e-16,1.5101095283471094e-17,4.933302524258146e-32,1.186040775803933e-32,2.2211038976729895e-16,2.6699353799849853e-17,2.2288502152007897e-16,1.2331656529251951e-17,2.2288502152007897e-16,0.0,-1.8665624601510446e-18,-3.2336015809431017e-16,4.794758340365124e-16
2pl,100,10000,0.4,transposed_em_diagonal,mean_log_a,identification_constraint,generating_population,rule_converged,100,100,100,100,1.2331656529251951e-17,2.2288502152007896e-17,1.6357493831664627e-16,1.5101095283471094e-17,4.933302524258146e-32,1.186040775803933e-32,2.2211038976729895e-16,2.6699353799849853e-17,2.2288502152007897e-16,1.2331656529251951e-17,2.2288502152007897e-16,0.0,-1.8665624601510446e-18,-3.2336015809431017e-16,4.794758340365124e-16
2pl,100,10000,0.4,transposed_em_diagonal,sd_b,estimated,generating_population,all_returned,100,100,100,100,0.012420375484821469,0.0008456769064966535,0.012809941570851741,0.0007847852290856575,0.00022506750077194737,2.4902561641670413e-05,0.015002249857003028,0.000829960901832532,0.008456769064966535,0.8124203754848215,0.008456769064966537,0.7999999999999998,0.012666614136862486,-0.0027497292020638303,0.02739002979361198
2pl,100,10000,0.4,transposed_em_diagonal,sd_b,estimated,generating_population,rule_converged,100,100,100,100,0.012420375484821469,0.0008456769064966535,0.012809941570851741,0.0007847852290856575,0.00022506750077194737,2.4902561641670413e-05,0.015002249857003028,0.000829960901832532,0.008456769064966535,0.8124203754848215,0.008456769064966537,0.7999999999999998,0.012666614136862486,-0.0027497292020638303,0.02739002979361198
2pl,100,10000,0.4,transposed_em_diagonal,sd_b,estimated,realized_item_pool,all_returned,100,100,100,100,0.011665525974611035,0.000567881396252852,0.011691180220130356,0.0005625271267583038,0.00016801093500512352,1.444107229128634e-05,0.01296190321693244,0.0005570583289196924,0.00567881396252852,0.8124203754848215,0.008456769064966537,0.8007548495102106,0.01244469991412106,0.0022977771921087464,0.023576385744166237
2pl,100,10000,0.4,transposed_em_diagonal,sd_b,estimated,realized_item_pool,rule_converged,100,100,100,100,0.011665525974611035,0.000567881396252852,0.011691180220130356,0.0005625271267583038,0.00016801093500512352,1.444107229128634e-05,0.01296190321693244,0.0005570583289196924,0.00567881396252852,0.8124203754848215,0.008456769064966537,0.8007548495102106,0.01244469991412106,0.0022977771921087464,0.023576385744166237
2pl,100,10000,0.4,transposed_em_diagonal,sd_log_a,estimated,generating_population,all_returned,100,100,100,100,-0.027033439610263662,0.00038438664667729707,0.027033439610263662,0.00038438664667729707,0.0007454344134820106,2.0599043044166325e-05,0.02730264480745429,0.0003772353042981075,0.0038438664667729706,0.3229665603897363,0.00384386646677297,0.3500000000000001,-0.02700944447927081,-0.03354779516153422,-0.01962689856949833
2pl,100,10000,0.4,transposed_em_diagonal,sd_log_a,estimated,generating_population,rule_converged,100,100,100,100,-0.027033439610263662,0.00038438664667729707,0.027033439610263662,0.00038438664667729707,0.0007454344134820106,2.0599043044166325e-05,0.02730264480745429,0.0003772353042981075,0.0038438664667729706,0.3229665603897363,0.00384386646677297,0.3500000000000001,-0.02700944447927081,-0.03354779516153422,-0.01962689856949833
2pl,100,10000,0.4,transposed_em_diagonal,sd_log_a,estimated,realized_item_pool,all_returned,100,100,100,100,-0.027264671741836787,0.0003196982892723631,0.027264671741836787,0.0003196982892723631,0.0007534808178103177,1.7331128833779854e-05,0.027449605057456066,0.0003156899488627113,0.003196982892723631,0.3229665603897363,0.00384386646677297,0.35023123213157314,-0.02749156535714753,-0.03275444667988005,-0.02072753952113586
2pl,100,10000,0.4,transposed_em_diagonal,sd_log_a,estimated,realized_item_pool,rule_converged,100,100,100,100,-0.027264671741836787,0.0003196982892723631,0.027264671741836787,0.0003196982892723631,0.0007534808178103177,1.7331128833779854e-05,0.027449605057456066,0.0003156899488627113,0.003196982892723631,0.3229665603897363,0.00384386646677297,0.35023123213157314,-0.02749156535714753,-0.03275444667988005,-0.02072753952113586
2pl,100,10000,0.4,transposed_em_diagonal,variance_b,derived,generating_population,all_returned,100,100,100,100,0.020097668276486357,0.001375482823156886,0.020718894411181212,0.0012789951517159356,0.0005912196168348503,6.638361049368842e-05,0.024315008057470396,0.0013650748199792004,0.013754828231568862,0.6600976682764863,0.013754828231568858,0.6399999999999999,0.02042702993967821,-0.004391981726936398,0.044574263108874745
2pl,100,10000,0.4,transposed_em_diagonal,variance_b,derived,generating_population,rule_converged,100,100,100,100,0.020097668276486357,0.001375482823156886,0.020718894411181212,0.0012789951517159356,0.0005912196168348503,6.638361049368842e-05,0.024315008057470396,0.0013650748199792004,0.013754828231568862,0.6600976682764863,0.013754828231568858,0.6399999999999999,0.02042702993967821,-0.004391981726936398,0.044574263108874745
2pl,100,10000,0.4,transposed_em_diagonal,variance_b,derived,realized_item_pool,all_returned,100,100,100,100,0.01884856747342129,0.0009234505850604707,0.018889547579470957,0.0009149533595488436,0.000439691833121919,3.8256740484692776e-05,0.020968830037031608,0.0009122287799827215,0.009234505850604707,0.6600976682764863,0.013754828231568858,0.6412491008030651,0.019960485986228516,0.003683400772935641,0.03792487427201549
2pl,100,10000,0.4,transposed_em_diagonal,variance_b,derived,realized_item_pool,rule_converged,100,100,100,100,0.01884856747342129,0.0009234505850604707,0.018889547579470957,0.0009149533595488436,0.000439691833121919,3.8256740484692776e-05,0.020968830037031608,0.0009122287799827215,0.009234505850604707,0.6600976682764863,0.013754828231568858,0.6412491008030651,0.019960485986228516,0.003683400772935641,0.03792487427201549
2pl,100,10000,0.4,transposed_em_diagonal,variance_log_a,derived,generating_population,all_returned,100,100,100,100,-0.018177973313702595,0.0002486168086736246,0.018177973313702595,0.0002486168086736246,0.0003365579352316345,8.9324678916627e-06,0.01834551539836465,0.00024345099327269254,0.002486168086736246,0.1043220266862974,0.0024861680867362458,0.12250000000000005,-0.018177100773738596,-0.022357995758903054,-0.013353581975726834
2pl,100,10000,0.4,transposed_em_diagonal,variance_log_a,derived,generating_population,rule_converged,100,100,100,100,-0.018177973313702595,0.0002486168086736246,0.018177973313702595,0.0002486168086736246,0.0003365579352316345,8.9324678916627e-06,0.01834551539836465,0.00024345099327269254,0.002486168086736246,0.1043220266862974,0.0024861680867362458,0.12250000000000005,-0.018177100773738596,-0.022357995758903054,-0.013353581975726834
2pl,100,10000,0.4,transposed_em_diagonal,variance_log_a,derived,realized_item_pool,all_returned,100,100,100,100,-0.018345681411915945,0.00020825282461137633,0.018345681411915945,0.00020825282461137633,0.00034085758112442134,7.5911455249104075e-06,0.018462328702642614,0.00020558472463508477,0.002082528246113763,0.1043220266862974,0.0024861680867362458,0.12266770809821334,-0.01849440291705045,-0.022007935693330063,-0.014216709885041286
2pl,100,10000,0.4,transposed_em_diagonal,variance_log_a,derived,realized_item_pool,rule_converged,100,100,100,100,-0.018345681411915945,0.00020825282461137633,0.018345681411915945,0.00020825282461137633,0.00034085758112442134,7.5911455249104075e-06,0.018462328702642614,0.00020558472463508477,0.002082528246113763,0.1043220266862974,0.0024861680867362458,0.12266770809821334,-0.01849440291705045,-0.022007935693330063,-0.014216709885041286
